scope,profile_id,surah_id,ayahs,tokens,types_plain,letters,marks,mean_tokens_per_ayah
numbered,plain,1,7,29,26,143,0,4.142857142857143
numbered,plain,2,286,6141,2278,26249,0,21.472027972027973
numbered,plain,3,200,3501,1469,14985,0,17.505
numbered,plain,4,176,3763,1513,16332,0,21.380681818181817
numbered,plain,5,120,2837,1249,12206,0,23.641666666666666
numbered,plain,6,165,3056,1364,12726,0,18.52121212121212
numbered,plain,7,206,3341,1558,14435,0,16.218446601941746
numbered,plain,8,75,1243,640,5387,0,16.573333333333334
numbered,plain,9,129,2505,1126,11115,0,19.41860465116279
numbered,plain,10,109,1839,888,7589,0,16.871559633027523
numbered,plain,11,123,1946,939,7817,0,15.821138211382113
numbered,plain,12,111,1795,925,7307,0,16.17117117117117
numbered,plain,13,43,854,510,3545,0,19.86046511627907
numbered,plain,14,52,830,507,3539,0,15.961538461538462
numbered,plain,15,99,657,432,2882,0,6.636363636363637
numbered,plain,16,128,1844,919,7832,0,14.40625
numbered,plain,17,111,1558,885,6643,0,14.036036036036036
numbered,plain,18,110,1583,917,6552,0,14.39090909090909
numbered,plain,19,98,971,589,3935,0,9.908163265306122
numbered,plain,20,135,1353,809,5399,0,10.022222222222222
numbered,plain,21,112,1174,678,5094,0,10.482142857142858
numbered,plain,22,78,1279,693,5314,0,16.397435897435898
numbered,plain,23,118,1052,622,4483,0,8.915254237288135
numbered,plain,24,64,1319,676,5754,0,20.609375
numbered,plain,25,77,896,574,3878,0,11.636363636363637
numbered,plain,26,227,1320,649,5630,0,5.814977973568282
numbered,plain,27,93,1159,679,4790,0,12.46236559139785
numbered,plain,28,88,1438,791,5930,0,16.34090909090909
numbered,plain,29,69,978,575,4317,0,14.173913043478262
numbered,plain,30,60,817,451,3472,0,13.616666666666667
numbered,plain,31,34,550,343,2171,0,16.176470588235293
numbered,plain,32,30,372,280,1563,0,12.4
numbered,plain,33,73,1303,688,5788,0,17.84931506849315
numbered,plain,34,54,884,514,3594,0,16.37037037037037
numbered,plain,35,45,778,482,3238,0,17.288888888888888
numbered,plain,36,83,730,457,3068,0,8.795180722891565
numbered,plain,37,182,865,535,3899,0,4.752747252747253
numbered,plain,38,88,735,478,3065,0,8.352272727272727
numbered,plain,39,75,1177,637,4869,0,15.693333333333333
numbered,plain,40,85,1226,665,5108,0,14.423529411764706
numbered,plain,41,54,794,513,3365,0,14.703703703703704
numbered,plain,42,53,860,462,3522,0,16.22641509433962
numbered,plain,43,89,836,544,3609,0,9.393258426966293
numbered,plain,44,59,346,243,1474,0,5.864406779661017
numbered,plain,45,37,488,314,2085,0,13.18918918918919
numbered,plain,46,35,645,417,2667,0,18.428571428571427
numbered,plain,47,38,542,340,2423,0,14.263157894736842
numbered,plain,48,29,560,362,2510,0,19.310344827586206
numbered,plain,49,18,353,217,1533,0,19.61111111111111
numbered,plain,50,45,373,280,1507,0,8.28888888888889
numbered,plain,51,60,360,265,1546,0,6.0
numbered,plain,52,49,312,236,1324,0,6.36734693877551
numbered,plain,53,62,360,247,1433,0,5.806451612903226
numbered,plain,54,55,342,231,1469,0,6.218181818181818
numbered,plain,55,78,352,179,1647,0,4.512820512820513
numbered,plain,56,96,379,271,1756,0,3.9479166666666665
numbered,plain,57,29,575,365,2545,0,19.82758620689655
numbered,plain,58,22,475,275,2046,0,21.59090909090909
numbered,plain,59,24,447,299,1970,0,18.625
numbered,plain,60,13,352,239,1560,0,27.076923076923077
numbered,plain,61,14,226,156,966,0,16.142857142857142
numbered,plain,62,11,177,133,768,0,16.09090909090909
numbered,plain,63,11,181,139,801,0,16.454545454545453
numbered,plain,64,18,242,183,1091,0,13.444444444444445
numbered,plain,65,12,289,205,1203,0,24.083333333333332
numbered,plain,66,12,254,197,1105,0,21.166666666666668
numbered,plain,67,30,333,224,1347,0,11.1
numbered,plain,68,52,301,228,1289,0,5.788461538461538
numbered,plain,69,52,260,203,1133,0,5.0
numbered,plain,70,44,217,177,971,0,4.931818181818182
numbered,plain,71,28,227,172,965,0,8.107142857142858
numbered,plain,72,28,286,201,1109,0,10.214285714285714
numbered,plain,73,20,200,158,854,0,10.0
numbered,plain,74,56,256,193,1035,0,4.571428571428571
numbered,plain,75,40,164,124,676,0,4.1
numbered,plain,76,31,243,196,1087,0,7.838709677419355
numbered,plain,77,50,181,129,841,0,3.62
numbered,plain,78,40,174,146,796,0,4.35
numbered,plain,79,46,179,154,785,0,3.891304347826087
numbered,plain,80,42,133,116,552,0,3.1666666666666665
numbered,plain,81,29,104,84,435,0,3.586206896551724
numbered,plain,82,19,81,63,333,0,4.2631578947368425
numbered,plain,83,36,169,118,750,0,4.694444444444445
numbered,plain,84,25,108,91,445,0,4.32
numbered,plain,85,22,109,97,469,0,4.954545454545454
numbered,plain,86,17,61,53,254,0,3.588235294117647
numbered,plain,87,19,72,67,296,0,3.789473684210526
numbered,plain,88,26,92,76,382,0,3.5384615384615383
numbered,plain,89,30,139,114,584,0,4.633333333333334
numbered,plain,90,20,82,70,342,0,4.1
numbered,plain,91,15,54,48,253,0,3.6
numbered,plain,92,21,71,59,314,0,3.380952380952381
numbered,plain,93,11,40,35,165,0,3.6363636363636362
numbered,plain,94,8,27,23,102,0,3.375
numbered,plain,95,8,34,34,162,0,4.25
numbered,plain,96,19,72,55,288,0,3.789473684210526
numbered,plain,97,5,30,25,115,0,6.0
numbered,plain,98,8,94,70,404,0,11.75
numbered,plain,99,8,36,29,158,0,4.5
numbered,plain,100,11,40,35,169,0,3.6363636363636362
numbered,plain,101,11,36,28,160,0,3.272727272727273
numbered,plain,102,8,28,20,123,0,3.5
numbered,plain,103,3,14,13,73,0,4.666666666666667
numbered,plain,104,9,33,31,134,0,3.6666666666666665
numbered,plain,105,5,23,22,97,0,4.6
numbered,plain,106,4,17,16,77,0,4.25
numbered,plain,107,7,25,22,114,0,3.5714285714285716
numbered,plain,108,3,10,10,43,0,3.3333333333333335
numbered,plain,109,6,27,18,99,0,4.5
numbered,plain,110,3,19,18,80,0,6.333333333333333
numbered,plain,111,5,23,22,81,0,4.6
numbered,plain,112,4,15,12,47,0,3.75
numbered,plain,113,5,23,17,73,0,4.6
numbered,plain,114,6,20,16,80,0,3.3333333333333335
