profile_id,scope,character,codepoint,kind,frequency,rank,share_all_token_codepoints,denominator_all_token_codepoints,cumulative_share,token_count,ayah_count,surah_count,first_token_id,last_token_id
raw,file,َ,U+064E,mark,121886,1,0.19908336001149884,612236,0.19908336001149884,69134,6235,114,1:1:2,114:6:3
raw,file,ِ,U+0650,mark,46642,2,0.07618304052685566,612236,0.2752664005383545,38000,6046,114,1:1:1,114:6:3
raw,file,ا,U+0627,letter,43875,3,0.07166354151013661,612236,0.3469299420484911,37418,6062,114,1:1:2,114:6:3
raw,file,ل,U+0644,letter,38639,4,0.06311128388399245,612236,0.41004122593248354,33048,5963,114,1:1:2,114:6:3
raw,file,ْ,U+0652,mark,37372,5,0.06104182047445756,612236,0.4710830464069411,31478,6007,114,1:1:1,114:6:2
raw,file,ُ,U+064F,mark,37320,6,0.060956885906741844,612236,0.532039932313683,29391,5867,114,1:2:1,114:5:4
raw,file,ن,U+0646,letter,27382,7,0.04472458333061107,612236,0.576764515644294,25882,5811,114,1:1:3,114:6:3
raw,file,م,U+0645,letter,27071,8,0.04421660928138822,612236,0.6209811249256822,25279,5763,114,1:1:1,114:6:1
raw,file,و,U+0648,letter,24813,9,0.04052848901404034,612236,0.6615096139397226,22225,5658,114,1:4:2,114:6:3
raw,file,ّ,U+0651,mark,23016,10,0.037593346356633715,612236,0.6991029602963563,22038,5657,114,1:1:2,114:6:3
raw,file,ي,U+064A,letter,22085,11,0.03607269092310808,612236,0.7351756512194644,21072,5642,114,1:1:4,114:5:3
raw,file,ه,U+0647,letter,14962,12,0.024438288503126245,612236,0.7596139397225906,14664,4968,114,1:1:2,114:3:1
raw,file,ر,U+0631,letter,12627,13,0.02062439974127624,612236,0.7802383394638669,12548,5011,114,1:1:3,114:5:4
raw,file,ب,U+0628,letter,11603,14,0.018951842100105188,612236,0.799190181563972,11273,4666,114,1:1:1,114:1:7
raw,file,ت,U+062A,letter,10520,15,0.017182916391718227,612236,0.8163730979556902,9835,4331,112,1:5:4,113:4:3
raw,file,ك,U+0643,letter,10497,16,0.017145349179074735,612236,0.833518447134765,10298,4397,111,1:4:1,114:2:1
raw,file,ع,U+0639,letter,9405,17,0.01536172325704467,612236,0.8488801703918097,9404,4390,112,1:2:4,114:1:6
raw,file,أ,U+0623,letter,9119,18,0.014894583134608223,612236,0.863774753526418,8998,4166,113,1:7:3,114:1:6
raw,file,ف,U+0641,letter,8747,19,0.014286974304026551,612236,0.8780617278304444,8561,4164,113,2:2:5,114:5:3
raw,file,ق,U+0642,letter,7034,20,0.011489033640622244,612236,0.8895507614710667,7020,3751,109,1:6:3,114:1:5
raw,file,س,U+0633,letter,6124,21,0.010002678705597188,612236,0.8995534401766639,6064,3489,114,1:1:1,114:6:3
raw,file,د,U+062F,letter,5991,22,0.009785442215093526,612236,0.9093388823917574,5824,3322,111,1:2:1,114:5:4
raw,file,إ,U+0625,letter,5108,23,0.008343187920997785,612236,0.9176820703127552,5108,3140,107,1:5:1,114:3:1
raw,file,ذ,U+0630,letter,4932,24,0.00805571707642151,612236,0.9257377873891767,4929,3140,109,1:7:2,114:5:1
raw,file,ح,U+062D,letter,4364,25,0.007127970259834443,612236,0.9328657576490111,4361,2776,114,1:1:3,114:1:4
raw,file,ً,U+064B,mark,3742,26,0.006112022161388745,612236,0.9389777798103999,3742,2348,99,2:2:6,112:4:4
raw,file,ٰ,U+0670,mark,3330,27,0.00543907904794883,612236,0.9444168588583487,3330,2445,114,1:1:3,114:3:1
raw,file,ج,U+062C,letter,3317,28,0.005417845406019901,612236,0.9498347042643687,3303,2287,106,2:16:8,114:6:2
raw,file,ٍ,U+064D,mark,2633,29,0.004300629169143925,612236,0.9541353334335125,2633,1702,104,2:17:15,113:5:3
raw,file,ى,U+0649,letter,2595,30,0.004238561600428593,612236,0.9583738950339412,2595,1928,99,2:2:6,111:3:1
raw,file,ٌ,U+064C,mark,2519,31,0.004114426462997929,612236,0.9624883214969391,2519,1545,99,2:6:4,112:4:5
raw,file,خ,U+062E,letter,2497,32,0.004078492607425895,612236,0.966566814104365,2497,1851,105,2:4:10,114:4:4
raw,file,ة,U+0629,letter,2344,33,0.0038285889754931103,612236,0.970395403079858,2344,1706,98,2:3:5,114:6:2
raw,file,ش,U+0634,letter,2124,34,0.0034692504197727674,612236,0.9738646534996309,2124,1605,100,2:7:9,114:4:2
raw,file,ص,U+0635,letter,2072,35,0.00338431585205705,612236,0.9772489693516879,2043,1605,107,1:6:2,114:5:4
raw,file,ض,U+0636,letter,1686,36,0.0027538400224749932,612236,0.980002809374163,1684,1296,97,1:7:6,107:3:2
raw,file,ز,U+0632,letter,1599,37,0.002611737957258312,612236,0.9826145473314212,1490,1217,97,2:3:7,104:1:8
raw,file,ء,U+0621,letter,1578,38,0.0025774374587577338,612236,0.985191984790179,1578,1243,93,2:6:4,110:1:6
raw,file,آ,U+0622,letter,1511,39,0.002468002534970175,612236,0.9876599873251491,1509,1286,90,2:4:10,106:4:5
raw,file,ث,U+062B,letter,1414,40,0.0023095668990389326,612236,0.9899695542241881,1377,1095,98,2:17:1,113:4:3
raw,file,ط,U+0637,letter,1273,41,0.002079263551963622,612236,0.9920488177761517,1270,1063,102,1:6:2,111:4:3
raw,file,غ,U+063A,letter,1221,42,0.0019943289842479046,612236,0.9940431467603996,1221,1023,99,1:7:5,113:3:3
raw,file,ئ,U+0626,letter,1182,43,0.0019306280584611164,612236,0.9959737748188607,1182,995,98,2:5:1,108:3:2
raw,file,ـ,U+0640,other,939,44,0.0015337222900972827,612236,0.997507497108958,939,846,114,1:1:3,114:3:1
raw,file,ظ,U+0638,letter,853,45,0.0013932535819520576,612236,0.99890075069091,853,745,86,2:7:12,94:3:3
raw,file,ؤ,U+0624,letter,673,46,0.0010992493090899588,612236,1.0,667,571,78,2:3:2,104:8:3
raw,numbered,َ,U+064E,mark,121438,1,0.19966721582632085,608202,0.19966721582632085,68798,6216,114,1:1:2,114:6:3
raw,numbered,ِ,U+0650,mark,45970,2,0.07558344102781642,608202,0.2752506568541373,37552,6019,114,1:1:1,114:6:3
raw,numbered,ا,U+0627,letter,43539,3,0.07158641372438762,608202,0.3468370705785249,37082,6046,114,1:1:2,114:6:3
raw,numbered,ل,U+0644,letter,38191,4,0.06279328249496055,608202,0.40963035307348544,32712,5951,114,1:1:2,114:6:3
raw,numbered,ُ,U+064F,mark,37320,5,0.061361192498544895,608202,0.4709915455720303,29391,5867,114,1:2:1,114:5:4
raw,numbered,ْ,U+0652,mark,37148,6,0.06107839171854088,608202,0.5320699372905712,31254,5981,114,1:1:1,114:6:2
raw,numbered,ن,U+0646,letter,27270,7,0.044837077155287224,608202,0.5769070144458585,25770,5751,114,1:1:3,114:6:3
raw,numbered,م,U+0645,letter,26735,8,0.043957435194228234,608202,0.6208644496400867,24943,5732,113,1:1:1,114:6:1
raw,numbered,و,U+0648,letter,24813,9,0.040797300896741544,608202,0.6616617505368282,22225,5658,114,1:4:2,114:6:3
raw,numbered,ّ,U+0651,mark,22678,10,0.037286954005412674,608202,0.6989487045422409,21700,5620,114,1:1:2,114:6:3
raw,numbered,ي,U+064A,letter,21973,11,0.036127799645512514,608202,0.7350765041877534,20960,5594,114,1:1:4,114:5:3
raw,numbered,ه,U+0647,letter,14850,12,0.0244162301340673,608202,0.7594927343218207,14552,4906,112,1:1:2,114:3:1
raw,numbered,ر,U+0631,letter,12403,13,0.020392895781335806,608202,0.7798856301031565,12324,4967,113,1:1:3,114:5:4
raw,numbered,ب,U+0628,letter,11491,14,0.018893393971081977,608202,0.7987790240742385,11161,4607,113,1:1:1,114:1:7
raw,numbered,ت,U+062A,letter,10520,15,0.017296884916524445,608202,0.816075908990763,9835,4331,112,1:5:4,113:4:3
raw,numbered,ك,U+0643,letter,10497,16,0.017259068533151813,608202,0.8333349775239147,10298,4397,111,1:4:1,114:2:1
raw,numbered,ع,U+0639,letter,9405,17,0.015463612418242623,608202,0.8487985899421574,9404,4390,112,1:2:4,114:1:6
raw,numbered,أ,U+0623,letter,9119,18,0.014993373911956882,608202,0.8637919638541143,8998,4166,113,1:7:3,114:1:6
raw,numbered,ف,U+0641,letter,8747,19,0.014381735015669136,608202,0.8781736988697834,8561,4164,113,2:2:5,114:5:3
raw,numbered,ق,U+0642,letter,7034,20,0.011565236549698949,608202,0.8897389354194823,7020,3751,109,1:6:3,114:1:5
raw,numbered,س,U+0633,letter,6012,21,0.009884873775489064,608202,0.8996238091949714,5952,3424,110,1:1:1,114:6:3
raw,numbered,د,U+062F,letter,5991,22,0.009850345773279272,608202,0.9094741549682507,5824,3322,111,1:2:1,114:5:4
raw,numbered,إ,U+0625,letter,5108,23,0.008398525489886583,608202,0.9178726804581373,5108,3140,107,1:5:1,114:3:1
raw,numbered,ذ,U+0630,letter,4932,24,0.008109147947556896,608202,0.9259818284056942,4929,3140,109,1:7:2,114:5:1
raw,numbered,ح,U+062D,letter,4140,25,0.006806949007073308,608202,0.9327887774127674,4137,2713,111,1:1:3,113:5:5
raw,numbered,ً,U+064B,mark,3742,26,0.006152561155668676,608202,0.9389413385684361,3742,2348,99,2:2:6,112:4:4
raw,numbered,ج,U+062C,letter,3317,27,0.00545378015856574,608202,0.9443951187270019,3303,2287,106,2:16:8,114:6:2
raw,numbered,ٰ,U+0670,mark,3218,28,0.005291005291005291,608202,0.9496861240180072,3218,2353,102,1:1:3,114:3:1
raw,numbered,ٍ,U+064D,mark,2633,29,0.004329153800875367,608202,0.9540152778188825,2633,1702,104,2:17:15,113:5:3
raw,numbered,ى,U+0649,letter,2595,30,0.0042666745587814576,608202,0.958281952377664,2595,1928,99,2:2:6,111:3:1
raw,numbered,ٌ,U+064C,mark,2519,31,0.004141716074593639,608202,0.9624236684522577,2519,1545,99,2:6:4,112:4:5
raw,numbered,خ,U+062E,letter,2497,32,0.004105543881802428,608202,0.9665292123340601,2497,1851,105,2:4:10,114:4:4
raw,numbered,ة,U+0629,letter,2344,33,0.0038539827228453705,608202,0.9703831950569054,2344,1706,98,2:3:5,114:6:2
raw,numbered,ش,U+0634,letter,2124,34,0.0034922607949332625,608202,0.9738754558518387,2124,1605,100,2:7:9,114:4:2
raw,numbered,ص,U+0635,letter,2072,35,0.0034067628846994914,608202,0.9772822187365382,2043,1605,107,1:6:2,114:5:4
raw,numbered,ض,U+0636,letter,1686,36,0.002772105320271883,608202,0.98005432405681,1684,1296,97,1:7:6,107:3:2
raw,numbered,ز,U+0632,letter,1599,37,0.002629060739688459,608202,0.9826833847964985,1490,1217,97,2:3:7,104:1:8
raw,numbered,ء,U+0621,letter,1578,38,0.0025945327374786668,608202,0.9852779175339772,1578,1243,93,2:6:4,110:1:6
raw,numbered,آ,U+0622,letter,1511,39,0.0024843719685236154,608202,0.9877622895025008,1509,1286,90,2:4:10,106:4:5
raw,numbered,ث,U+062B,letter,1414,40,0.002324885482126004,608202,0.9900871749846268,1377,1095,98,2:17:1,113:4:3
raw,numbered,ط,U+0637,letter,1273,41,0.002093054610145971,608202,0.9921802295947728,1270,1063,102,1:6:2,111:4:3
raw,numbered,غ,U+063A,letter,1221,42,0.0020075566999122004,608202,0.994187786294685,1221,1023,99,1:7:5,113:3:3
raw,numbered,ئ,U+0626,letter,1182,43,0.001943433267236872,608202,0.9961312195619219,1182,995,98,2:5:1,108:3:2
raw,numbered,ظ,U+0638,letter,853,44,0.0014024945659501283,608202,0.997533714127872,853,745,86,2:7:12,94:3:3
raw,numbered,ـ,U+0640,other,827,45,0.0013597456108332428,608202,0.9988934597387052,827,737,82,1:1:3,114:3:1
raw,numbered,ؤ,U+0624,letter,673,46,0.0011065402612947671,608202,1.0,667,571,78,2:3:2,104:8:3
nfc,file,َ,U+064E,mark,121886,1,0.19908336001149884,612236,0.19908336001149884,69134,6235,114,1:1:2,114:6:3
nfc,file,ِ,U+0650,mark,46642,2,0.07618304052685566,612236,0.2752664005383545,38000,6046,114,1:1:1,114:6:3
nfc,file,ا,U+0627,letter,43875,3,0.07166354151013661,612236,0.3469299420484911,37418,6062,114,1:1:2,114:6:3
nfc,file,ل,U+0644,letter,38639,4,0.06311128388399245,612236,0.41004122593248354,33048,5963,114,1:1:2,114:6:3
nfc,file,ْ,U+0652,mark,37372,5,0.06104182047445756,612236,0.4710830464069411,31478,6007,114,1:1:1,114:6:2
nfc,file,ُ,U+064F,mark,37320,6,0.060956885906741844,612236,0.532039932313683,29391,5867,114,1:2:1,114:5:4
nfc,file,ن,U+0646,letter,27382,7,0.04472458333061107,612236,0.576764515644294,25882,5811,114,1:1:3,114:6:3
nfc,file,م,U+0645,letter,27071,8,0.04421660928138822,612236,0.6209811249256822,25279,5763,114,1:1:1,114:6:1
nfc,file,و,U+0648,letter,24813,9,0.04052848901404034,612236,0.6615096139397226,22225,5658,114,1:4:2,114:6:3
nfc,file,ّ,U+0651,mark,23016,10,0.037593346356633715,612236,0.6991029602963563,22038,5657,114,1:1:2,114:6:3
nfc,file,ي,U+064A,letter,22085,11,0.03607269092310808,612236,0.7351756512194644,21072,5642,114,1:1:4,114:5:3
nfc,file,ه,U+0647,letter,14962,12,0.024438288503126245,612236,0.7596139397225906,14664,4968,114,1:1:2,114:3:1
nfc,file,ر,U+0631,letter,12627,13,0.02062439974127624,612236,0.7802383394638669,12548,5011,114,1:1:3,114:5:4
nfc,file,ب,U+0628,letter,11603,14,0.018951842100105188,612236,0.799190181563972,11273,4666,114,1:1:1,114:1:7
nfc,file,ت,U+062A,letter,10520,15,0.017182916391718227,612236,0.8163730979556902,9835,4331,112,1:5:4,113:4:3
nfc,file,ك,U+0643,letter,10497,16,0.017145349179074735,612236,0.833518447134765,10298,4397,111,1:4:1,114:2:1
nfc,file,ع,U+0639,letter,9405,17,0.01536172325704467,612236,0.8488801703918097,9404,4390,112,1:2:4,114:1:6
nfc,file,أ,U+0623,letter,9119,18,0.014894583134608223,612236,0.863774753526418,8998,4166,113,1:7:3,114:1:6
nfc,file,ف,U+0641,letter,8747,19,0.014286974304026551,612236,0.8780617278304444,8561,4164,113,2:2:5,114:5:3
nfc,file,ق,U+0642,letter,7034,20,0.011489033640622244,612236,0.8895507614710667,7020,3751,109,1:6:3,114:1:5
nfc,file,س,U+0633,letter,6124,21,0.010002678705597188,612236,0.8995534401766639,6064,3489,114,1:1:1,114:6:3
nfc,file,د,U+062F,letter,5991,22,0.009785442215093526,612236,0.9093388823917574,5824,3322,111,1:2:1,114:5:4
nfc,file,إ,U+0625,letter,5108,23,0.008343187920997785,612236,0.9176820703127552,5108,3140,107,1:5:1,114:3:1
nfc,file,ذ,U+0630,letter,4932,24,0.00805571707642151,612236,0.9257377873891767,4929,3140,109,1:7:2,114:5:1
nfc,file,ح,U+062D,letter,4364,25,0.007127970259834443,612236,0.9328657576490111,4361,2776,114,1:1:3,114:1:4
nfc,file,ً,U+064B,mark,3742,26,0.006112022161388745,612236,0.9389777798103999,3742,2348,99,2:2:6,112:4:4
nfc,file,ٰ,U+0670,mark,3330,27,0.00543907904794883,612236,0.9444168588583487,3330,2445,114,1:1:3,114:3:1
nfc,file,ج,U+062C,letter,3317,28,0.005417845406019901,612236,0.9498347042643687,3303,2287,106,2:16:8,114:6:2
nfc,file,ٍ,U+064D,mark,2633,29,0.004300629169143925,612236,0.9541353334335125,2633,1702,104,2:17:15,113:5:3
nfc,file,ى,U+0649,letter,2595,30,0.004238561600428593,612236,0.9583738950339412,2595,1928,99,2:2:6,111:3:1
nfc,file,ٌ,U+064C,mark,2519,31,0.004114426462997929,612236,0.9624883214969391,2519,1545,99,2:6:4,112:4:5
nfc,file,خ,U+062E,letter,2497,32,0.004078492607425895,612236,0.966566814104365,2497,1851,105,2:4:10,114:4:4
nfc,file,ة,U+0629,letter,2344,33,0.0038285889754931103,612236,0.970395403079858,2344,1706,98,2:3:5,114:6:2
nfc,file,ش,U+0634,letter,2124,34,0.0034692504197727674,612236,0.9738646534996309,2124,1605,100,2:7:9,114:4:2
nfc,file,ص,U+0635,letter,2072,35,0.00338431585205705,612236,0.9772489693516879,2043,1605,107,1:6:2,114:5:4
nfc,file,ض,U+0636,letter,1686,36,0.0027538400224749932,612236,0.980002809374163,1684,1296,97,1:7:6,107:3:2
nfc,file,ز,U+0632,letter,1599,37,0.002611737957258312,612236,0.9826145473314212,1490,1217,97,2:3:7,104:1:8
nfc,file,ء,U+0621,letter,1578,38,0.0025774374587577338,612236,0.985191984790179,1578,1243,93,2:6:4,110:1:6
nfc,file,آ,U+0622,letter,1511,39,0.002468002534970175,612236,0.9876599873251491,1509,1286,90,2:4:10,106:4:5
nfc,file,ث,U+062B,letter,1414,40,0.0023095668990389326,612236,0.9899695542241881,1377,1095,98,2:17:1,113:4:3
nfc,file,ط,U+0637,letter,1273,41,0.002079263551963622,612236,0.9920488177761517,1270,1063,102,1:6:2,111:4:3
nfc,file,غ,U+063A,letter,1221,42,0.0019943289842479046,612236,0.9940431467603996,1221,1023,99,1:7:5,113:3:3
nfc,file,ئ,U+0626,letter,1182,43,0.0019306280584611164,612236,0.9959737748188607,1182,995,98,2:5:1,108:3:2
nfc,file,ـ,U+0640,other,939,44,0.0015337222900972827,612236,0.997507497108958,939,846,114,1:1:3,114:3:1
nfc,file,ظ,U+0638,letter,853,45,0.0013932535819520576,612236,0.99890075069091,853,745,86,2:7:12,94:3:3
nfc,file,ؤ,U+0624,letter,673,46,0.0010992493090899588,612236,1.0,667,571,78,2:3:2,104:8:3
nfc,numbered,َ,U+064E,mark,121438,1,0.19966721582632085,608202,0.19966721582632085,68798,6216,114,1:1:2,114:6:3
nfc,numbered,ِ,U+0650,mark,45970,2,0.07558344102781642,608202,0.2752506568541373,37552,6019,114,1:1:1,114:6:3
nfc,numbered,ا,U+0627,letter,43539,3,0.07158641372438762,608202,0.3468370705785249,37082,6046,114,1:1:2,114:6:3
nfc,numbered,ل,U+0644,letter,38191,4,0.06279328249496055,608202,0.40963035307348544,32712,5951,114,1:1:2,114:6:3
nfc,numbered,ُ,U+064F,mark,37320,5,0.061361192498544895,608202,0.4709915455720303,29391,5867,114,1:2:1,114:5:4
nfc,numbered,ْ,U+0652,mark,37148,6,0.06107839171854088,608202,0.5320699372905712,31254,5981,114,1:1:1,114:6:2
nfc,numbered,ن,U+0646,letter,27270,7,0.044837077155287224,608202,0.5769070144458585,25770,5751,114,1:1:3,114:6:3
nfc,numbered,م,U+0645,letter,26735,8,0.043957435194228234,608202,0.6208644496400867,24943,5732,113,1:1:1,114:6:1
nfc,numbered,و,U+0648,letter,24813,9,0.040797300896741544,608202,0.6616617505368282,22225,5658,114,1:4:2,114:6:3
nfc,numbered,ّ,U+0651,mark,22678,10,0.037286954005412674,608202,0.6989487045422409,21700,5620,114,1:1:2,114:6:3
nfc,numbered,ي,U+064A,letter,21973,11,0.036127799645512514,608202,0.7350765041877534,20960,5594,114,1:1:4,114:5:3
nfc,numbered,ه,U+0647,letter,14850,12,0.0244162301340673,608202,0.7594927343218207,14552,4906,112,1:1:2,114:3:1
nfc,numbered,ر,U+0631,letter,12403,13,0.020392895781335806,608202,0.7798856301031565,12324,4967,113,1:1:3,114:5:4
nfc,numbered,ب,U+0628,letter,11491,14,0.018893393971081977,608202,0.7987790240742385,11161,4607,113,1:1:1,114:1:7
nfc,numbered,ت,U+062A,letter,10520,15,0.017296884916524445,608202,0.816075908990763,9835,4331,112,1:5:4,113:4:3
nfc,numbered,ك,U+0643,letter,10497,16,0.017259068533151813,608202,0.8333349775239147,10298,4397,111,1:4:1,114:2:1
nfc,numbered,ع,U+0639,letter,9405,17,0.015463612418242623,608202,0.8487985899421574,9404,4390,112,1:2:4,114:1:6
nfc,numbered,أ,U+0623,letter,9119,18,0.014993373911956882,608202,0.8637919638541143,8998,4166,113,1:7:3,114:1:6
nfc,numbered,ف,U+0641,letter,8747,19,0.014381735015669136,608202,0.8781736988697834,8561,4164,113,2:2:5,114:5:3
nfc,numbered,ق,U+0642,letter,7034,20,0.011565236549698949,608202,0.8897389354194823,7020,3751,109,1:6:3,114:1:5
nfc,numbered,س,U+0633,letter,6012,21,0.009884873775489064,608202,0.8996238091949714,5952,3424,110,1:1:1,114:6:3
nfc,numbered,د,U+062F,letter,5991,22,0.009850345773279272,608202,0.9094741549682507,5824,3322,111,1:2:1,114:5:4
nfc,numbered,إ,U+0625,letter,5108,23,0.008398525489886583,608202,0.9178726804581373,5108,3140,107,1:5:1,114:3:1
nfc,numbered,ذ,U+0630,letter,4932,24,0.008109147947556896,608202,0.9259818284056942,4929,3140,109,1:7:2,114:5:1
nfc,numbered,ح,U+062D,letter,4140,25,0.006806949007073308,608202,0.9327887774127674,4137,2713,111,1:1:3,113:5:5
nfc,numbered,ً,U+064B,mark,3742,26,0.006152561155668676,608202,0.9389413385684361,3742,2348,99,2:2:6,112:4:4
nfc,numbered,ج,U+062C,letter,3317,27,0.00545378015856574,608202,0.9443951187270019,3303,2287,106,2:16:8,114:6:2
nfc,numbered,ٰ,U+0670,mark,3218,28,0.005291005291005291,608202,0.9496861240180072,3218,2353,102,1:1:3,114:3:1
nfc,numbered,ٍ,U+064D,mark,2633,29,0.004329153800875367,608202,0.9540152778188825,2633,1702,104,2:17:15,113:5:3
nfc,numbered,ى,U+0649,letter,2595,30,0.0042666745587814576,608202,0.958281952377664,2595,1928,99,2:2:6,111:3:1
nfc,numbered,ٌ,U+064C,mark,2519,31,0.004141716074593639,608202,0.9624236684522577,2519,1545,99,2:6:4,112:4:5
nfc,numbered,خ,U+062E,letter,2497,32,0.004105543881802428,608202,0.9665292123340601,2497,1851,105,2:4:10,114:4:4
nfc,numbered,ة,U+0629,letter,2344,33,0.0038539827228453705,608202,0.9703831950569054,2344,1706,98,2:3:5,114:6:2
nfc,numbered,ش,U+0634,letter,2124,34,0.0034922607949332625,608202,0.9738754558518387,2124,1605,100,2:7:9,114:4:2
nfc,numbered,ص,U+0635,letter,2072,35,0.0034067628846994914,608202,0.9772822187365382,2043,1605,107,1:6:2,114:5:4
nfc,numbered,ض,U+0636,letter,1686,36,0.002772105320271883,608202,0.98005432405681,1684,1296,97,1:7:6,107:3:2
nfc,numbered,ز,U+0632,letter,1599,37,0.002629060739688459,608202,0.9826833847964985,1490,1217,97,2:3:7,104:1:8
nfc,numbered,ء,U+0621,letter,1578,38,0.0025945327374786668,608202,0.9852779175339772,1578,1243,93,2:6:4,110:1:6
nfc,numbered,آ,U+0622,letter,1511,39,0.0024843719685236154,608202,0.9877622895025008,1509,1286,90,2:4:10,106:4:5
nfc,numbered,ث,U+062B,letter,1414,40,0.002324885482126004,608202,0.9900871749846268,1377,1095,98,2:17:1,113:4:3
nfc,numbered,ط,U+0637,letter,1273,41,0.002093054610145971,608202,0.9921802295947728,1270,1063,102,1:6:2,111:4:3
nfc,numbered,غ,U+063A,letter,1221,42,0.0020075566999122004,608202,0.994187786294685,1221,1023,99,1:7:5,113:3:3
nfc,numbered,ئ,U+0626,letter,1182,43,0.001943433267236872,608202,0.9961312195619219,1182,995,98,2:5:1,108:3:2
nfc,numbered,ظ,U+0638,letter,853,44,0.0014024945659501283,608202,0.997533714127872,853,745,86,2:7:12,94:3:3
nfc,numbered,ـ,U+0640,other,827,45,0.0013597456108332428,608202,0.9988934597387052,827,737,82,1:1:3,114:3:1
nfc,numbered,ؤ,U+0624,letter,673,46,0.0011065402612947671,608202,1.0,667,571,78,2:3:2,104:8:3
plain,file,ا,U+0627,letter,43875,1,0.13182128188873232,332837,0.13182128188873232,37418,6062,114,1:1:2,114:6:3
plain,file,ل,U+0644,letter,38639,2,0.11608985779826161,332837,0.24791113968699394,33048,5963,114,1:1:2,114:6:3
plain,file,ن,U+0646,letter,27382,3,0.0822684977932141,332837,0.330179637480208,25882,5811,114,1:1:3,114:6:3
plain,file,م,U+0645,letter,27071,4,0.08133410648455551,332837,0.41151374396476353,25279,5763,114,1:1:1,114:6:1
plain,file,و,U+0648,letter,24813,5,0.07455000495738154,332837,0.4860637489221451,22225,5658,114,1:4:2,114:6:3
plain,file,ي,U+064A,letter,22085,6,0.0663538008094052,332837,0.5524175497315503,21072,5642,114,1:1:4,114:5:3
plain,file,ه,U+0647,letter,14962,7,0.04495293492009602,332837,0.5973704846516463,14664,4968,114,1:1:2,114:3:1
plain,file,ر,U+0631,letter,12627,8,0.037937488921003376,332837,0.6353079735726497,12548,5011,114,1:1:3,114:5:4
plain,file,ب,U+0628,letter,11603,9,0.034860907891850965,332837,0.6701688814645006,11273,4666,114,1:1:1,114:1:7
plain,file,ت,U+062A,letter,10520,10,0.03160706291668294,332837,0.7017759443811836,9835,4331,112,1:5:4,113:4:3
plain,file,ك,U+0643,letter,10497,11,0.031537960022473464,332837,0.7333139044036571,10298,4397,111,1:4:1,114:2:1
plain,file,ع,U+0639,letter,9405,12,0.0282570747843539,332837,0.761570979188011,9404,4390,112,1:2:4,114:1:6
plain,file,أ,U+0623,letter,9119,13,0.02739779531722735,332837,0.7889687745052383,8998,4166,113,1:7:3,114:1:6
plain,file,ف,U+0641,letter,8747,14,0.026280131115230577,332837,0.8152489056204689,8561,4164,113,2:2:5,114:5:3
plain,file,ق,U+0642,letter,7034,15,0.021133467733455116,332837,0.836382373353924,7020,3751,109,1:6:3,114:1:5
plain,file,س,U+0633,letter,6124,16,0.018399396701688813,332837,0.8547817700556128,6064,3489,114,1:1:1,114:6:3
plain,file,د,U+062F,letter,5991,17,0.017999801704738354,332837,0.8727815717603512,5824,3322,111,1:2:1,114:5:4
plain,file,إ,U+0625,letter,5108,18,0.01534685146182666,332837,0.8881284232221778,5108,3140,107,1:5:1,114:3:1
plain,file,ذ,U+0630,letter,4932,19,0.01481806409744109,332837,0.9029464873196189,4929,3140,109,1:7:2,114:5:1
plain,file,ح,U+062D,letter,4364,20,0.013111523057833113,332837,0.916058010377452,4361,2776,114,1:1:3,114:1:4
plain,file,ج,U+062C,letter,3317,21,0.009965839134471228,332837,0.9260238495119233,3303,2287,106,2:16:8,114:6:2
plain,file,ى,U+0649,letter,2595,22,0.007796609151025878,332837,0.9338204586629492,2595,1928,99,2:2:6,111:3:1
plain,file,خ,U+062E,letter,2497,23,0.007502170732220276,332837,0.9413226293951694,2497,1851,105,2:4:10,114:4:4
plain,file,ة,U+0629,letter,2344,24,0.007042486262044184,332837,0.9483651156572136,2344,1706,98,2:3:5,114:6:2
plain,file,ش,U+0634,letter,2124,25,0.006381502056562221,332837,0.9547466177137758,2124,1605,100,2:7:9,114:4:2
plain,file,ص,U+0635,letter,2072,26,0.006225269426175575,332837,0.9609718871399514,2043,1605,107,1:6:2,114:5:4
plain,file,ض,U+0636,letter,1686,27,0.005065542592920859,332837,0.9660374297328722,1684,1296,97,1:7:6,107:3:2
plain,file,ز,U+0632,letter,1599,28,0.004804153384389356,332837,0.9708415831172617,1490,1217,97,2:3:7,104:1:8
plain,file,ء,U+0621,letter,1578,29,0.004741059437502441,332837,0.975582642554764,1578,1243,93,2:6:4,110:1:6
plain,file,آ,U+0622,letter,1511,30,0.004539759702196571,332837,0.9801224022569606,1509,1286,90,2:4:10,106:4:5
plain,file,ث,U+062B,letter,1414,31,0.004248325757052251,332837,0.9843707280140128,1377,1095,98,2:17:1,113:4:3
plain,file,ط,U+0637,letter,1273,32,0.0038246949708115384,332837,0.9881954229848244,1270,1063,102,1:6:2,111:4:3
plain,file,غ,U+063A,letter,1221,33,0.0036684623404248926,332837,0.9918638853252493,1221,1023,99,1:7:5,113:3:3
plain,file,ئ,U+0626,letter,1182,34,0.0035512878676349086,332837,0.9954151731928842,1182,995,98,2:5:1,108:3:2
plain,file,ظ,U+0638,letter,853,35,0.0025628160330732463,332837,0.9979779892259575,853,745,86,2:7:12,94:3:3
plain,file,ؤ,U+0624,letter,673,36,0.0020220107740425495,332837,1.0,667,571,78,2:3:2,104:8:3
plain,numbered,ا,U+0627,letter,43539,1,0.13165350806902745,330709,0.13165350806902745,37082,6046,114,1:1:2,114:6:3
plain,numbered,ل,U+0644,letter,38191,2,0.11548219129204225,330709,0.2471356993610697,32712,5951,114,1:1:2,114:6:3
plain,numbered,ن,U+0646,letter,27270,3,0.0824592012917701,330709,0.3295949006528398,25770,5751,114,1:1:3,114:6:3
plain,numbered,م,U+0645,letter,26735,4,0.08084146485278598,330709,0.4104363655056258,24943,5732,113,1:1:1,114:6:1
plain,numbered,و,U+0648,letter,24813,5,0.07502970889815518,330709,0.485466074403781,22225,5658,114,1:4:2,114:6:3
plain,numbered,ي,U+064A,letter,21973,6,0.0664420986426133,330709,0.5519081730463943,20960,5594,114,1:1:4,114:5:3
plain,numbered,ه,U+0647,letter,14850,7,0.04490352545591442,330709,0.5968116985023086,14552,4906,112,1:1:2,114:3:1
plain,numbered,ر,U+0631,letter,12403,8,0.03750427112657956,330709,0.6343159696288883,12324,4967,113,1:1:3,114:5:4
plain,numbered,ب,U+0628,letter,11491,9,0.03474655966423654,330709,0.6690625292931248,11161,4607,113,1:1:1,114:1:7
plain,numbered,ت,U+062A,letter,10520,10,0.03181044362264105,330709,0.7008729729157658,9835,4331,112,1:5:4,113:4:3
plain,numbered,ك,U+0643,letter,10497,11,0.031740896074796875,330709,0.7326138689905627,10298,4397,111,1:4:1,114:2:1
plain,numbered,ع,U+0639,letter,9405,12,0.02843889945541246,330709,0.7610527684459751,9404,4390,112,1:2:4,114:1:6
plain,numbered,أ,U+0623,letter,9119,13,0.02757409081700226,330709,0.7886268592629774,8998,4166,113,1:7:3,114:1:6
plain,numbered,ف,U+0641,letter,8747,14,0.02644923482578339,330709,0.8150760940887608,8561,4164,113,2:2:5,114:5:3
plain,numbered,ق,U+0642,letter,7034,15,0.021269454414606193,330709,0.836345548503367,7020,3751,109,1:6:3,114:1:5
plain,numbered,س,U+0633,letter,6012,16,0.01817912424518232,330709,0.8545246727485494,5952,3424,110,1:1:1,114:6:3
plain,numbered,د,U+062F,letter,5991,17,0.01811562431019416,330709,0.8726402970587435,5824,3322,111,1:2:1,114:5:4
plain,numbered,إ,U+0625,letter,5108,18,0.015445603234263356,330709,0.8880859002930068,5108,3140,107,1:5:1,114:3:1
plain,numbered,ذ,U+0630,letter,4932,19,0.014913413302934,330709,0.9029993135959409,4929,3140,109,1:7:2,114:5:1
plain,numbered,ح,U+062D,letter,4140,20,0.012518558611951898,330709,0.9155178722078927,4137,2713,111,1:1:3,113:5:5
plain,numbered,ج,U+062C,letter,3317,21,0.010029965921701557,330709,0.9255478381295943,3303,2287,106,2:16:8,114:6:2
plain,numbered,ى,U+0649,letter,2595,22,0.007846777680679994,330709,0.9333946158102743,2595,1928,99,2:2:6,111:3:1
plain,numbered,خ,U+062E,letter,2497,23,0.007550444650735238,330709,0.9409450604610096,2497,1851,105,2:4:10,114:4:4
plain,numbered,ة,U+0629,letter,2344,24,0.00708780226725006,330709,0.9480328627282596,2344,1706,98,2:3:5,114:6:2
plain,numbered,ش,U+0634,letter,2124,25,0.006422564853088365,330709,0.9544554275813479,2124,1605,100,2:7:9,114:4:2
plain,numbered,ص,U+0635,letter,2072,26,0.006265326918831964,330709,0.9607207545001799,2043,1605,107,1:6:2,114:5:4
plain,numbered,ض,U+0636,letter,1686,27,0.00509813763762099,330709,0.9658188921378009,1684,1296,97,1:7:6,107:3:2
plain,numbered,ز,U+0632,letter,1599,28,0.00483506647838432,330709,0.9706539586161852,1490,1217,97,2:3:7,104:1:8
plain,numbered,ء,U+0621,letter,1578,29,0.004771566543396158,330709,0.9754255251595814,1578,1243,93,2:6:4,110:1:6
plain,numbered,آ,U+0622,letter,1511,30,0.004568971512719642,330709,0.979994496672301,1509,1286,90,2:4:10,106:4:5
plain,numbered,ث,U+062B,letter,1414,31,0.004275662289202895,330709,0.9842701589615039,1377,1095,98,2:17:1,113:4:3
plain,numbered,ط,U+0637,letter,1273,32,0.003849305582853808,330709,0.9881194645443577,1270,1063,102,1:6:2,111:4:3
plain,numbered,غ,U+063A,letter,1221,33,0.0036920676485974074,330709,0.9918115321929551,1221,1023,99,1:7:5,113:3:3
plain,numbered,ئ,U+0626,letter,1182,34,0.003574139197905107,330709,0.9953856713908602,1182,995,98,2:5:1,108:3:2
plain,numbered,ظ,U+0638,letter,853,35,0.002579306883090572,330709,0.9979649782739508,853,745,86,2:7:12,94:3:3
plain,numbered,ؤ,U+0624,letter,673,36,0.0020350217260491853,330709,1.0,667,571,78,2:3:2,104:8:3
search,file,ا,U+0627,letter,59613,1,0.17910568836998292,332837,0.17910568836998292,46189,6164,114,1:1:2,114:6:3
search,file,ل,U+0644,letter,38639,2,0.11608985779826161,332837,0.2951955461682445,33048,5963,114,1:1:2,114:6:3
search,file,ن,U+0646,letter,27382,3,0.0822684977932141,332837,0.3774640439614586,25882,5811,114,1:1:3,114:6:3
search,file,م,U+0645,letter,27071,4,0.08133410648455551,332837,0.45879815044601413,25279,5763,114,1:1:1,114:6:1
search,file,و,U+0648,letter,24813,5,0.07455000495738154,332837,0.5333481554033956,22225,5658,114,1:4:2,114:6:3
search,file,ي,U+064A,letter,24680,6,0.07415040996043108,332837,0.6074985653638267,23507,5780,114,1:1:4,114:5:3
search,file,ه,U+0647,letter,14962,7,0.04495293492009602,332837,0.6524515002839227,14664,4968,114,1:1:2,114:3:1
search,file,ر,U+0631,letter,12627,8,0.037937488921003376,332837,0.6903889892049261,12548,5011,114,1:1:3,114:5:4
search,file,ب,U+0628,letter,11603,9,0.034860907891850965,332837,0.7252498970967771,11273,4666,114,1:1:1,114:1:7
search,file,ت,U+062A,letter,10520,10,0.03160706291668294,332837,0.75685696001346,9835,4331,112,1:5:4,113:4:3
search,file,ك,U+0643,letter,10497,11,0.031537960022473464,332837,0.7883949200359335,10298,4397,111,1:4:1,114:2:1
search,file,ع,U+0639,letter,9405,12,0.0282570747843539,332837,0.8166519948202874,9404,4390,112,1:2:4,114:1:6
search,file,ف,U+0641,letter,8747,13,0.026280131115230577,332837,0.842932125935518,8561,4164,113,2:2:5,114:5:3
search,file,ق,U+0642,letter,7034,14,0.021133467733455116,332837,0.8640655936689731,7020,3751,109,1:6:3,114:1:5
search,file,س,U+0633,letter,6124,15,0.018399396701688813,332837,0.882464990370662,6064,3489,114,1:1:1,114:6:3
search,file,د,U+062F,letter,5991,16,0.017999801704738354,332837,0.9004647920754003,5824,3322,111,1:2:1,114:5:4
search,file,ذ,U+0630,letter,4932,17,0.01481806409744109,332837,0.9152828561728413,4929,3140,109,1:7:2,114:5:1
search,file,ح,U+062D,letter,4364,18,0.013111523057833113,332837,0.9283943792306745,4361,2776,114,1:1:3,114:1:4
search,file,ج,U+062C,letter,3317,19,0.009965839134471228,332837,0.9383602183651457,3303,2287,106,2:16:8,114:6:2
search,file,خ,U+062E,letter,2497,20,0.007502170732220276,332837,0.945862389097366,2497,1851,105,2:4:10,114:4:4
search,file,ة,U+0629,letter,2344,21,0.007042486262044184,332837,0.9529048753594102,2344,1706,98,2:3:5,114:6:2
search,file,ش,U+0634,letter,2124,22,0.006381502056562221,332837,0.9592863774159723,2124,1605,100,2:7:9,114:4:2
search,file,ص,U+0635,letter,2072,23,0.006225269426175575,332837,0.965511646842148,2043,1605,107,1:6:2,114:5:4
search,file,ض,U+0636,letter,1686,24,0.005065542592920859,332837,0.9705771894350688,1684,1296,97,1:7:6,107:3:2
search,file,ز,U+0632,letter,1599,25,0.004804153384389356,332837,0.9753813428194582,1490,1217,97,2:3:7,104:1:8
search,file,ء,U+0621,letter,1578,26,0.004741059437502441,332837,0.9801224022569606,1578,1243,93,2:6:4,110:1:6
search,file,ث,U+062B,letter,1414,27,0.004248325757052251,332837,0.9843707280140128,1377,1095,98,2:17:1,113:4:3
search,file,ط,U+0637,letter,1273,28,0.0038246949708115384,332837,0.9881954229848244,1270,1063,102,1:6:2,111:4:3
search,file,غ,U+063A,letter,1221,29,0.0036684623404248926,332837,0.9918638853252493,1221,1023,99,1:7:5,113:3:3
search,file,ئ,U+0626,letter,1182,30,0.0035512878676349086,332837,0.9954151731928842,1182,995,98,2:5:1,108:3:2
search,file,ظ,U+0638,letter,853,31,0.0025628160330732463,332837,0.9979779892259575,853,745,86,2:7:12,94:3:3
search,file,ؤ,U+0624,letter,673,32,0.0020220107740425495,332837,1.0,667,571,78,2:3:2,104:8:3
search,numbered,ا,U+0627,letter,59277,1,0.1792421736330127,330709,0.1792421736330127,45853,6149,114,1:1:2,114:6:3
search,numbered,ل,U+0644,letter,38191,2,0.11548219129204225,330709,0.29472436492505494,32712,5951,114,1:1:2,114:6:3
search,numbered,ن,U+0646,letter,27270,3,0.0824592012917701,330709,0.3771835662168251,25770,5751,114,1:1:3,114:6:3
search,numbered,م,U+0645,letter,26735,4,0.08084146485278598,330709,0.45802503106961107,24943,5732,113,1:1:1,114:6:1
search,numbered,و,U+0648,letter,24813,5,0.07502970889815518,330709,0.5330547399677662,22225,5658,114,1:4:2,114:6:3
search,numbered,ي,U+064A,letter,24568,6,0.07428887632329328,330709,0.6073436162910595,23395,5736,114,1:1:4,114:5:3
search,numbered,ه,U+0647,letter,14850,7,0.04490352545591442,330709,0.652247141746974,14552,4906,112,1:1:2,114:3:1
search,numbered,ر,U+0631,letter,12403,8,0.03750427112657956,330709,0.6897514128735535,12324,4967,113,1:1:3,114:5:4
search,numbered,ب,U+0628,letter,11491,9,0.03474655966423654,330709,0.72449797253779,11161,4607,113,1:1:1,114:1:7
search,numbered,ت,U+062A,letter,10520,10,0.03181044362264105,330709,0.7563084161604311,9835,4331,112,1:5:4,113:4:3
search,numbered,ك,U+0643,letter,10497,11,0.031740896074796875,330709,0.7880493122352279,10298,4397,111,1:4:1,114:2:1
search,numbered,ع,U+0639,letter,9405,12,0.02843889945541246,330709,0.8164882116906405,9404,4390,112,1:2:4,114:1:6
search,numbered,ف,U+0641,letter,8747,13,0.02644923482578339,330709,0.8429374465164238,8561,4164,113,2:2:5,114:5:3
search,numbered,ق,U+0642,letter,7034,14,0.021269454414606193,330709,0.86420690093103,7020,3751,109,1:6:3,114:1:5
search,numbered,س,U+0633,letter,6012,15,0.01817912424518232,330709,0.8823860251762123,5952,3424,110,1:1:1,114:6:3
search,numbered,د,U+062F,letter,5991,16,0.01811562431019416,330709,0.9005016494864064,5824,3322,111,1:2:1,114:5:4
search,numbered,ذ,U+0630,letter,4932,17,0.014913413302934,330709,0.9154150627893405,4929,3140,109,1:7:2,114:5:1
search,numbered,ح,U+062D,letter,4140,18,0.012518558611951898,330709,0.9279336214012924,4137,2713,111,1:1:3,113:5:5
search,numbered,ج,U+062C,letter,3317,19,0.010029965921701557,330709,0.9379635873229939,3303,2287,106,2:16:8,114:6:2
search,numbered,خ,U+062E,letter,2497,20,0.007550444650735238,330709,0.9455140319737292,2497,1851,105,2:4:10,114:4:4
search,numbered,ة,U+0629,letter,2344,21,0.00708780226725006,330709,0.9526018342409792,2344,1706,98,2:3:5,114:6:2
search,numbered,ش,U+0634,letter,2124,22,0.006422564853088365,330709,0.9590243990940676,2124,1605,100,2:7:9,114:4:2
search,numbered,ص,U+0635,letter,2072,23,0.006265326918831964,330709,0.9652897260128995,2043,1605,107,1:6:2,114:5:4
search,numbered,ض,U+0636,letter,1686,24,0.00509813763762099,330709,0.9703878636505205,1684,1296,97,1:7:6,107:3:2
search,numbered,ز,U+0632,letter,1599,25,0.00483506647838432,330709,0.9752229301289048,1490,1217,97,2:3:7,104:1:8
search,numbered,ء,U+0621,letter,1578,26,0.004771566543396158,330709,0.979994496672301,1578,1243,93,2:6:4,110:1:6
search,numbered,ث,U+062B,letter,1414,27,0.004275662289202895,330709,0.9842701589615039,1377,1095,98,2:17:1,113:4:3
search,numbered,ط,U+0637,letter,1273,28,0.003849305582853808,330709,0.9881194645443577,1270,1063,102,1:6:2,111:4:3
search,numbered,غ,U+063A,letter,1221,29,0.0036920676485974074,330709,0.9918115321929551,1221,1023,99,1:7:5,113:3:3
search,numbered,ئ,U+0626,letter,1182,30,0.003574139197905107,330709,0.9953856713908602,1182,995,98,2:5:1,108:3:2
search,numbered,ظ,U+0638,letter,853,31,0.002579306883090572,330709,0.9979649782739508,853,745,86,2:7:12,94:3:3
search,numbered,ؤ,U+0624,letter,673,32,0.0020350217260491853,330709,1.0,667,571,78,2:3:2,104:8:3
