profile_id,scope,frequency,types,token_mass
raw,file,1,11383,11383
raw,file,2,2817,5634
raw,file,3,1167,3501
raw,file,4,682,2728
raw,file,5,417,2085
raw,file,6,267,1602
raw,file,7,203,1421
raw,file,8,153,1224
raw,file,9,138,1242
raw,file,10,86,860
raw,file,11,86,946
raw,file,12,61,732
raw,file,13,61,793
raw,file,14,52,728
raw,file,15,60,900
raw,file,16,36,576
raw,file,17,25,425
raw,file,18,28,504
raw,file,19,33,627
raw,file,20,21,420
raw,file,21,18,378
raw,file,22,19,418
raw,file,23,20,460
raw,file,24,19,456
raw,file,25,16,400
raw,file,26,11,286
raw,file,27,15,405
raw,file,28,12,336
raw,file,29,11,319
raw,file,30,6,180
raw,file,31,13,403
raw,file,32,4,128
raw,file,33,8,264
raw,file,34,6,204
raw,file,35,10,350
raw,file,36,7,252
raw,file,37,12,444
raw,file,38,13,494
raw,file,39,3,117
raw,file,40,3,120
raw,file,41,5,205
raw,file,42,6,252
raw,file,43,4,172
raw,file,44,3,132
raw,file,45,4,180
raw,file,46,6,276
raw,file,47,9,423
raw,file,48,5,240
raw,file,49,6,294
raw,file,50,4,200
raw,file,51,4,204
raw,file,52,6,312
raw,file,53,3,159
raw,file,54,5,270
raw,file,55,5,275
raw,file,56,3,168
raw,file,57,6,342
raw,file,58,4,232
raw,file,59,5,295
raw,file,60,1,60
raw,file,61,1,61
raw,file,62,2,124
raw,file,63,3,189
raw,file,64,1,64
raw,file,65,2,130
raw,file,67,1,67
raw,file,68,1,68
raw,file,69,2,138
raw,file,70,6,420
raw,file,71,1,71
raw,file,72,2,144
raw,file,73,1,73
raw,file,74,3,222
raw,file,76,1,76
raw,file,77,3,231
raw,file,78,4,312
raw,file,79,1,79
raw,file,80,1,80
raw,file,81,4,324
raw,file,82,2,164
raw,file,83,4,332
raw,file,84,1,84
raw,file,85,1,85
raw,file,86,3,258
raw,file,89,1,89
raw,file,91,1,91
raw,file,92,1,92
raw,file,97,1,97
raw,file,98,1,98
raw,file,99,1,99
raw,file,100,1,100
raw,file,101,1,101
raw,file,102,1,102
raw,file,103,1,103
raw,file,104,1,104
raw,file,108,3,324
raw,file,110,1,110
raw,file,113,2,226
raw,file,115,1,115
raw,file,118,1,118
raw,file,119,2,238
raw,file,121,1,121
raw,file,122,1,122
raw,file,123,1,123
raw,file,127,1,127
raw,file,130,1,130
raw,file,131,1,131
raw,file,133,3,399
raw,file,139,1,139
raw,file,140,1,140
raw,file,141,1,141
raw,file,142,1,142
raw,file,143,1,143
raw,file,144,1,144
raw,file,147,1,147
raw,file,148,1,148
raw,file,149,2,298
raw,file,150,1,150
raw,file,152,1,152
raw,file,153,1,153
raw,file,156,2,312
raw,file,163,1,163
raw,file,166,1,166
raw,file,171,1,171
raw,file,175,1,175
raw,file,179,1,179
raw,file,182,1,182
raw,file,188,1,188
raw,file,189,1,189
raw,file,190,1,190
raw,file,195,1,195
raw,file,217,1,217
raw,file,218,1,218
raw,file,219,1,219
raw,file,226,1,226
raw,file,229,1,229
raw,file,238,1,238
raw,file,239,1,239
raw,file,241,1,241
raw,file,242,1,242
raw,file,250,1,250
raw,file,253,3,759
raw,file,263,1,263
raw,file,265,2,530
raw,file,268,1,268
raw,file,279,1,279
raw,file,281,1,281
raw,file,296,1,296
raw,file,323,1,323
raw,file,326,1,326
raw,file,337,1,337
raw,file,350,1,350
raw,file,412,2,824
raw,file,416,1,416
raw,file,428,1,428
raw,file,462,1,462
raw,file,592,1,592
raw,file,609,1,609
raw,file,646,1,646
raw,file,658,1,658
raw,file,662,1,662
raw,file,664,1,664
raw,file,733,1,733
raw,file,810,1,810
raw,file,831,1,831
raw,file,859,1,859
raw,file,940,1,940
raw,file,1184,1,1184
raw,numbered,1,11383,11383
raw,numbered,2,2816,5632
raw,numbered,3,1168,3504
raw,numbered,4,682,2728
raw,numbered,5,417,2085
raw,numbered,6,268,1608
raw,numbered,7,203,1421
raw,numbered,8,153,1224
raw,numbered,9,138,1242
raw,numbered,10,86,860
raw,numbered,11,86,946
raw,numbered,12,61,732
raw,numbered,13,61,793
raw,numbered,14,52,728
raw,numbered,15,60,900
raw,numbered,16,36,576
raw,numbered,17,25,425
raw,numbered,18,28,504
raw,numbered,19,33,627
raw,numbered,20,21,420
raw,numbered,21,19,399
raw,numbered,22,19,418
raw,numbered,23,20,460
raw,numbered,24,19,456
raw,numbered,25,16,400
raw,numbered,26,11,286
raw,numbered,27,15,405
raw,numbered,28,12,336
raw,numbered,29,11,319
raw,numbered,30,6,180
raw,numbered,31,13,403
raw,numbered,32,4,128
raw,numbered,33,8,264
raw,numbered,34,6,204
raw,numbered,35,10,350
raw,numbered,36,7,252
raw,numbered,37,12,444
raw,numbered,38,13,494
raw,numbered,39,3,117
raw,numbered,40,3,120
raw,numbered,41,5,205
raw,numbered,42,6,252
raw,numbered,43,4,172
raw,numbered,44,3,132
raw,numbered,45,4,180
raw,numbered,46,6,276
raw,numbered,47,9,423
raw,numbered,48,5,240
raw,numbered,49,6,294
raw,numbered,50,4,200
raw,numbered,51,4,204
raw,numbered,52,6,312
raw,numbered,53,3,159
raw,numbered,54,5,270
raw,numbered,55,5,275
raw,numbered,56,3,168
raw,numbered,57,6,342
raw,numbered,58,4,232
raw,numbered,59,5,295
raw,numbered,60,1,60
raw,numbered,61,1,61
raw,numbered,62,2,124
raw,numbered,63,3,189
raw,numbered,64,1,64
raw,numbered,65,2,130
raw,numbered,67,1,67
raw,numbered,68,1,68
raw,numbered,69,2,138
raw,numbered,70,6,420
raw,numbered,71,1,71
raw,numbered,72,2,144
raw,numbered,73,1,73
raw,numbered,74,3,222
raw,numbered,76,1,76
raw,numbered,77,3,231
raw,numbered,78,4,312
raw,numbered,79,1,79
raw,numbered,80,1,80
raw,numbered,81,4,324
raw,numbered,82,2,164
raw,numbered,83,4,332
raw,numbered,84,1,84
raw,numbered,85,1,85
raw,numbered,86,3,258
raw,numbered,89,1,89
raw,numbered,91,1,91
raw,numbered,92,1,92
raw,numbered,97,1,97
raw,numbered,98,1,98
raw,numbered,99,1,99
raw,numbered,100,1,100
raw,numbered,101,1,101
raw,numbered,102,1,102
raw,numbered,103,1,103
raw,numbered,104,1,104
raw,numbered,108,3,324
raw,numbered,110,1,110
raw,numbered,113,1,113
raw,numbered,115,1,115
raw,numbered,119,2,238
raw,numbered,121,1,121
raw,numbered,122,1,122
raw,numbered,123,1,123
raw,numbered,127,1,127
raw,numbered,130,1,130
raw,numbered,131,1,131
raw,numbered,133,2,266
raw,numbered,139,1,139
raw,numbered,140,1,140
raw,numbered,141,1,141
raw,numbered,142,1,142
raw,numbered,143,1,143
raw,numbered,144,1,144
raw,numbered,147,1,147
raw,numbered,148,1,148
raw,numbered,149,2,298
raw,numbered,150,1,150
raw,numbered,152,1,152
raw,numbered,153,1,153
raw,numbered,156,2,312
raw,numbered,163,1,163
raw,numbered,166,1,166
raw,numbered,171,1,171
raw,numbered,175,1,175
raw,numbered,179,1,179
raw,numbered,182,1,182
raw,numbered,188,1,188
raw,numbered,189,1,189
raw,numbered,190,1,190
raw,numbered,195,1,195
raw,numbered,217,1,217
raw,numbered,218,1,218
raw,numbered,219,1,219
raw,numbered,226,1,226
raw,numbered,229,1,229
raw,numbered,238,1,238
raw,numbered,239,1,239
raw,numbered,241,1,241
raw,numbered,242,1,242
raw,numbered,250,1,250
raw,numbered,253,3,759
raw,numbered,263,1,263
raw,numbered,265,2,530
raw,numbered,268,1,268
raw,numbered,279,1,279
raw,numbered,281,1,281
raw,numbered,296,1,296
raw,numbered,323,1,323
raw,numbered,326,1,326
raw,numbered,337,1,337
raw,numbered,350,1,350
raw,numbered,412,2,824
raw,numbered,416,1,416
raw,numbered,428,1,428
raw,numbered,462,1,462
raw,numbered,592,1,592
raw,numbered,609,1,609
raw,numbered,646,1,646
raw,numbered,658,1,658
raw,numbered,662,1,662
raw,numbered,664,1,664
raw,numbered,733,1,733
raw,numbered,810,1,810
raw,numbered,828,1,828
raw,numbered,831,1,831
raw,numbered,859,1,859
raw,numbered,1184,1,1184
nfc,file,1,11383,11383
nfc,file,2,2817,5634
nfc,file,3,1167,3501
nfc,file,4,682,2728
nfc,file,5,417,2085
nfc,file,6,267,1602
nfc,file,7,203,1421
nfc,file,8,153,1224
nfc,file,9,138,1242
nfc,file,10,86,860
nfc,file,11,86,946
nfc,file,12,61,732
nfc,file,13,61,793
nfc,file,14,52,728
nfc,file,15,60,900
nfc,file,16,36,576
nfc,file,17,25,425
nfc,file,18,28,504
nfc,file,19,33,627
nfc,file,20,21,420
nfc,file,21,18,378
nfc,file,22,19,418
nfc,file,23,20,460
nfc,file,24,19,456
nfc,file,25,16,400
nfc,file,26,11,286
nfc,file,27,15,405
nfc,file,28,12,336
nfc,file,29,11,319
nfc,file,30,6,180
nfc,file,31,13,403
nfc,file,32,4,128
nfc,file,33,8,264
nfc,file,34,6,204
nfc,file,35,10,350
nfc,file,36,7,252
nfc,file,37,12,444
nfc,file,38,13,494
nfc,file,39,3,117
nfc,file,40,3,120
nfc,file,41,5,205
nfc,file,42,6,252
nfc,file,43,4,172
nfc,file,44,3,132
nfc,file,45,4,180
nfc,file,46,6,276
nfc,file,47,9,423
nfc,file,48,5,240
nfc,file,49,6,294
nfc,file,50,4,200
nfc,file,51,4,204
nfc,file,52,6,312
nfc,file,53,3,159
nfc,file,54,5,270
nfc,file,55,5,275
nfc,file,56,3,168
nfc,file,57,6,342
nfc,file,58,4,232
nfc,file,59,5,295
nfc,file,60,1,60
nfc,file,61,1,61
nfc,file,62,2,124
nfc,file,63,3,189
nfc,file,64,1,64
nfc,file,65,2,130
nfc,file,67,1,67
nfc,file,68,1,68
nfc,file,69,2,138
nfc,file,70,6,420
nfc,file,71,1,71
nfc,file,72,2,144
nfc,file,73,1,73
nfc,file,74,3,222
nfc,file,76,1,76
nfc,file,77,3,231
nfc,file,78,4,312
nfc,file,79,1,79
nfc,file,80,1,80
nfc,file,81,4,324
nfc,file,82,2,164
nfc,file,83,4,332
nfc,file,84,1,84
nfc,file,85,1,85
nfc,file,86,3,258
nfc,file,89,1,89
nfc,file,91,1,91
nfc,file,92,1,92
nfc,file,97,1,97
nfc,file,98,1,98
nfc,file,99,1,99
nfc,file,100,1,100
nfc,file,101,1,101
nfc,file,102,1,102
nfc,file,103,1,103
nfc,file,104,1,104
nfc,file,108,3,324
nfc,file,110,1,110
nfc,file,113,2,226
nfc,file,115,1,115
nfc,file,118,1,118
nfc,file,119,2,238
nfc,file,121,1,121
nfc,file,122,1,122
nfc,file,123,1,123
nfc,file,127,1,127
nfc,file,130,1,130
nfc,file,131,1,131
nfc,file,133,3,399
nfc,file,139,1,139
nfc,file,140,1,140
nfc,file,141,1,141
nfc,file,142,1,142
nfc,file,143,1,143
nfc,file,144,1,144
nfc,file,147,1,147
nfc,file,148,1,148
nfc,file,149,2,298
nfc,file,150,1,150
nfc,file,152,1,152
nfc,file,153,1,153
nfc,file,156,2,312
nfc,file,163,1,163
nfc,file,166,1,166
nfc,file,171,1,171
nfc,file,175,1,175
nfc,file,179,1,179
nfc,file,182,1,182
nfc,file,188,1,188
nfc,file,189,1,189
nfc,file,190,1,190
nfc,file,195,1,195
nfc,file,217,1,217
nfc,file,218,1,218
nfc,file,219,1,219
nfc,file,226,1,226
nfc,file,229,1,229
nfc,file,238,1,238
nfc,file,239,1,239
nfc,file,241,1,241
nfc,file,242,1,242
nfc,file,250,1,250
nfc,file,253,3,759
nfc,file,263,1,263
nfc,file,265,2,530
nfc,file,268,1,268
nfc,file,279,1,279
nfc,file,281,1,281
nfc,file,296,1,296
nfc,file,323,1,323
nfc,file,326,1,326
nfc,file,337,1,337
nfc,file,350,1,350
nfc,file,412,2,824
nfc,file,416,1,416
nfc,file,428,1,428
nfc,file,462,1,462
nfc,file,592,1,592
nfc,file,609,1,609
nfc,file,646,1,646
nfc,file,658,1,658
nfc,file,662,1,662
nfc,file,664,1,664
nfc,file,733,1,733
nfc,file,810,1,810
nfc,file,831,1,831
nfc,file,859,1,859
nfc,file,940,1,940
nfc,file,1184,1,1184
nfc,numbered,1,11383,11383
nfc,numbered,2,2816,5632
nfc,numbered,3,1168,3504
nfc,numbered,4,682,2728
nfc,numbered,5,417,2085
nfc,numbered,6,268,1608
nfc,numbered,7,203,1421
nfc,numbered,8,153,1224
nfc,numbered,9,138,1242
nfc,numbered,10,86,860
nfc,numbered,11,86,946
nfc,numbered,12,61,732
nfc,numbered,13,61,793
nfc,numbered,14,52,728
nfc,numbered,15,60,900
nfc,numbered,16,36,576
nfc,numbered,17,25,425
nfc,numbered,18,28,504
nfc,numbered,19,33,627
nfc,numbered,20,21,420
nfc,numbered,21,19,399
nfc,numbered,22,19,418
nfc,numbered,23,20,460
nfc,numbered,24,19,456
nfc,numbered,25,16,400
nfc,numbered,26,11,286
nfc,numbered,27,15,405
nfc,numbered,28,12,336
nfc,numbered,29,11,319
nfc,numbered,30,6,180
nfc,numbered,31,13,403
nfc,numbered,32,4,128
nfc,numbered,33,8,264
nfc,numbered,34,6,204
nfc,numbered,35,10,350
nfc,numbered,36,7,252
nfc,numbered,37,12,444
nfc,numbered,38,13,494
nfc,numbered,39,3,117
nfc,numbered,40,3,120
nfc,numbered,41,5,205
nfc,numbered,42,6,252
nfc,numbered,43,4,172
nfc,numbered,44,3,132
nfc,numbered,45,4,180
nfc,numbered,46,6,276
nfc,numbered,47,9,423
nfc,numbered,48,5,240
nfc,numbered,49,6,294
nfc,numbered,50,4,200
nfc,numbered,51,4,204
nfc,numbered,52,6,312
nfc,numbered,53,3,159
nfc,numbered,54,5,270
nfc,numbered,55,5,275
nfc,numbered,56,3,168
nfc,numbered,57,6,342
nfc,numbered,58,4,232
nfc,numbered,59,5,295
nfc,numbered,60,1,60
nfc,numbered,61,1,61
nfc,numbered,62,2,124
nfc,numbered,63,3,189
nfc,numbered,64,1,64
nfc,numbered,65,2,130
nfc,numbered,67,1,67
nfc,numbered,68,1,68
nfc,numbered,69,2,138
nfc,numbered,70,6,420
nfc,numbered,71,1,71
nfc,numbered,72,2,144
nfc,numbered,73,1,73
nfc,numbered,74,3,222
nfc,numbered,76,1,76
nfc,numbered,77,3,231
nfc,numbered,78,4,312
nfc,numbered,79,1,79
nfc,numbered,80,1,80
nfc,numbered,81,4,324
nfc,numbered,82,2,164
nfc,numbered,83,4,332
nfc,numbered,84,1,84
nfc,numbered,85,1,85
nfc,numbered,86,3,258
nfc,numbered,89,1,89
nfc,numbered,91,1,91
nfc,numbered,92,1,92
nfc,numbered,97,1,97
nfc,numbered,98,1,98
nfc,numbered,99,1,99
nfc,numbered,100,1,100
nfc,numbered,101,1,101
nfc,numbered,102,1,102
nfc,numbered,103,1,103
nfc,numbered,104,1,104
nfc,numbered,108,3,324
nfc,numbered,110,1,110
nfc,numbered,113,1,113
nfc,numbered,115,1,115
nfc,numbered,119,2,238
nfc,numbered,121,1,121
nfc,numbered,122,1,122
nfc,numbered,123,1,123
nfc,numbered,127,1,127
nfc,numbered,130,1,130
nfc,numbered,131,1,131
nfc,numbered,133,2,266
nfc,numbered,139,1,139
nfc,numbered,140,1,140
nfc,numbered,141,1,141
nfc,numbered,142,1,142
nfc,numbered,143,1,143
nfc,numbered,144,1,144
nfc,numbered,147,1,147
nfc,numbered,148,1,148
nfc,numbered,149,2,298
nfc,numbered,150,1,150
nfc,numbered,152,1,152
nfc,numbered,153,1,153
nfc,numbered,156,2,312
nfc,numbered,163,1,163
nfc,numbered,166,1,166
nfc,numbered,171,1,171
nfc,numbered,175,1,175
nfc,numbered,179,1,179
nfc,numbered,182,1,182
nfc,numbered,188,1,188
nfc,numbered,189,1,189
nfc,numbered,190,1,190
nfc,numbered,195,1,195
nfc,numbered,217,1,217
nfc,numbered,218,1,218
nfc,numbered,219,1,219
nfc,numbered,226,1,226
nfc,numbered,229,1,229
nfc,numbered,238,1,238
nfc,numbered,239,1,239
nfc,numbered,241,1,241
nfc,numbered,242,1,242
nfc,numbered,250,1,250
nfc,numbered,253,3,759
nfc,numbered,263,1,263
nfc,numbered,265,2,530
nfc,numbered,268,1,268
nfc,numbered,279,1,279
nfc,numbered,281,1,281
nfc,numbered,296,1,296
nfc,numbered,323,1,323
nfc,numbered,326,1,326
nfc,numbered,337,1,337
nfc,numbered,350,1,350
nfc,numbered,412,2,824
nfc,numbered,416,1,416
nfc,numbered,428,1,428
nfc,numbered,462,1,462
nfc,numbered,592,1,592
nfc,numbered,609,1,609
nfc,numbered,646,1,646
nfc,numbered,658,1,658
nfc,numbered,662,1,662
nfc,numbered,664,1,664
nfc,numbered,733,1,733
nfc,numbered,810,1,810
nfc,numbered,828,1,828
nfc,numbered,831,1,831
nfc,numbered,859,1,859
nfc,numbered,1184,1,1184
plain,file,1,8708,8708
plain,file,2,2407,4814
plain,file,3,1015,3045
plain,file,4,618,2472
plain,file,5,400,2000
plain,file,6,288,1728
plain,file,7,195,1365
plain,file,8,130,1040
plain,file,9,118,1062
plain,file,10,100,1000
plain,file,11,86,946
plain,file,12,56,672
plain,file,13,52,676
plain,file,14,52,728
plain,file,15,39,585
plain,file,16,33,528
plain,file,17,35,595
plain,file,18,19,342
plain,file,19,24,456
plain,file,20,24,480
plain,file,21,17,357
plain,file,22,19,418
plain,file,23,20,460
plain,file,24,15,360
plain,file,25,11,275
plain,file,26,12,312
plain,file,27,12,324
plain,file,28,15,420
plain,file,29,15,435
plain,file,30,5,150
plain,file,31,12,372
plain,file,32,9,288
plain,file,33,9,297
plain,file,34,10,340
plain,file,35,9,315
plain,file,36,4,144
plain,file,37,6,222
plain,file,38,12,456
plain,file,39,4,156
plain,file,40,2,80
plain,file,41,10,410
plain,file,42,4,168
plain,file,43,6,258
plain,file,44,3,132
plain,file,45,4,180
plain,file,46,4,184
plain,file,47,9,423
plain,file,48,1,48
plain,file,49,3,147
plain,file,50,1,50
plain,file,51,7,357
plain,file,52,6,312
plain,file,53,1,53
plain,file,54,1,54
plain,file,55,3,165
plain,file,56,5,280
plain,file,57,5,285
plain,file,58,4,232
plain,file,59,4,236
plain,file,60,1,60
plain,file,61,5,305
plain,file,62,5,310
plain,file,63,5,315
plain,file,64,2,128
plain,file,65,3,195
plain,file,66,2,132
plain,file,67,2,134
plain,file,69,2,138
plain,file,70,1,70
plain,file,71,3,213
plain,file,72,3,216
plain,file,73,2,146
plain,file,74,2,148
plain,file,75,1,75
plain,file,76,1,76
plain,file,77,2,154
plain,file,78,2,156
plain,file,79,1,79
plain,file,80,4,320
plain,file,82,1,82
plain,file,83,3,249
plain,file,84,2,168
plain,file,85,2,170
plain,file,86,4,344
plain,file,87,2,174
plain,file,88,1,88
plain,file,90,1,90
plain,file,91,1,91
plain,file,94,2,188
plain,file,95,1,95
plain,file,99,1,99
plain,file,101,1,101
plain,file,102,2,204
plain,file,106,2,212
plain,file,107,1,107
plain,file,109,2,218
plain,file,111,3,333
plain,file,112,1,112
plain,file,113,1,113
plain,file,115,2,230
plain,file,116,3,348
plain,file,118,1,118
plain,file,119,1,119
plain,file,126,2,252
plain,file,127,2,254
plain,file,129,2,258
plain,file,130,1,130
plain,file,131,2,262
plain,file,133,1,133
plain,file,134,1,134
plain,file,137,1,137
plain,file,139,1,139
plain,file,142,1,142
plain,file,146,2,292
plain,file,147,1,147
plain,file,149,1,149
plain,file,150,2,300
plain,file,153,1,153
plain,file,156,2,312
plain,file,157,2,314
plain,file,163,1,163
plain,file,164,2,328
plain,file,165,1,165
plain,file,168,1,168
plain,file,171,1,171
plain,file,178,1,178
plain,file,182,2,364
plain,file,188,1,188
plain,file,189,1,189
plain,file,190,2,380
plain,file,214,1,214
plain,file,217,1,217
plain,file,220,1,220
plain,file,221,1,221
plain,file,223,1,223
plain,file,229,1,229
plain,file,240,1,240
plain,file,241,1,241
plain,file,245,1,245
plain,file,250,1,250
plain,file,254,1,254
plain,file,261,1,261
plain,file,263,1,263
plain,file,265,1,265
plain,file,268,1,268
plain,file,275,1,275
plain,file,280,2,560
plain,file,287,1,287
plain,file,294,1,294
plain,file,296,1,296
plain,file,323,1,323
plain,file,327,1,327
plain,file,337,1,337
plain,file,340,1,340
plain,file,342,1,342
plain,file,350,1,350
plain,file,373,1,373
plain,file,405,1,405
plain,file,416,1,416
plain,file,638,1,638
plain,file,646,1,646
plain,file,658,1,658
plain,file,664,1,664
plain,file,670,1,670
plain,file,810,1,810
plain,file,812,1,812
plain,file,966,1,966
plain,file,1013,1,1013
plain,file,1185,1,1185
plain,file,2265,1,2265
plain,file,2763,1,2763
plain,numbered,1,8708,8708
plain,numbered,2,2407,4814
plain,numbered,3,1016,3048
plain,numbered,4,618,2472
plain,numbered,5,400,2000
plain,numbered,6,288,1728
plain,numbered,7,195,1365
plain,numbered,8,130,1040
plain,numbered,9,118,1062
plain,numbered,10,100,1000
plain,numbered,11,86,946
plain,numbered,12,56,672
plain,numbered,13,52,676
plain,numbered,14,52,728
plain,numbered,15,39,585
plain,numbered,16,33,528
plain,numbered,17,35,595
plain,numbered,18,19,342
plain,numbered,19,24,456
plain,numbered,20,24,480
plain,numbered,21,17,357
plain,numbered,22,19,418
plain,numbered,23,20,460
plain,numbered,24,15,360
plain,numbered,25,11,275
plain,numbered,26,12,312
plain,numbered,27,12,324
plain,numbered,28,15,420
plain,numbered,29,15,435
plain,numbered,30,5,150
plain,numbered,31,12,372
plain,numbered,32,9,288
plain,numbered,33,9,297
plain,numbered,34,11,374
plain,numbered,35,9,315
plain,numbered,36,4,144
plain,numbered,37,6,222
plain,numbered,38,12,456
plain,numbered,39,4,156
plain,numbered,40,2,80
plain,numbered,41,10,410
plain,numbered,42,4,168
plain,numbered,43,6,258
plain,numbered,44,3,132
plain,numbered,45,5,225
plain,numbered,46,4,184
plain,numbered,47,9,423
plain,numbered,48,1,48
plain,numbered,49,3,147
plain,numbered,50,1,50
plain,numbered,51,7,357
plain,numbered,52,6,312
plain,numbered,53,1,53
plain,numbered,54,1,54
plain,numbered,55,3,165
plain,numbered,56,5,280
plain,numbered,57,5,285
plain,numbered,58,4,232
plain,numbered,59,4,236
plain,numbered,60,1,60
plain,numbered,61,5,305
plain,numbered,62,5,310
plain,numbered,63,5,315
plain,numbered,64,2,128
plain,numbered,65,3,195
plain,numbered,66,2,132
plain,numbered,67,2,134
plain,numbered,69,2,138
plain,numbered,70,1,70
plain,numbered,71,3,213
plain,numbered,72,3,216
plain,numbered,73,2,146
plain,numbered,74,2,148
plain,numbered,75,1,75
plain,numbered,76,1,76
plain,numbered,77,2,154
plain,numbered,78,2,156
plain,numbered,79,1,79
plain,numbered,80,4,320
plain,numbered,82,1,82
plain,numbered,83,3,249
plain,numbered,84,2,168
plain,numbered,85,2,170
plain,numbered,86,4,344
plain,numbered,87,2,174
plain,numbered,88,1,88
plain,numbered,90,1,90
plain,numbered,91,1,91
plain,numbered,94,2,188
plain,numbered,95,1,95
plain,numbered,99,1,99
plain,numbered,101,1,101
plain,numbered,102,2,204
plain,numbered,106,2,212
plain,numbered,107,1,107
plain,numbered,109,2,218
plain,numbered,111,3,333
plain,numbered,112,1,112
plain,numbered,113,1,113
plain,numbered,115,1,115
plain,numbered,116,3,348
plain,numbered,118,1,118
plain,numbered,119,1,119
plain,numbered,126,2,252
plain,numbered,127,2,254
plain,numbered,129,2,258
plain,numbered,130,1,130
plain,numbered,131,2,262
plain,numbered,133,1,133
plain,numbered,134,1,134
plain,numbered,137,1,137
plain,numbered,139,1,139
plain,numbered,142,1,142
plain,numbered,146,1,146
plain,numbered,147,1,147
plain,numbered,149,1,149
plain,numbered,150,2,300
plain,numbered,153,1,153
plain,numbered,156,2,312
plain,numbered,157,1,157
plain,numbered,163,1,163
plain,numbered,164,2,328
plain,numbered,165,1,165
plain,numbered,168,1,168
plain,numbered,171,1,171
plain,numbered,178,1,178
plain,numbered,182,2,364
plain,numbered,188,1,188
plain,numbered,189,1,189
plain,numbered,190,2,380
plain,numbered,214,1,214
plain,numbered,217,1,217
plain,numbered,220,1,220
plain,numbered,221,1,221
plain,numbered,223,1,223
plain,numbered,229,1,229
plain,numbered,240,1,240
plain,numbered,241,1,241
plain,numbered,245,1,245
plain,numbered,250,1,250
plain,numbered,254,1,254
plain,numbered,261,1,261
plain,numbered,263,1,263
plain,numbered,265,1,265
plain,numbered,268,1,268
plain,numbered,275,1,275
plain,numbered,280,2,560
plain,numbered,287,1,287
plain,numbered,294,1,294
plain,numbered,296,1,296
plain,numbered,323,1,323
plain,numbered,327,1,327
plain,numbered,337,1,337
plain,numbered,340,1,340
plain,numbered,342,1,342
plain,numbered,350,1,350
plain,numbered,373,1,373
plain,numbered,405,1,405
plain,numbered,416,1,416
plain,numbered,638,1,638
plain,numbered,646,1,646
plain,numbered,658,1,658
plain,numbered,664,1,664
plain,numbered,670,1,670
plain,numbered,810,1,810
plain,numbered,812,1,812
plain,numbered,966,1,966
plain,numbered,1013,1,1013
plain,numbered,1185,1,1185
plain,numbered,2153,1,2153
plain,numbered,2763,1,2763
search,file,1,8588,8588
search,file,2,2369,4738
search,file,3,1008,3024
search,file,4,619,2476
search,file,5,401,2005
search,file,6,279,1674
search,file,7,200,1400
search,file,8,129,1032
search,file,9,117,1053
search,file,10,93,930
search,file,11,87,957
search,file,12,59,708
search,file,13,54,702
search,file,14,49,686
search,file,15,32,480
search,file,16,32,512
search,file,17,39,663
search,file,18,21,378
search,file,19,25,475
search,file,20,24,480
search,file,21,19,399
search,file,22,16,352
search,file,23,21,483
search,file,24,16,384
search,file,25,10,250
search,file,26,12,312
search,file,27,10,270
search,file,28,15,420
search,file,29,16,464
search,file,30,5,150
search,file,31,11,341
search,file,32,9,288
search,file,33,7,231
search,file,34,11,374
search,file,35,9,315
search,file,36,4,144
search,file,37,5,185
search,file,38,13,494
search,file,39,6,234
search,file,40,2,80
search,file,41,10,410
search,file,42,4,168
search,file,43,5,215
search,file,44,4,176
search,file,45,5,225
search,file,46,4,184
search,file,47,9,423
search,file,48,1,48
search,file,49,3,147
search,file,51,7,357
search,file,52,5,260
search,file,53,2,106
search,file,54,1,54
search,file,55,3,165
search,file,56,5,280
search,file,57,5,285
search,file,58,4,232
search,file,59,5,295
search,file,60,2,120
search,file,61,5,305
search,file,62,5,310
search,file,63,4,252
search,file,64,2,128
search,file,65,3,195
search,file,66,1,66
search,file,67,2,134
search,file,69,1,69
search,file,70,1,70
search,file,71,3,213
search,file,72,3,216
search,file,73,2,146
search,file,74,2,148
search,file,75,1,75
search,file,76,1,76
search,file,77,2,154
search,file,78,1,78
search,file,79,1,79
search,file,80,4,320
search,file,82,1,82
search,file,83,3,249
search,file,84,3,252
search,file,85,2,170
search,file,86,4,344
search,file,87,2,174
search,file,88,1,88
search,file,90,1,90
search,file,91,1,91
search,file,94,2,188
search,file,95,1,95
search,file,101,1,101
search,file,102,2,204
search,file,104,1,104
search,file,106,2,212
search,file,107,1,107
search,file,109,2,218
search,file,111,3,333
search,file,112,1,112
search,file,115,2,230
search,file,116,3,348
search,file,118,1,118
search,file,119,1,119
search,file,126,2,252
search,file,127,2,254
search,file,129,2,258
search,file,130,1,130
search,file,131,1,131
search,file,132,1,132
search,file,133,1,133
search,file,134,1,134
search,file,137,1,137
search,file,139,1,139
search,file,142,1,142
search,file,146,2,292
search,file,149,1,149
search,file,150,2,300
search,file,153,1,153
search,file,156,1,156
search,file,157,2,314
search,file,161,1,161
search,file,163,1,163
search,file,164,2,328
search,file,165,1,165
search,file,170,1,170
search,file,171,2,342
search,file,178,1,178
search,file,182,2,364
search,file,188,1,188
search,file,189,1,189
search,file,190,2,380
search,file,214,1,214
search,file,217,1,217
search,file,220,1,220
search,file,221,1,221
search,file,222,1,222
search,file,223,1,223
search,file,229,1,229
search,file,240,1,240
search,file,241,1,241
search,file,245,1,245
search,file,250,1,250
search,file,261,1,261
search,file,263,1,263
search,file,265,1,265
search,file,268,1,268
search,file,275,1,275
search,file,280,2,560
search,file,287,1,287
search,file,294,1,294
search,file,296,1,296
search,file,323,1,323
search,file,327,1,327
search,file,333,1,333
search,file,337,1,337
search,file,340,1,340
search,file,342,1,342
search,file,350,1,350
search,file,373,1,373
search,file,416,1,416
search,file,430,1,430
search,file,646,1,646
search,file,658,1,658
search,file,686,1,686
search,file,763,1,763
search,file,810,1,810
search,file,812,1,812
search,file,1013,1,1013
search,file,1185,1,1185
search,file,1605,1,1605
search,file,2267,1,2267
search,file,2763,1,2763
search,numbered,1,8588,8588
search,numbered,2,2369,4738
search,numbered,3,1009,3027
search,numbered,4,619,2476
search,numbered,5,401,2005
search,numbered,6,279,1674
search,numbered,7,200,1400
search,numbered,8,129,1032
search,numbered,9,117,1053
search,numbered,10,93,930
search,numbered,11,87,957
search,numbered,12,59,708
search,numbered,13,54,702
search,numbered,14,49,686
search,numbered,15,32,480
search,numbered,16,32,512
search,numbered,17,39,663
search,numbered,18,21,378
search,numbered,19,25,475
search,numbered,20,24,480
search,numbered,21,19,399
search,numbered,22,16,352
search,numbered,23,21,483
search,numbered,24,16,384
search,numbered,25,10,250
search,numbered,26,12,312
search,numbered,27,10,270
search,numbered,28,15,420
search,numbered,29,16,464
search,numbered,30,5,150
search,numbered,31,11,341
search,numbered,32,9,288
search,numbered,33,7,231
search,numbered,34,12,408
search,numbered,35,9,315
search,numbered,36,4,144
search,numbered,37,5,185
search,numbered,38,13,494
search,numbered,39,6,234
search,numbered,40,2,80
search,numbered,41,10,410
search,numbered,42,4,168
search,numbered,43,5,215
search,numbered,44,4,176
search,numbered,45,6,270
search,numbered,46,4,184
search,numbered,47,9,423
search,numbered,48,1,48
search,numbered,49,3,147
search,numbered,51,7,357
search,numbered,52,5,260
search,numbered,53,2,106
search,numbered,54,1,54
search,numbered,55,3,165
search,numbered,56,5,280
search,numbered,57,5,285
search,numbered,58,4,232
search,numbered,59,5,295
search,numbered,60,2,120
search,numbered,61,5,305
search,numbered,62,5,310
search,numbered,63,4,252
search,numbered,64,2,128
search,numbered,65,3,195
search,numbered,66,1,66
search,numbered,67,2,134
search,numbered,69,1,69
search,numbered,70,1,70
search,numbered,71,3,213
search,numbered,72,3,216
search,numbered,73,2,146
search,numbered,74,2,148
search,numbered,75,1,75
search,numbered,76,1,76
search,numbered,77,2,154
search,numbered,78,1,78
search,numbered,79,1,79
search,numbered,80,4,320
search,numbered,82,1,82
search,numbered,83,3,249
search,numbered,84,3,252
search,numbered,85,2,170
search,numbered,86,4,344
search,numbered,87,2,174
search,numbered,88,1,88
search,numbered,90,1,90
search,numbered,91,1,91
search,numbered,94,2,188
search,numbered,95,1,95
search,numbered,101,1,101
search,numbered,102,2,204
search,numbered,104,1,104
search,numbered,106,2,212
search,numbered,107,1,107
search,numbered,109,2,218
search,numbered,111,3,333
search,numbered,112,1,112
search,numbered,115,1,115
search,numbered,116,3,348
search,numbered,118,1,118
search,numbered,119,1,119
search,numbered,126,2,252
search,numbered,127,2,254
search,numbered,129,2,258
search,numbered,130,1,130
search,numbered,131,1,131
search,numbered,132,1,132
search,numbered,133,1,133
search,numbered,134,1,134
search,numbered,137,1,137
search,numbered,139,1,139
search,numbered,142,1,142
search,numbered,146,1,146
search,numbered,149,1,149
search,numbered,150,2,300
search,numbered,153,1,153
search,numbered,156,1,156
search,numbered,157,1,157
search,numbered,161,1,161
search,numbered,163,1,163
search,numbered,164,2,328
search,numbered,165,1,165
search,numbered,170,1,170
search,numbered,171,2,342
search,numbered,178,1,178
search,numbered,182,2,364
search,numbered,188,1,188
search,numbered,189,1,189
search,numbered,190,2,380
search,numbered,214,1,214
search,numbered,217,1,217
search,numbered,220,1,220
search,numbered,221,1,221
search,numbered,222,1,222
search,numbered,223,1,223
search,numbered,229,1,229
search,numbered,240,1,240
search,numbered,241,1,241
search,numbered,245,1,245
search,numbered,250,1,250
search,numbered,261,1,261
search,numbered,263,1,263
search,numbered,265,1,265
search,numbered,268,1,268
search,numbered,275,1,275
search,numbered,280,2,560
search,numbered,287,1,287
search,numbered,294,1,294
search,numbered,296,1,296
search,numbered,323,1,323
search,numbered,327,1,327
search,numbered,333,1,333
search,numbered,337,1,337
search,numbered,340,1,340
search,numbered,342,1,342
search,numbered,350,1,350
search,numbered,373,1,373
search,numbered,416,1,416
search,numbered,430,1,430
search,numbered,646,1,646
search,numbered,658,1,658
search,numbered,686,1,686
search,numbered,763,1,763
search,numbered,810,1,810
search,numbered,812,1,812
search,numbered,1013,1,1013
search,numbered,1185,1,1185
search,numbered,1605,1,1605
search,numbered,2155,1,2155
search,numbered,2763,1,2763
