verse_id,surah_id,ayah_id,raw_text,kind,excluded_tokens_numbered
1:1,1,1,بِسْمِ اللَّهِ الرَّحْمَـٰنِ الرَّحِيمِ,numbered_first_verse,0
2:1,2,1,بِسْمِ اللَّهِ الرَّحْمَـٰنِ الرَّحِيمِ الم,opening_prefix,4
3:1,3,1,بِسْمِ اللَّهِ الرَّحْمَـٰنِ الرَّحِيمِ الم,opening_prefix,4
4:1,4,1,بِسْمِ اللَّهِ الرَّحْمَـٰنِ الرَّحِيمِ يَا أَيُّهَا النَّاسُ اتَّقُوا رَبَّكُمُ الَّذِي خَلَقَكُم مِّن نَّفْسٍ وَاحِدَةٍ وَخَلَقَ مِنْهَا زَوْجَهَا وَبَثَّ مِنْهُمَا رِجَالًا كَثِيرًا وَنِسَاءً ۚ وَاتَّقُوا اللَّهَ الَّذِي تَسَاءَلُونَ بِهِ وَالْأَرْحَامَ ۚ إِنَّ اللَّهَ كَانَ عَلَيْكُمْ رَقِيبًا,opening_prefix,4
5:1,5,1,بِسْمِ اللَّهِ الرَّحْمَـٰنِ الرَّحِيمِ يَا أَيُّهَا الَّذِينَ آمَنُوا أَوْفُوا بِالْعُقُودِ ۚ أُحِلَّتْ لَكُم بَهِيمَةُ الْأَنْعَامِ إِلَّا مَا يُتْلَىٰ عَلَيْكُمْ غَيْرَ مُحِلِّي الصَّيْدِ وَأَنتُمْ حُرُمٌ ۗ إِنَّ اللَّهَ يَحْكُمُ مَا يُرِيدُ,opening_prefix,4
6:1,6,1,بِسْمِ اللَّهِ الرَّحْمَـٰنِ الرَّحِيمِ الْحَمْدُ لِلَّهِ الَّذِي خَلَقَ السَّمَاوَاتِ وَالْأَرْضَ وَجَعَلَ الظُّلُمَاتِ وَالنُّورَ ۖ ثُمَّ الَّذِينَ كَفَرُوا بِرَبِّهِمْ يَعْدِلُونَ,opening_prefix,4
7:1,7,1,بِسْمِ اللَّهِ الرَّحْمَـٰنِ الرَّحِيمِ المص,opening_prefix,4
8:1,8,1,بِسْمِ اللَّهِ الرَّحْمَـٰنِ الرَّحِيمِ يَسْأَلُونَكَ عَنِ الْأَنفَالِ ۖ قُلِ الْأَنفَالُ لِلَّهِ وَالرَّسُولِ ۖ فَاتَّقُوا اللَّهَ وَأَصْلِحُوا ذَاتَ بَيْنِكُمْ ۖ وَأَطِيعُوا اللَّهَ وَرَسُولَهُ إِن كُنتُم مُّؤْمِنِينَ,opening_prefix,4
9:1,9,1,بَرَاءَةٌ مِّنَ اللَّهِ وَرَسُولِهِ إِلَى الَّذِينَ عَاهَدتُّم مِّنَ الْمُشْرِكِينَ,absent_at_tawba,0
10:1,10,1,بِسْمِ اللَّهِ الرَّحْمَـٰنِ الرَّحِيمِ الر ۚ تِلْكَ آيَاتُ الْكِتَابِ الْحَكِيمِ,opening_prefix,4
11:1,11,1,بِسْمِ اللَّهِ الرَّحْمَـٰنِ الرَّحِيمِ الر ۚ كِتَابٌ أُحْكِمَتْ آيَاتُهُ ثُمَّ فُصِّلَتْ مِن لَّدُنْ حَكِيمٍ خَبِيرٍ,opening_prefix,4
12:1,12,1,بِسْمِ اللَّهِ الرَّحْمَـٰنِ الرَّحِيمِ الر ۚ تِلْكَ آيَاتُ الْكِتَابِ الْمُبِينِ,opening_prefix,4
13:1,13,1,بِسْمِ اللَّهِ الرَّحْمَـٰنِ الرَّحِيمِ المر ۚ تِلْكَ آيَاتُ الْكِتَابِ ۗ وَالَّذِي أُنزِلَ إِلَيْكَ مِن رَّبِّكَ الْحَقُّ وَلَـٰكِنَّ أَكْثَرَ النَّاسِ لَا يُؤْمِنُونَ,opening_prefix,4
14:1,14,1,بِسْمِ اللَّهِ الرَّحْمَـٰنِ الرَّحِيمِ الر ۚ كِتَابٌ أَنزَلْنَاهُ إِلَيْكَ لِتُخْرِجَ النَّاسَ مِنَ الظُّلُمَاتِ إِلَى النُّورِ بِإِذْنِ رَبِّهِمْ إِلَىٰ صِرَاطِ الْعَزِيزِ الْحَمِيدِ,opening_prefix,4
15:1,15,1,بِسْمِ اللَّهِ الرَّحْمَـٰنِ الرَّحِيمِ الر ۚ تِلْكَ آيَاتُ الْكِتَابِ وَقُرْآنٍ مُّبِينٍ,opening_prefix,4
16:1,16,1,بِسْمِ اللَّهِ الرَّحْمَـٰنِ الرَّحِيمِ أَتَىٰ أَمْرُ اللَّهِ فَلَا تَسْتَعْجِلُوهُ ۚ سُبْحَانَهُ وَتَعَالَىٰ عَمَّا يُشْرِكُونَ,opening_prefix,4
17:1,17,1,بِسْمِ اللَّهِ الرَّحْمَـٰنِ الرَّحِيمِ سُبْحَانَ الَّذِي أَسْرَىٰ بِعَبْدِهِ لَيْلًا مِّنَ الْمَسْجِدِ الْحَرَامِ إِلَى الْمَسْجِدِ الْأَقْصَى الَّذِي بَارَكْنَا حَوْلَهُ لِنُرِيَهُ مِنْ آيَاتِنَا ۚ إِنَّهُ هُوَ السَّمِيعُ الْبَصِيرُ,opening_prefix,4
18:1,18,1,بِسْمِ اللَّهِ الرَّحْمَـٰنِ الرَّحِيمِ الْحَمْدُ لِلَّهِ الَّذِي أَنزَلَ عَلَىٰ عَبْدِهِ الْكِتَابَ وَلَمْ يَجْعَل لَّهُ عِوَجًا ۜ,opening_prefix,4
19:1,19,1,بِسْمِ اللَّهِ الرَّحْمَـٰنِ الرَّحِيمِ كهيعص,opening_prefix,4
20:1,20,1,بِسْمِ اللَّهِ الرَّحْمَـٰنِ الرَّحِيمِ طه,opening_prefix,4
21:1,21,1,بِسْمِ اللَّهِ الرَّحْمَـٰنِ الرَّحِيمِ اقْتَرَبَ لِلنَّاسِ حِسَابُهُمْ وَهُمْ فِي غَفْلَةٍ مُّعْرِضُونَ,opening_prefix,4
22:1,22,1,بِسْمِ اللَّهِ الرَّحْمَـٰنِ الرَّحِيمِ يَا أَيُّهَا النَّاسُ اتَّقُوا رَبَّكُمْ ۚ إِنَّ زَلْزَلَةَ السَّاعَةِ شَيْءٌ عَظِيمٌ,opening_prefix,4
23:1,23,1,بِسْمِ اللَّهِ الرَّحْمَـٰنِ الرَّحِيمِ قَدْ أَفْلَحَ الْمُؤْمِنُونَ,opening_prefix,4
24:1,24,1,بِسْمِ اللَّهِ الرَّحْمَـٰنِ الرَّحِيمِ سُورَةٌ أَنزَلْنَاهَا وَفَرَضْنَاهَا وَأَنزَلْنَا فِيهَا آيَاتٍ بَيِّنَاتٍ لَّعَلَّكُمْ تَذَكَّرُونَ,opening_prefix,4
25:1,25,1,بِسْمِ اللَّهِ الرَّحْمَـٰنِ الرَّحِيمِ تَبَارَكَ الَّذِي نَزَّلَ الْفُرْقَانَ عَلَىٰ عَبْدِهِ لِيَكُونَ لِلْعَالَمِينَ نَذِيرًا,opening_prefix,4
26:1,26,1,بِسْمِ اللَّهِ الرَّحْمَـٰنِ الرَّحِيمِ طسم,opening_prefix,4
27:1,27,1,بِسْمِ اللَّهِ الرَّحْمَـٰنِ الرَّحِيمِ طس ۚ تِلْكَ آيَاتُ الْقُرْآنِ وَكِتَابٍ مُّبِينٍ,opening_prefix,4
27:30,27,30,إِنَّهُ مِن سُلَيْمَانَ وَإِنَّهُ بِسْمِ اللَّهِ الرَّحْمَـٰنِ الرَّحِيمِ,internal_retained,0
28:1,28,1,بِسْمِ اللَّهِ الرَّحْمَـٰنِ الرَّحِيمِ طسم,opening_prefix,4
29:1,29,1,بِسْمِ اللَّهِ الرَّحْمَـٰنِ الرَّحِيمِ الم,opening_prefix,4
30:1,30,1,بِسْمِ اللَّهِ الرَّحْمَـٰنِ الرَّحِيمِ الم,opening_prefix,4
31:1,31,1,بِسْمِ اللَّهِ الرَّحْمَـٰنِ الرَّحِيمِ الم,opening_prefix,4
32:1,32,1,بِسْمِ اللَّهِ الرَّحْمَـٰنِ الرَّحِيمِ الم,opening_prefix,4
33:1,33,1,بِسْمِ اللَّهِ الرَّحْمَـٰنِ الرَّحِيمِ يَا أَيُّهَا النَّبِيُّ اتَّقِ اللَّهَ وَلَا تُطِعِ الْكَافِرِينَ وَالْمُنَافِقِينَ ۗ إِنَّ اللَّهَ كَانَ عَلِيمًا حَكِيمًا,opening_prefix,4
34:1,34,1,بِسْمِ اللَّهِ الرَّحْمَـٰنِ الرَّحِيمِ الْحَمْدُ لِلَّهِ الَّذِي لَهُ مَا فِي السَّمَاوَاتِ وَمَا فِي الْأَرْضِ وَلَهُ الْحَمْدُ فِي الْآخِرَةِ ۚ وَهُوَ الْحَكِيمُ الْخَبِيرُ,opening_prefix,4
35:1,35,1,بِسْمِ اللَّهِ الرَّحْمَـٰنِ الرَّحِيمِ الْحَمْدُ لِلَّهِ فَاطِرِ السَّمَاوَاتِ وَالْأَرْضِ جَاعِلِ الْمَلَائِكَةِ رُسُلًا أُولِي أَجْنِحَةٍ مَّثْنَىٰ وَثُلَاثَ وَرُبَاعَ ۚ يَزِيدُ فِي الْخَلْقِ مَا يَشَاءُ ۚ إِنَّ اللَّهَ عَلَىٰ كُلِّ شَيْءٍ قَدِيرٌ,opening_prefix,4
36:1,36,1,بِسْمِ اللَّهِ الرَّحْمَـٰنِ الرَّحِيمِ يس,opening_prefix,4
37:1,37,1,بِسْمِ اللَّهِ الرَّحْمَـٰنِ الرَّحِيمِ وَالصَّافَّاتِ صَفًّا,opening_prefix,4
38:1,38,1,بِسْمِ اللَّهِ الرَّحْمَـٰنِ الرَّحِيمِ ص ۚ وَالْقُرْآنِ ذِي الذِّكْرِ,opening_prefix,4
39:1,39,1,بِسْمِ اللَّهِ الرَّحْمَـٰنِ الرَّحِيمِ تَنزِيلُ الْكِتَابِ مِنَ اللَّهِ الْعَزِيزِ الْحَكِيمِ,opening_prefix,4
40:1,40,1,بِسْمِ اللَّهِ الرَّحْمَـٰنِ الرَّحِيمِ حم,opening_prefix,4
41:1,41,1,بِسْمِ اللَّهِ الرَّحْمَـٰنِ الرَّحِيمِ حم,opening_prefix,4
42:1,42,1,بِسْمِ اللَّهِ الرَّحْمَـٰنِ الرَّحِيمِ حم,opening_prefix,4
43:1,43,1,بِسْمِ اللَّهِ الرَّحْمَـٰنِ الرَّحِيمِ حم,opening_prefix,4
44:1,44,1,بِسْمِ اللَّهِ الرَّحْمَـٰنِ الرَّحِيمِ حم,opening_prefix,4
45:1,45,1,بِسْمِ اللَّهِ الرَّحْمَـٰنِ الرَّحِيمِ حم,opening_prefix,4
46:1,46,1,بِسْمِ اللَّهِ الرَّحْمَـٰنِ الرَّحِيمِ حم,opening_prefix,4
47:1,47,1,بِسْمِ اللَّهِ الرَّحْمَـٰنِ الرَّحِيمِ الَّذِينَ كَفَرُوا وَصَدُّوا عَن سَبِيلِ اللَّهِ أَضَلَّ أَعْمَالَهُمْ,opening_prefix,4
48:1,48,1,بِسْمِ اللَّهِ الرَّحْمَـٰنِ الرَّحِيمِ إِنَّا فَتَحْنَا لَكَ فَتْحًا مُّبِينًا,opening_prefix,4
49:1,49,1,بِسْمِ اللَّهِ الرَّحْمَـٰنِ الرَّحِيمِ يَا أَيُّهَا الَّذِينَ آمَنُوا لَا تُقَدِّمُوا بَيْنَ يَدَيِ اللَّهِ وَرَسُولِهِ ۖ وَاتَّقُوا اللَّهَ ۚ إِنَّ اللَّهَ سَمِيعٌ عَلِيمٌ,opening_prefix,4
50:1,50,1,بِسْمِ اللَّهِ الرَّحْمَـٰنِ الرَّحِيمِ ق ۚ وَالْقُرْآنِ الْمَجِيدِ,opening_prefix,4
51:1,51,1,بِسْمِ اللَّهِ الرَّحْمَـٰنِ الرَّحِيمِ وَالذَّارِيَاتِ ذَرْوًا,opening_prefix,4
52:1,52,1,بِسْمِ اللَّهِ الرَّحْمَـٰنِ الرَّحِيمِ وَالطُّورِ,opening_prefix,4
53:1,53,1,بِسْمِ اللَّهِ الرَّحْمَـٰنِ الرَّحِيمِ وَالنَّجْمِ إِذَا هَوَىٰ,opening_prefix,4
54:1,54,1,بِسْمِ اللَّهِ الرَّحْمَـٰنِ الرَّحِيمِ اقْتَرَبَتِ السَّاعَةُ وَانشَقَّ الْقَمَرُ,opening_prefix,4
55:1,55,1,بِسْمِ اللَّهِ الرَّحْمَـٰنِ الرَّحِيمِ الرَّحْمَـٰنُ,opening_prefix,4
56:1,56,1,بِسْمِ اللَّهِ الرَّحْمَـٰنِ الرَّحِيمِ إِذَا وَقَعَتِ الْوَاقِعَةُ,opening_prefix,4
57:1,57,1,بِسْمِ اللَّهِ الرَّحْمَـٰنِ الرَّحِيمِ سَبَّحَ لِلَّهِ مَا فِي السَّمَاوَاتِ وَالْأَرْضِ ۖ وَهُوَ الْعَزِيزُ الْحَكِيمُ,opening_prefix,4
58:1,58,1,بِسْمِ اللَّهِ الرَّحْمَـٰنِ الرَّحِيمِ قَدْ سَمِعَ اللَّهُ قَوْلَ الَّتِي تُجَادِلُكَ فِي زَوْجِهَا وَتَشْتَكِي إِلَى اللَّهِ وَاللَّهُ يَسْمَعُ تَحَاوُرَكُمَا ۚ إِنَّ اللَّهَ سَمِيعٌ بَصِيرٌ,opening_prefix,4
59:1,59,1,بِسْمِ اللَّهِ الرَّحْمَـٰنِ الرَّحِيمِ سَبَّحَ لِلَّهِ مَا فِي السَّمَاوَاتِ وَمَا فِي الْأَرْضِ ۖ وَهُوَ الْعَزِيزُ الْحَكِيمُ,opening_prefix,4
60:1,60,1,بِسْمِ اللَّهِ الرَّحْمَـٰنِ الرَّحِيمِ يَا أَيُّهَا الَّذِينَ آمَنُوا لَا تَتَّخِذُوا عَدُوِّي وَعَدُوَّكُمْ أَوْلِيَاءَ تُلْقُونَ إِلَيْهِم بِالْمَوَدَّةِ وَقَدْ كَفَرُوا بِمَا جَاءَكُم مِّنَ الْحَقِّ يُخْرِجُونَ الرَّسُولَ وَإِيَّاكُمْ ۙ أَن تُؤْمِنُوا بِاللَّهِ رَبِّكُمْ إِن كُنتُمْ خَرَجْتُمْ جِهَادًا فِي سَبِيلِي وَابْتِغَاءَ مَرْضَاتِي ۚ تُسِرُّونَ إِلَيْهِم بِالْمَوَدَّةِ وَأَنَا أَعْلَمُ بِمَا أَخْفَيْتُمْ وَمَا أَعْلَنتُمْ ۚ وَمَن يَفْعَلْهُ مِنكُمْ فَقَدْ ضَلَّ سَوَاءَ السَّبِيلِ,opening_prefix,4
61:1,61,1,بِسْمِ اللَّهِ الرَّحْمَـٰنِ الرَّحِيمِ سَبَّحَ لِلَّهِ مَا فِي السَّمَاوَاتِ وَمَا فِي الْأَرْضِ ۖ وَهُوَ الْعَزِيزُ الْحَكِيمُ,opening_prefix,4
62:1,62,1,بِسْمِ اللَّهِ الرَّحْمَـٰنِ الرَّحِيمِ يُسَبِّحُ لِلَّهِ مَا فِي السَّمَاوَاتِ وَمَا فِي الْأَرْضِ الْمَلِكِ الْقُدُّوسِ الْعَزِيزِ الْحَكِيمِ,opening_prefix,4
63:1,63,1,بِسْمِ اللَّهِ الرَّحْمَـٰنِ الرَّحِيمِ إِذَا جَاءَكَ الْمُنَافِقُونَ قَالُوا نَشْهَدُ إِنَّكَ لَرَسُولُ اللَّهِ ۗ وَاللَّهُ يَعْلَمُ إِنَّكَ لَرَسُولُهُ وَاللَّهُ يَشْهَدُ إِنَّ الْمُنَافِقِينَ لَكَاذِبُونَ,opening_prefix,4
64:1,64,1,بِسْمِ اللَّهِ الرَّحْمَـٰنِ الرَّحِيمِ يُسَبِّحُ لِلَّهِ مَا فِي السَّمَاوَاتِ وَمَا فِي الْأَرْضِ ۖ لَهُ الْمُلْكُ وَلَهُ الْحَمْدُ ۖ وَهُوَ عَلَىٰ كُلِّ شَيْءٍ قَدِيرٌ,opening_prefix,4
65:1,65,1,بِسْمِ اللَّهِ الرَّحْمَـٰنِ الرَّحِيمِ يَا أَيُّهَا النَّبِيُّ إِذَا طَلَّقْتُمُ النِّسَاءَ فَطَلِّقُوهُنَّ لِعِدَّتِهِنَّ وَأَحْصُوا الْعِدَّةَ ۖ وَاتَّقُوا اللَّهَ رَبَّكُمْ ۖ لَا تُخْرِجُوهُنَّ مِن بُيُوتِهِنَّ وَلَا يَخْرُجْنَ إِلَّا أَن يَأْتِينَ بِفَاحِشَةٍ مُّبَيِّنَةٍ ۚ وَتِلْكَ حُدُودُ اللَّهِ ۚ وَمَن يَتَعَدَّ حُدُودَ اللَّهِ فَقَدْ ظَلَمَ نَفْسَهُ ۚ لَا تَدْرِي لَعَلَّ اللَّهَ يُحْدِثُ بَعْدَ ذَٰلِكَ أَمْرًا,opening_prefix,4
66:1,66,1,بِسْمِ اللَّهِ الرَّحْمَـٰنِ الرَّحِيمِ يَا أَيُّهَا النَّبِيُّ لِمَ تُحَرِّمُ مَا أَحَلَّ اللَّهُ لَكَ ۖ تَبْتَغِي مَرْضَاتَ أَزْوَاجِكَ ۚ وَاللَّهُ غَفُورٌ رَّحِيمٌ,opening_prefix,4
67:1,67,1,بِسْمِ اللَّهِ الرَّحْمَـٰنِ الرَّحِيمِ تَبَارَكَ الَّذِي بِيَدِهِ الْمُلْكُ وَهُوَ عَلَىٰ كُلِّ شَيْءٍ قَدِيرٌ,opening_prefix,4
68:1,68,1,بِسْمِ اللَّهِ الرَّحْمَـٰنِ الرَّحِيمِ ن ۚ وَالْقَلَمِ وَمَا يَسْطُرُونَ,opening_prefix,4
69:1,69,1,بِسْمِ اللَّهِ الرَّحْمَـٰنِ الرَّحِيمِ الْحَاقَّةُ,opening_prefix,4
70:1,70,1,بِسْمِ اللَّهِ الرَّحْمَـٰنِ الرَّحِيمِ سَأَلَ سَائِلٌ بِعَذَابٍ وَاقِعٍ,opening_prefix,4
71:1,71,1,بِسْمِ اللَّهِ الرَّحْمَـٰنِ الرَّحِيمِ إِنَّا أَرْسَلْنَا نُوحًا إِلَىٰ قَوْمِهِ أَنْ أَنذِرْ قَوْمَكَ مِن قَبْلِ أَن يَأْتِيَهُمْ عَذَابٌ أَلِيمٌ,opening_prefix,4
72:1,72,1,بِسْمِ اللَّهِ الرَّحْمَـٰنِ الرَّحِيمِ قُلْ أُوحِيَ إِلَيَّ أَنَّهُ اسْتَمَعَ نَفَرٌ مِّنَ الْجِنِّ فَقَالُوا إِنَّا سَمِعْنَا قُرْآنًا عَجَبًا,opening_prefix,4
73:1,73,1,بِسْمِ اللَّهِ الرَّحْمَـٰنِ الرَّحِيمِ يَا أَيُّهَا الْمُزَّمِّلُ,opening_prefix,4
74:1,74,1,بِسْمِ اللَّهِ الرَّحْمَـٰنِ الرَّحِيمِ يَا أَيُّهَا الْمُدَّثِّرُ,opening_prefix,4
75:1,75,1,بِسْمِ اللَّهِ الرَّحْمَـٰنِ الرَّحِيمِ لَا أُقْسِمُ بِيَوْمِ الْقِيَامَةِ,opening_prefix,4
76:1,76,1,بِسْمِ اللَّهِ الرَّحْمَـٰنِ الرَّحِيمِ هَلْ أَتَىٰ عَلَى الْإِنسَانِ حِينٌ مِّنَ الدَّهْرِ لَمْ يَكُن شَيْئًا مَّذْكُورًا,opening_prefix,4
77:1,77,1,بِسْمِ اللَّهِ الرَّحْمَـٰنِ الرَّحِيمِ وَالْمُرْسَلَاتِ عُرْفًا,opening_prefix,4
78:1,78,1,بِسْمِ اللَّهِ الرَّحْمَـٰنِ الرَّحِيمِ عَمَّ يَتَسَاءَلُونَ,opening_prefix,4
79:1,79,1,بِسْمِ اللَّهِ الرَّحْمَـٰنِ الرَّحِيمِ وَالنَّازِعَاتِ غَرْقًا,opening_prefix,4
80:1,80,1,بِسْمِ اللَّهِ الرَّحْمَـٰنِ الرَّحِيمِ عَبَسَ وَتَوَلَّىٰ,opening_prefix,4
81:1,81,1,بِسْمِ اللَّهِ الرَّحْمَـٰنِ الرَّحِيمِ إِذَا الشَّمْسُ كُوِّرَتْ,opening_prefix,4
82:1,82,1,بِسْمِ اللَّهِ الرَّحْمَـٰنِ الرَّحِيمِ إِذَا السَّمَاءُ انفَطَرَتْ,opening_prefix,4
83:1,83,1,بِسْمِ اللَّهِ الرَّحْمَـٰنِ الرَّحِيمِ وَيْلٌ لِّلْمُطَفِّفِينَ,opening_prefix,4
84:1,84,1,بِسْمِ اللَّهِ الرَّحْمَـٰنِ الرَّحِيمِ إِذَا السَّمَاءُ انشَقَّتْ,opening_prefix,4
85:1,85,1,بِسْمِ اللَّهِ الرَّحْمَـٰنِ الرَّحِيمِ وَالسَّمَاءِ ذَاتِ الْبُرُوجِ,opening_prefix,4
86:1,86,1,بِسْمِ اللَّهِ الرَّحْمَـٰنِ الرَّحِيمِ وَالسَّمَاءِ وَالطَّارِقِ,opening_prefix,4
87:1,87,1,بِسْمِ اللَّهِ الرَّحْمَـٰنِ الرَّحِيمِ سَبِّحِ اسْمَ رَبِّكَ الْأَعْلَى,opening_prefix,4
88:1,88,1,بِسْمِ اللَّهِ الرَّحْمَـٰنِ الرَّحِيمِ هَلْ أَتَاكَ حَدِيثُ الْغَاشِيَةِ,opening_prefix,4
89:1,89,1,بِسْمِ اللَّهِ الرَّحْمَـٰنِ الرَّحِيمِ وَالْفَجْرِ,opening_prefix,4
90:1,90,1,بِسْمِ اللَّهِ الرَّحْمَـٰنِ الرَّحِيمِ لَا أُقْسِمُ بِهَـٰذَا الْبَلَدِ,opening_prefix,4
91:1,91,1,بِسْمِ اللَّهِ الرَّحْمَـٰنِ الرَّحِيمِ وَالشَّمْسِ وَضُحَاهَا,opening_prefix,4
92:1,92,1,بِسْمِ اللَّهِ الرَّحْمَـٰنِ الرَّحِيمِ وَاللَّيْلِ إِذَا يَغْشَىٰ,opening_prefix,4
93:1,93,1,بِسْمِ اللَّهِ الرَّحْمَـٰنِ الرَّحِيمِ وَالضُّحَىٰ,opening_prefix,4
94:1,94,1,بِسْمِ اللَّهِ الرَّحْمَـٰنِ الرَّحِيمِ أَلَمْ نَشْرَحْ لَكَ صَدْرَكَ,opening_prefix,4
95:1,95,1,بِّسْمِ اللَّهِ الرَّحْمَـٰنِ الرَّحِيمِ وَالتِّينِ وَالزَّيْتُونِ,opening_prefix,4
96:1,96,1,بِسْمِ اللَّهِ الرَّحْمَـٰنِ الرَّحِيمِ اقْرَأْ بِاسْمِ رَبِّكَ الَّذِي خَلَقَ,opening_prefix,4
97:1,97,1,بِّسْمِ اللَّهِ الرَّحْمَـٰنِ الرَّحِيمِ إِنَّا أَنزَلْنَاهُ فِي لَيْلَةِ الْقَدْرِ,opening_prefix,4
98:1,98,1,بِسْمِ اللَّهِ الرَّحْمَـٰنِ الرَّحِيمِ لَمْ يَكُنِ الَّذِينَ كَفَرُوا مِنْ أَهْلِ الْكِتَابِ وَالْمُشْرِكِينَ مُنفَكِّينَ حَتَّىٰ تَأْتِيَهُمُ الْبَيِّنَةُ,opening_prefix,4
99:1,99,1,بِسْمِ اللَّهِ الرَّحْمَـٰنِ الرَّحِيمِ إِذَا زُلْزِلَتِ الْأَرْضُ زِلْزَالَهَا,opening_prefix,4
100:1,100,1,بِسْمِ اللَّهِ الرَّحْمَـٰنِ الرَّحِيمِ وَالْعَادِيَاتِ ضَبْحًا,opening_prefix,4
101:1,101,1,بِسْمِ اللَّهِ الرَّحْمَـٰنِ الرَّحِيمِ الْقَارِعَةُ,opening_prefix,4
102:1,102,1,بِسْمِ اللَّهِ الرَّحْمَـٰنِ الرَّحِيمِ أَلْهَاكُمُ التَّكَاثُرُ,opening_prefix,4
103:1,103,1,بِسْمِ اللَّهِ الرَّحْمَـٰنِ الرَّحِيمِ وَالْعَصْرِ,opening_prefix,4
104:1,104,1,بِسْمِ اللَّهِ الرَّحْمَـٰنِ الرَّحِيمِ وَيْلٌ لِّكُلِّ هُمَزَةٍ لُّمَزَةٍ,opening_prefix,4
105:1,105,1,بِسْمِ اللَّهِ الرَّحْمَـٰنِ الرَّحِيمِ أَلَمْ تَرَ كَيْفَ فَعَلَ رَبُّكَ بِأَصْحَابِ الْفِيلِ,opening_prefix,4
106:1,106,1,بِسْمِ اللَّهِ الرَّحْمَـٰنِ الرَّحِيمِ لِإِيلَافِ قُرَيْشٍ,opening_prefix,4
107:1,107,1,بِسْمِ اللَّهِ الرَّحْمَـٰنِ الرَّحِيمِ أَرَأَيْتَ الَّذِي يُكَذِّبُ بِالدِّينِ,opening_prefix,4
108:1,108,1,بِسْمِ اللَّهِ الرَّحْمَـٰنِ الرَّحِيمِ إِنَّا أَعْطَيْنَاكَ الْكَوْثَرَ,opening_prefix,4
109:1,109,1,بِسْمِ اللَّهِ الرَّحْمَـٰنِ الرَّحِيمِ قُلْ يَا أَيُّهَا الْكَافِرُونَ,opening_prefix,4
110:1,110,1,بِسْمِ اللَّهِ الرَّحْمَـٰنِ الرَّحِيمِ إِذَا جَاءَ نَصْرُ اللَّهِ وَالْفَتْحُ,opening_prefix,4
111:1,111,1,بِسْمِ اللَّهِ الرَّحْمَـٰنِ الرَّحِيمِ تَبَّتْ يَدَا أَبِي لَهَبٍ وَتَبَّ,opening_prefix,4
112:1,112,1,بِسْمِ اللَّهِ الرَّحْمَـٰنِ الرَّحِيمِ قُلْ هُوَ اللَّهُ أَحَدٌ,opening_prefix,4
113:1,113,1,بِسْمِ اللَّهِ الرَّحْمَـٰنِ الرَّحِيمِ قُلْ أَعُوذُ بِرَبِّ الْفَلَقِ,opening_prefix,4
114:1,114,1,بِسْمِ اللَّهِ الرَّحْمَـٰنِ الرَّحِيمِ قُلْ أَعُوذُ بِرَبِّ النَّاسِ,opening_prefix,4
