profile_id,scope,surah_id,ayahs,tokens,unique_forms,codepoints,graphemes,letters,marks,harakat,editorial,tatweel,superscript_alef
raw,file,1,7,29,26,264,145,143,119,117,0,2,2
raw,file,2,286,6145,2640,48127,26329,26268,21798,21567,0,61,231
raw,file,3,200,3505,1694,27492,15039,15004,12453,12333,0,35,120
raw,file,4,176,3767,1700,29728,16382,16351,13346,13209,0,31,137
raw,file,5,120,2841,1415,22275,12247,12225,10028,9938,0,22,90
raw,file,6,165,3060,1555,23650,12781,12745,10869,10724,0,36,145
raw,file,7,206,3345,1753,26489,14497,14454,11992,11853,0,43,139
raw,file,8,75,1247,715,9943,5422,5406,4521,4472,0,16,49
raw,file,9,129,2505,1285,20293,11136,11115,9157,9080,0,21,77
raw,file,10,109,1843,994,14006,7627,7608,6379,6301,0,19,78
raw,file,11,123,1950,1062,14478,7865,7836,6613,6531,0,29,82
raw,file,12,111,1799,1027,13508,7343,7326,6165,6094,0,17,71
raw,file,13,43,858,571,6593,3574,3564,3019,2989,0,10,30
raw,file,14,52,834,566,6571,3564,3558,3007,2983,0,6,24
raw,file,15,99,661,466,5355,2907,2901,2448,2428,0,6,20
raw,file,16,128,1848,1023,14538,7872,7851,6666,6591,0,21,75
raw,file,17,111,1562,984,12275,6680,6662,5595,5520,0,18,75
raw,file,18,110,1587,1012,12124,6588,6571,5536,5471,0,17,65
raw,file,19,98,975,644,7398,3976,3954,3422,3379,0,22,43
raw,file,20,135,1357,881,10123,5436,5418,4687,4548,0,18,139
raw,file,21,112,1178,753,9362,5140,5113,4222,4165,0,27,57
raw,file,22,78,1283,769,9817,5343,5333,4474,4417,0,10,57
raw,file,23,118,1056,681,8309,4521,4502,3788,3739,0,19,49
raw,file,24,64,1323,748,10621,5787,5773,4834,4783,0,14,51
raw,file,25,77,900,619,7119,3916,3897,3203,3158,0,19,45
raw,file,26,227,1324,721,10368,5657,5649,4711,4664,0,8,47
raw,file,27,93,1163,746,8886,4829,4809,4057,4014,0,20,43
raw,file,28,88,1442,882,10984,5971,5949,5013,4932,0,22,81
raw,file,29,69,982,622,7897,4347,4336,3550,3519,0,11,31
raw,file,30,60,821,514,6418,3501,3491,2917,2883,0,10,34
raw,file,31,34,554,385,4049,2195,2190,1854,1835,0,5,19
raw,file,32,30,376,304,2896,1586,1582,1310,1297,0,4,13
raw,file,33,73,1307,751,10564,5813,5807,4751,4716,0,6,35
raw,file,34,54,888,567,6635,3626,3613,3009,2971,0,13,38
raw,file,35,45,782,526,5995,3263,3257,2732,2703,0,6,29
raw,file,36,83,734,508,5683,3096,3087,2587,2561,0,9,26
raw,file,37,182,869,579,7199,3928,3918,3271,3230,0,10,41
raw,file,38,88,739,525,5722,3104,3084,2618,2574,0,20,44
raw,file,39,75,1181,716,9051,4902,4888,4149,4098,0,14,51
raw,file,40,85,1230,731,9400,5137,5127,4263,4217,0,10,46
raw,file,41,54,798,570,6218,3392,3384,2826,2798,0,8,28
raw,file,42,53,864,515,6465,3547,3541,2918,2886,0,6,32
raw,file,43,89,840,601,6755,3649,3628,3106,3062,0,21,44
raw,file,44,59,350,275,2748,1500,1493,1248,1231,0,7,17
raw,file,45,37,492,348,3874,2112,2104,1762,1737,0,8,25
raw,file,46,35,649,460,4930,2699,2686,2231,2196,0,13,35
raw,file,47,38,546,367,4519,2448,2442,2071,2043,0,6,28
raw,file,48,29,564,393,4641,2531,2529,2110,2089,0,2,21
raw,file,49,18,357,243,2833,1559,1552,1274,1258,0,7,16
raw,file,50,45,377,305,2852,1534,1526,1318,1299,0,8,19
raw,file,51,60,364,289,2871,1568,1565,1303,1290,0,3,13
raw,file,52,49,316,257,2494,1349,1343,1145,1134,0,6,11
raw,file,53,62,364,270,2717,1455,1452,1262,1198,0,3,64
raw,file,54,55,346,249,2802,1491,1488,1311,1301,0,3,10
raw,file,55,78,356,195,3111,1669,1666,1442,1436,0,3,6
raw,file,56,96,383,289,3268,1781,1775,1487,1476,0,6,11
raw,file,57,29,579,408,4668,2569,2564,2099,2080,0,5,19
raw,file,58,22,479,303,3775,2071,2065,1704,1687,0,6,17
raw,file,59,24,451,316,3627,1998,1989,1629,1604,0,9,25
raw,file,60,13,356,259,2896,1581,1579,1315,1309,0,2,6
raw,file,61,14,230,173,1786,987,985,799,788,0,2,11
raw,file,62,11,181,146,1422,788,787,634,629,0,1,5
raw,file,63,11,185,150,1525,824,820,701,690,0,4,11
raw,file,64,18,246,196,2027,1114,1110,913,902,0,4,11
raw,file,65,12,293,223,2286,1223,1222,1063,1056,0,1,7
raw,file,66,12,258,209,2064,1126,1124,938,930,0,2,8
raw,file,67,30,337,252,2529,1375,1366,1154,1137,0,9,17
raw,file,68,52,305,250,2429,1310,1308,1119,1105,0,2,14
raw,file,69,52,264,217,2127,1153,1152,974,967,0,1,7
raw,file,70,44,221,189,1837,993,990,844,828,0,3,16
raw,file,71,28,231,191,1800,985,984,815,812,0,1,3
raw,file,72,28,290,220,2089,1130,1128,959,950,0,2,9
raw,file,73,20,204,172,1598,876,873,722,713,0,3,9
raw,file,74,56,260,205,1973,1058,1054,915,905,0,4,10
raw,file,75,40,168,130,1326,697,695,629,606,0,2,23
raw,file,76,31,247,209,2010,1110,1106,900,891,0,4,9
raw,file,77,50,185,139,1606,863,860,743,735,0,3,8
raw,file,78,40,178,153,1467,818,815,649,644,0,3,5
raw,file,79,46,183,164,1480,805,804,675,650,0,1,25
raw,file,80,42,137,123,1099,573,571,526,513,0,2,13
raw,file,81,29,108,88,838,455,454,383,382,0,1,1
raw,file,82,19,85,69,651,353,352,298,297,0,1,1
raw,file,83,36,173,130,1411,773,769,638,630,0,4,8
raw,file,84,25,112,95,858,465,464,393,388,0,1,5
raw,file,85,22,113,102,882,489,488,393,389,0,1,4
raw,file,86,17,65,57,501,274,273,227,225,0,1,2
raw,file,87,19,76,72,598,317,315,281,263,0,2,18
raw,file,88,26,96,83,751,402,401,349,345,0,1,4
raw,file,89,30,143,120,1123,604,603,519,513,0,1,6
raw,file,90,20,86,75,670,365,361,305,301,0,4,4
raw,file,91,15,58,51,485,273,272,212,211,0,1,1
raw,file,92,21,75,66,638,334,333,304,283,0,1,21
raw,file,93,11,44,40,351,185,184,166,157,0,1,9
raw,file,94,8,31,27,229,122,121,107,105,0,1,2
raw,file,95,8,38,38,328,183,181,145,143,0,2,2
raw,file,96,19,76,62,578,308,307,270,259,0,1,11
raw,file,97,5,34,31,254,135,134,119,117,0,1,2
raw,file,98,8,98,78,780,426,423,354,348,0,3,6
raw,file,99,8,40,33,331,178,177,153,151,0,1,2
raw,file,100,11,44,39,351,189,188,162,159,0,1,3
raw,file,101,11,40,33,321,180,179,141,140,0,1,1
raw,file,102,8,32,24,272,143,142,129,127,0,1,2
raw,file,103,3,18,17,164,93,92,71,70,0,1,1
raw,file,104,9,37,35,294,154,153,140,139,0,1,1
raw,file,105,5,27,26,220,117,116,103,102,0,1,1
raw,file,106,4,21,21,178,98,96,80,78,0,2,2
raw,file,107,7,29,26,247,134,133,113,110,0,1,3
raw,file,108,3,14,14,120,63,62,57,56,0,1,1
raw,file,109,6,31,23,212,119,118,93,92,0,1,1
raw,file,110,3,23,21,184,100,99,84,83,0,1,1
raw,file,111,5,27,26,188,101,100,87,84,0,1,3
raw,file,112,4,19,16,125,67,66,58,57,0,1,1
raw,file,113,5,27,21,172,93,92,79,78,0,1,1
raw,file,114,6,24,21,182,101,99,81,79,0,2,2
raw,numbered,1,7,29,26,264,145,143,119,117,0,2,2
raw,numbered,2,286,6141,2637,48091,26309,26249,21782,21552,0,60,230
raw,numbered,3,200,3501,1691,27456,15019,14985,12437,12318,0,34,119
raw,numbered,4,176,3763,1697,29692,16362,16332,13330,13194,0,30,136
raw,numbered,5,120,2837,1412,22239,12227,12206,10012,9923,0,21,89
raw,numbered,6,165,3056,1552,23614,12761,12726,10853,10709,0,35,144
raw,numbered,7,206,3341,1750,26453,14477,14435,11976,11838,0,42,138
raw,numbered,8,75,1243,712,9907,5402,5387,4505,4457,0,15,48
raw,numbered,9,129,2505,1285,20293,11136,11115,9157,9080,0,21,77
raw,numbered,10,109,1839,991,13970,7607,7589,6363,6286,0,18,77
raw,numbered,11,123,1946,1060,14442,7845,7817,6597,6516,0,28,81
raw,numbered,12,111,1795,1024,13472,7323,7307,6149,6079,0,16,70
raw,numbered,13,43,854,568,6557,3554,3545,3003,2974,0,9,29
raw,numbered,14,52,830,563,6535,3544,3539,2991,2968,0,5,23
raw,numbered,15,99,657,463,5319,2887,2882,2432,2413,0,5,19
raw,numbered,16,128,1844,1020,14502,7852,7832,6650,6576,0,20,74
raw,numbered,17,111,1558,981,12239,6660,6643,5579,5505,0,17,74
raw,numbered,18,110,1583,1009,12088,6568,6552,5520,5456,0,16,64
raw,numbered,19,98,971,642,7362,3956,3935,3406,3364,0,21,42
raw,numbered,20,135,1353,878,10087,5416,5399,4671,4533,0,17,138
raw,numbered,21,112,1174,751,9326,5120,5094,4206,4150,0,26,56
raw,numbered,22,78,1279,766,9781,5323,5314,4458,4402,0,9,56
raw,numbered,23,118,1052,678,8273,4501,4483,3772,3724,0,18,48
raw,numbered,24,64,1319,745,10585,5767,5754,4818,4768,0,13,50
raw,numbered,25,77,896,617,7083,3896,3878,3187,3143,0,18,44
raw,numbered,26,227,1320,720,10332,5637,5630,4695,4649,0,7,46
raw,numbered,27,93,1159,746,8850,4809,4790,4041,3999,0,19,42
raw,numbered,28,88,1438,879,10948,5951,5930,4997,4917,0,21,80
raw,numbered,29,69,978,619,7861,4327,4317,3534,3504,0,10,30
raw,numbered,30,60,817,511,6382,3481,3472,2901,2868,0,9,33
raw,numbered,31,34,550,382,4013,2175,2171,1838,1820,0,4,18
raw,numbered,32,30,372,300,2860,1566,1563,1294,1282,0,3,12
raw,numbered,33,73,1303,748,10528,5793,5788,4735,4701,0,5,34
raw,numbered,34,54,884,564,6599,3606,3594,2993,2956,0,12,37
raw,numbered,35,45,778,523,5959,3243,3238,2716,2688,0,5,28
raw,numbered,36,83,730,506,5647,3076,3068,2571,2546,0,8,25
raw,numbered,37,182,865,576,7163,3908,3899,3255,3215,0,9,40
raw,numbered,38,88,735,522,5686,3084,3065,2602,2559,0,19,43
raw,numbered,39,75,1177,713,9015,4882,4869,4133,4083,0,13,50
raw,numbered,40,85,1226,728,9364,5117,5108,4247,4202,0,9,45
raw,numbered,41,54,794,569,6182,3372,3365,2810,2783,0,7,27
raw,numbered,42,53,860,512,6429,3527,3522,2902,2871,0,5,31
raw,numbered,43,89,836,598,6719,3629,3609,3090,3047,0,20,43
raw,numbered,44,59,346,272,2712,1480,1474,1232,1216,0,6,16
raw,numbered,45,37,488,345,3838,2092,2085,1746,1722,0,7,24
raw,numbered,46,35,645,457,4894,2679,2667,2215,2181,0,12,34
raw,numbered,47,38,542,364,4483,2428,2423,2055,2028,0,5,27
raw,numbered,48,29,560,390,4605,2511,2510,2094,2074,0,1,20
raw,numbered,49,18,353,240,2797,1539,1533,1258,1243,0,6,15
raw,numbered,50,45,373,302,2816,1514,1507,1302,1284,0,7,18
raw,numbered,51,60,360,286,2835,1548,1546,1287,1275,0,2,12
raw,numbered,52,49,312,254,2458,1329,1324,1129,1119,0,5,10
raw,numbered,53,62,360,267,2681,1435,1433,1246,1183,0,2,63
raw,numbered,54,55,342,245,2766,1471,1469,1295,1286,0,2,9
raw,numbered,55,78,352,191,3075,1649,1647,1426,1421,0,2,5
raw,numbered,56,96,379,285,3232,1761,1756,1471,1461,0,5,10
raw,numbered,57,29,575,405,4632,2549,2545,2083,2065,0,4,18
raw,numbered,58,22,475,300,3739,2051,2046,1688,1672,0,5,16
raw,numbered,59,24,447,313,3591,1978,1970,1613,1589,0,8,24
raw,numbered,60,13,352,256,2860,1561,1560,1299,1294,0,1,5
raw,numbered,61,14,226,170,1750,967,966,783,773,0,1,10
raw,numbered,62,11,177,143,1386,768,768,618,614,0,0,4
raw,numbered,63,11,181,147,1489,804,801,685,675,0,3,10
raw,numbered,64,18,242,193,1991,1094,1091,897,887,0,3,10
raw,numbered,65,12,289,220,2250,1203,1203,1047,1041,0,0,6
raw,numbered,66,12,254,206,2028,1106,1105,922,915,0,1,7
raw,numbered,67,30,333,250,2493,1355,1347,1138,1122,0,8,16
raw,numbered,68,52,301,246,2393,1290,1289,1103,1090,0,1,13
raw,numbered,69,52,260,213,2091,1133,1133,958,952,0,0,6
raw,numbered,70,44,217,186,1801,973,971,828,813,0,2,15
raw,numbered,71,28,227,188,1764,965,965,799,797,0,0,2
raw,numbered,72,28,286,217,2053,1110,1109,943,935,0,1,8
raw,numbered,73,20,200,169,1562,856,854,706,698,0,2,8
raw,numbered,74,56,256,201,1937,1038,1035,899,890,0,3,9
raw,numbered,75,40,164,126,1290,677,676,613,591,0,1,22
raw,numbered,76,31,243,206,1974,1090,1087,884,876,0,3,8
raw,numbered,77,50,181,135,1570,843,841,727,720,0,2,7
raw,numbered,78,40,174,150,1431,798,796,633,629,0,2,4
raw,numbered,79,46,179,160,1444,785,785,659,635,0,0,24
raw,numbered,80,42,133,119,1063,553,552,510,498,0,1,12
raw,numbered,81,29,104,84,802,435,435,367,367,0,0,0
raw,numbered,82,19,81,65,615,333,333,282,282,0,0,0
raw,numbered,83,36,169,126,1375,753,750,622,615,0,3,7
raw,numbered,84,25,108,91,822,445,445,377,373,0,0,4
raw,numbered,85,22,109,98,846,469,469,377,374,0,0,3
raw,numbered,86,17,61,53,465,254,254,211,210,0,0,1
raw,numbered,87,19,72,68,562,297,296,265,248,0,1,17
raw,numbered,88,26,92,79,715,382,382,333,330,0,0,3
raw,numbered,89,30,139,116,1087,584,584,503,498,0,0,5
raw,numbered,90,20,82,71,634,345,342,289,286,0,3,3
raw,numbered,91,15,54,48,449,253,253,196,196,0,0,0
raw,numbered,92,21,71,62,602,314,314,288,268,0,0,20
raw,numbered,93,11,40,36,315,165,165,150,142,0,0,8
raw,numbered,94,8,27,23,193,102,102,91,90,0,0,1
raw,numbered,95,8,34,34,291,163,162,128,127,0,1,1
raw,numbered,96,19,72,58,542,288,288,254,244,0,0,10
raw,numbered,97,5,30,27,217,115,115,102,101,0,0,1
raw,numbered,98,8,94,75,744,406,404,338,333,0,2,5
raw,numbered,99,8,36,29,295,158,158,137,136,0,0,1
raw,numbered,100,11,40,35,315,169,169,146,144,0,0,2
raw,numbered,101,11,36,29,285,160,160,125,125,0,0,0
raw,numbered,102,8,28,20,236,123,123,113,112,0,0,1
raw,numbered,103,3,14,13,128,73,73,55,55,0,0,0
raw,numbered,104,9,33,32,258,134,134,124,124,0,0,0
raw,numbered,105,5,23,22,184,97,97,87,87,0,0,0
raw,numbered,106,4,17,17,142,78,77,64,63,0,1,1
raw,numbered,107,7,25,22,211,114,114,97,95,0,0,2
raw,numbered,108,3,10,10,84,43,43,41,41,0,0,0
raw,numbered,109,6,27,19,176,99,99,77,77,0,0,0
raw,numbered,110,3,19,18,148,80,80,68,68,0,0,0
raw,numbered,111,5,23,22,152,81,81,71,69,0,0,2
raw,numbered,112,4,15,12,89,47,47,42,42,0,0,0
raw,numbered,113,5,23,17,136,73,73,63,63,0,0,0
raw,numbered,114,6,20,17,146,81,80,65,64,0,1,1
nfc,file,1,7,29,26,264,145,143,119,117,0,2,2
nfc,file,2,286,6145,2640,48127,26329,26268,21798,21567,0,61,231
nfc,file,3,200,3505,1694,27492,15039,15004,12453,12333,0,35,120
nfc,file,4,176,3767,1700,29728,16382,16351,13346,13209,0,31,137
nfc,file,5,120,2841,1415,22275,12247,12225,10028,9938,0,22,90
nfc,file,6,165,3060,1555,23650,12781,12745,10869,10724,0,36,145
nfc,file,7,206,3345,1753,26489,14497,14454,11992,11853,0,43,139
nfc,file,8,75,1247,715,9943,5422,5406,4521,4472,0,16,49
nfc,file,9,129,2505,1285,20293,11136,11115,9157,9080,0,21,77
nfc,file,10,109,1843,994,14006,7627,7608,6379,6301,0,19,78
nfc,file,11,123,1950,1062,14478,7865,7836,6613,6531,0,29,82
nfc,file,12,111,1799,1027,13508,7343,7326,6165,6094,0,17,71
nfc,file,13,43,858,571,6593,3574,3564,3019,2989,0,10,30
nfc,file,14,52,834,566,6571,3564,3558,3007,2983,0,6,24
nfc,file,15,99,661,466,5355,2907,2901,2448,2428,0,6,20
nfc,file,16,128,1848,1023,14538,7872,7851,6666,6591,0,21,75
nfc,file,17,111,1562,984,12275,6680,6662,5595,5520,0,18,75
nfc,file,18,110,1587,1012,12124,6588,6571,5536,5471,0,17,65
nfc,file,19,98,975,644,7398,3976,3954,3422,3379,0,22,43
nfc,file,20,135,1357,881,10123,5436,5418,4687,4548,0,18,139
nfc,file,21,112,1178,753,9362,5140,5113,4222,4165,0,27,57
nfc,file,22,78,1283,769,9817,5343,5333,4474,4417,0,10,57
nfc,file,23,118,1056,681,8309,4521,4502,3788,3739,0,19,49
nfc,file,24,64,1323,748,10621,5787,5773,4834,4783,0,14,51
nfc,file,25,77,900,619,7119,3916,3897,3203,3158,0,19,45
nfc,file,26,227,1324,721,10368,5657,5649,4711,4664,0,8,47
nfc,file,27,93,1163,746,8886,4829,4809,4057,4014,0,20,43
nfc,file,28,88,1442,882,10984,5971,5949,5013,4932,0,22,81
nfc,file,29,69,982,622,7897,4347,4336,3550,3519,0,11,31
nfc,file,30,60,821,514,6418,3501,3491,2917,2883,0,10,34
nfc,file,31,34,554,385,4049,2195,2190,1854,1835,0,5,19
nfc,file,32,30,376,304,2896,1586,1582,1310,1297,0,4,13
nfc,file,33,73,1307,751,10564,5813,5807,4751,4716,0,6,35
nfc,file,34,54,888,567,6635,3626,3613,3009,2971,0,13,38
nfc,file,35,45,782,526,5995,3263,3257,2732,2703,0,6,29
nfc,file,36,83,734,508,5683,3096,3087,2587,2561,0,9,26
nfc,file,37,182,869,579,7199,3928,3918,3271,3230,0,10,41
nfc,file,38,88,739,525,5722,3104,3084,2618,2574,0,20,44
nfc,file,39,75,1181,716,9051,4902,4888,4149,4098,0,14,51
nfc,file,40,85,1230,731,9400,5137,5127,4263,4217,0,10,46
nfc,file,41,54,798,570,6218,3392,3384,2826,2798,0,8,28
nfc,file,42,53,864,515,6465,3547,3541,2918,2886,0,6,32
nfc,file,43,89,840,601,6755,3649,3628,3106,3062,0,21,44
nfc,file,44,59,350,275,2748,1500,1493,1248,1231,0,7,17
nfc,file,45,37,492,348,3874,2112,2104,1762,1737,0,8,25
nfc,file,46,35,649,460,4930,2699,2686,2231,2196,0,13,35
nfc,file,47,38,546,367,4519,2448,2442,2071,2043,0,6,28
nfc,file,48,29,564,393,4641,2531,2529,2110,2089,0,2,21
nfc,file,49,18,357,243,2833,1559,1552,1274,1258,0,7,16
nfc,file,50,45,377,305,2852,1534,1526,1318,1299,0,8,19
nfc,file,51,60,364,289,2871,1568,1565,1303,1290,0,3,13
nfc,file,52,49,316,257,2494,1349,1343,1145,1134,0,6,11
nfc,file,53,62,364,270,2717,1455,1452,1262,1198,0,3,64
nfc,file,54,55,346,249,2802,1491,1488,1311,1301,0,3,10
nfc,file,55,78,356,195,3111,1669,1666,1442,1436,0,3,6
nfc,file,56,96,383,289,3268,1781,1775,1487,1476,0,6,11
nfc,file,57,29,579,408,4668,2569,2564,2099,2080,0,5,19
nfc,file,58,22,479,303,3775,2071,2065,1704,1687,0,6,17
nfc,file,59,24,451,316,3627,1998,1989,1629,1604,0,9,25
nfc,file,60,13,356,259,2896,1581,1579,1315,1309,0,2,6
nfc,file,61,14,230,173,1786,987,985,799,788,0,2,11
nfc,file,62,11,181,146,1422,788,787,634,629,0,1,5
nfc,file,63,11,185,150,1525,824,820,701,690,0,4,11
nfc,file,64,18,246,196,2027,1114,1110,913,902,0,4,11
nfc,file,65,12,293,223,2286,1223,1222,1063,1056,0,1,7
nfc,file,66,12,258,209,2064,1126,1124,938,930,0,2,8
nfc,file,67,30,337,252,2529,1375,1366,1154,1137,0,9,17
nfc,file,68,52,305,250,2429,1310,1308,1119,1105,0,2,14
nfc,file,69,52,264,217,2127,1153,1152,974,967,0,1,7
nfc,file,70,44,221,189,1837,993,990,844,828,0,3,16
nfc,file,71,28,231,191,1800,985,984,815,812,0,1,3
nfc,file,72,28,290,220,2089,1130,1128,959,950,0,2,9
nfc,file,73,20,204,172,1598,876,873,722,713,0,3,9
nfc,file,74,56,260,205,1973,1058,1054,915,905,0,4,10
nfc,file,75,40,168,130,1326,697,695,629,606,0,2,23
nfc,file,76,31,247,209,2010,1110,1106,900,891,0,4,9
nfc,file,77,50,185,139,1606,863,860,743,735,0,3,8
nfc,file,78,40,178,153,1467,818,815,649,644,0,3,5
nfc,file,79,46,183,164,1480,805,804,675,650,0,1,25
nfc,file,80,42,137,123,1099,573,571,526,513,0,2,13
nfc,file,81,29,108,88,838,455,454,383,382,0,1,1
nfc,file,82,19,85,69,651,353,352,298,297,0,1,1
nfc,file,83,36,173,130,1411,773,769,638,630,0,4,8
nfc,file,84,25,112,95,858,465,464,393,388,0,1,5
nfc,file,85,22,113,102,882,489,488,393,389,0,1,4
nfc,file,86,17,65,57,501,274,273,227,225,0,1,2
nfc,file,87,19,76,72,598,317,315,281,263,0,2,18
nfc,file,88,26,96,83,751,402,401,349,345,0,1,4
nfc,file,89,30,143,120,1123,604,603,519,513,0,1,6
nfc,file,90,20,86,75,670,365,361,305,301,0,4,4
nfc,file,91,15,58,51,485,273,272,212,211,0,1,1
nfc,file,92,21,75,66,638,334,333,304,283,0,1,21
nfc,file,93,11,44,40,351,185,184,166,157,0,1,9
nfc,file,94,8,31,27,229,122,121,107,105,0,1,2
nfc,file,95,8,38,38,328,183,181,145,143,0,2,2
nfc,file,96,19,76,62,578,308,307,270,259,0,1,11
nfc,file,97,5,34,31,254,135,134,119,117,0,1,2
nfc,file,98,8,98,78,780,426,423,354,348,0,3,6
nfc,file,99,8,40,33,331,178,177,153,151,0,1,2
nfc,file,100,11,44,39,351,189,188,162,159,0,1,3
nfc,file,101,11,40,33,321,180,179,141,140,0,1,1
nfc,file,102,8,32,24,272,143,142,129,127,0,1,2
nfc,file,103,3,18,17,164,93,92,71,70,0,1,1
nfc,file,104,9,37,35,294,154,153,140,139,0,1,1
nfc,file,105,5,27,26,220,117,116,103,102,0,1,1
nfc,file,106,4,21,21,178,98,96,80,78,0,2,2
nfc,file,107,7,29,26,247,134,133,113,110,0,1,3
nfc,file,108,3,14,14,120,63,62,57,56,0,1,1
nfc,file,109,6,31,23,212,119,118,93,92,0,1,1
nfc,file,110,3,23,21,184,100,99,84,83,0,1,1
nfc,file,111,5,27,26,188,101,100,87,84,0,1,3
nfc,file,112,4,19,16,125,67,66,58,57,0,1,1
nfc,file,113,5,27,21,172,93,92,79,78,0,1,1
nfc,file,114,6,24,21,182,101,99,81,79,0,2,2
nfc,numbered,1,7,29,26,264,145,143,119,117,0,2,2
nfc,numbered,2,286,6141,2637,48091,26309,26249,21782,21552,0,60,230
nfc,numbered,3,200,3501,1691,27456,15019,14985,12437,12318,0,34,119
nfc,numbered,4,176,3763,1697,29692,16362,16332,13330,13194,0,30,136
nfc,numbered,5,120,2837,1412,22239,12227,12206,10012,9923,0,21,89
nfc,numbered,6,165,3056,1552,23614,12761,12726,10853,10709,0,35,144
nfc,numbered,7,206,3341,1750,26453,14477,14435,11976,11838,0,42,138
nfc,numbered,8,75,1243,712,9907,5402,5387,4505,4457,0,15,48
nfc,numbered,9,129,2505,1285,20293,11136,11115,9157,9080,0,21,77
nfc,numbered,10,109,1839,991,13970,7607,7589,6363,6286,0,18,77
nfc,numbered,11,123,1946,1060,14442,7845,7817,6597,6516,0,28,81
nfc,numbered,12,111,1795,1024,13472,7323,7307,6149,6079,0,16,70
nfc,numbered,13,43,854,568,6557,3554,3545,3003,2974,0,9,29
nfc,numbered,14,52,830,563,6535,3544,3539,2991,2968,0,5,23
nfc,numbered,15,99,657,463,5319,2887,2882,2432,2413,0,5,19
nfc,numbered,16,128,1844,1020,14502,7852,7832,6650,6576,0,20,74
nfc,numbered,17,111,1558,981,12239,6660,6643,5579,5505,0,17,74
nfc,numbered,18,110,1583,1009,12088,6568,6552,5520,5456,0,16,64
nfc,numbered,19,98,971,642,7362,3956,3935,3406,3364,0,21,42
nfc,numbered,20,135,1353,878,10087,5416,5399,4671,4533,0,17,138
nfc,numbered,21,112,1174,751,9326,5120,5094,4206,4150,0,26,56
nfc,numbered,22,78,1279,766,9781,5323,5314,4458,4402,0,9,56
nfc,numbered,23,118,1052,678,8273,4501,4483,3772,3724,0,18,48
nfc,numbered,24,64,1319,745,10585,5767,5754,4818,4768,0,13,50
nfc,numbered,25,77,896,617,7083,3896,3878,3187,3143,0,18,44
nfc,numbered,26,227,1320,720,10332,5637,5630,4695,4649,0,7,46
nfc,numbered,27,93,1159,746,8850,4809,4790,4041,3999,0,19,42
nfc,numbered,28,88,1438,879,10948,5951,5930,4997,4917,0,21,80
nfc,numbered,29,69,978,619,7861,4327,4317,3534,3504,0,10,30
nfc,numbered,30,60,817,511,6382,3481,3472,2901,2868,0,9,33
nfc,numbered,31,34,550,382,4013,2175,2171,1838,1820,0,4,18
nfc,numbered,32,30,372,300,2860,1566,1563,1294,1282,0,3,12
nfc,numbered,33,73,1303,748,10528,5793,5788,4735,4701,0,5,34
nfc,numbered,34,54,884,564,6599,3606,3594,2993,2956,0,12,37
nfc,numbered,35,45,778,523,5959,3243,3238,2716,2688,0,5,28
nfc,numbered,36,83,730,506,5647,3076,3068,2571,2546,0,8,25
nfc,numbered,37,182,865,576,7163,3908,3899,3255,3215,0,9,40
nfc,numbered,38,88,735,522,5686,3084,3065,2602,2559,0,19,43
nfc,numbered,39,75,1177,713,9015,4882,4869,4133,4083,0,13,50
nfc,numbered,40,85,1226,728,9364,5117,5108,4247,4202,0,9,45
nfc,numbered,41,54,794,569,6182,3372,3365,2810,2783,0,7,27
nfc,numbered,42,53,860,512,6429,3527,3522,2902,2871,0,5,31
nfc,numbered,43,89,836,598,6719,3629,3609,3090,3047,0,20,43
nfc,numbered,44,59,346,272,2712,1480,1474,1232,1216,0,6,16
nfc,numbered,45,37,488,345,3838,2092,2085,1746,1722,0,7,24
nfc,numbered,46,35,645,457,4894,2679,2667,2215,2181,0,12,34
nfc,numbered,47,38,542,364,4483,2428,2423,2055,2028,0,5,27
nfc,numbered,48,29,560,390,4605,2511,2510,2094,2074,0,1,20
nfc,numbered,49,18,353,240,2797,1539,1533,1258,1243,0,6,15
nfc,numbered,50,45,373,302,2816,1514,1507,1302,1284,0,7,18
nfc,numbered,51,60,360,286,2835,1548,1546,1287,1275,0,2,12
nfc,numbered,52,49,312,254,2458,1329,1324,1129,1119,0,5,10
nfc,numbered,53,62,360,267,2681,1435,1433,1246,1183,0,2,63
nfc,numbered,54,55,342,245,2766,1471,1469,1295,1286,0,2,9
nfc,numbered,55,78,352,191,3075,1649,1647,1426,1421,0,2,5
nfc,numbered,56,96,379,285,3232,1761,1756,1471,1461,0,5,10
nfc,numbered,57,29,575,405,4632,2549,2545,2083,2065,0,4,18
nfc,numbered,58,22,475,300,3739,2051,2046,1688,1672,0,5,16
nfc,numbered,59,24,447,313,3591,1978,1970,1613,1589,0,8,24
nfc,numbered,60,13,352,256,2860,1561,1560,1299,1294,0,1,5
nfc,numbered,61,14,226,170,1750,967,966,783,773,0,1,10
nfc,numbered,62,11,177,143,1386,768,768,618,614,0,0,4
nfc,numbered,63,11,181,147,1489,804,801,685,675,0,3,10
nfc,numbered,64,18,242,193,1991,1094,1091,897,887,0,3,10
nfc,numbered,65,12,289,220,2250,1203,1203,1047,1041,0,0,6
nfc,numbered,66,12,254,206,2028,1106,1105,922,915,0,1,7
nfc,numbered,67,30,333,250,2493,1355,1347,1138,1122,0,8,16
nfc,numbered,68,52,301,246,2393,1290,1289,1103,1090,0,1,13
nfc,numbered,69,52,260,213,2091,1133,1133,958,952,0,0,6
nfc,numbered,70,44,217,186,1801,973,971,828,813,0,2,15
nfc,numbered,71,28,227,188,1764,965,965,799,797,0,0,2
nfc,numbered,72,28,286,217,2053,1110,1109,943,935,0,1,8
nfc,numbered,73,20,200,169,1562,856,854,706,698,0,2,8
nfc,numbered,74,56,256,201,1937,1038,1035,899,890,0,3,9
nfc,numbered,75,40,164,126,1290,677,676,613,591,0,1,22
nfc,numbered,76,31,243,206,1974,1090,1087,884,876,0,3,8
nfc,numbered,77,50,181,135,1570,843,841,727,720,0,2,7
nfc,numbered,78,40,174,150,1431,798,796,633,629,0,2,4
nfc,numbered,79,46,179,160,1444,785,785,659,635,0,0,24
nfc,numbered,80,42,133,119,1063,553,552,510,498,0,1,12
nfc,numbered,81,29,104,84,802,435,435,367,367,0,0,0
nfc,numbered,82,19,81,65,615,333,333,282,282,0,0,0
nfc,numbered,83,36,169,126,1375,753,750,622,615,0,3,7
nfc,numbered,84,25,108,91,822,445,445,377,373,0,0,4
nfc,numbered,85,22,109,98,846,469,469,377,374,0,0,3
nfc,numbered,86,17,61,53,465,254,254,211,210,0,0,1
nfc,numbered,87,19,72,68,562,297,296,265,248,0,1,17
nfc,numbered,88,26,92,79,715,382,382,333,330,0,0,3
nfc,numbered,89,30,139,116,1087,584,584,503,498,0,0,5
nfc,numbered,90,20,82,71,634,345,342,289,286,0,3,3
nfc,numbered,91,15,54,48,449,253,253,196,196,0,0,0
nfc,numbered,92,21,71,62,602,314,314,288,268,0,0,20
nfc,numbered,93,11,40,36,315,165,165,150,142,0,0,8
nfc,numbered,94,8,27,23,193,102,102,91,90,0,0,1
nfc,numbered,95,8,34,34,291,163,162,128,127,0,1,1
nfc,numbered,96,19,72,58,542,288,288,254,244,0,0,10
nfc,numbered,97,5,30,27,217,115,115,102,101,0,0,1
nfc,numbered,98,8,94,75,744,406,404,338,333,0,2,5
nfc,numbered,99,8,36,29,295,158,158,137,136,0,0,1
nfc,numbered,100,11,40,35,315,169,169,146,144,0,0,2
nfc,numbered,101,11,36,29,285,160,160,125,125,0,0,0
nfc,numbered,102,8,28,20,236,123,123,113,112,0,0,1
nfc,numbered,103,3,14,13,128,73,73,55,55,0,0,0
nfc,numbered,104,9,33,32,258,134,134,124,124,0,0,0
nfc,numbered,105,5,23,22,184,97,97,87,87,0,0,0
nfc,numbered,106,4,17,17,142,78,77,64,63,0,1,1
nfc,numbered,107,7,25,22,211,114,114,97,95,0,0,2
nfc,numbered,108,3,10,10,84,43,43,41,41,0,0,0
nfc,numbered,109,6,27,19,176,99,99,77,77,0,0,0
nfc,numbered,110,3,19,18,148,80,80,68,68,0,0,0
nfc,numbered,111,5,23,22,152,81,81,71,69,0,0,2
nfc,numbered,112,4,15,12,89,47,47,42,42,0,0,0
nfc,numbered,113,5,23,17,136,73,73,63,63,0,0,0
nfc,numbered,114,6,20,17,146,81,80,65,64,0,1,1
plain,file,1,7,29,26,143,143,143,0,0,0,0,0
plain,file,2,286,6145,2279,26268,26268,26268,0,0,0,0,0
plain,file,3,200,3505,1472,15004,15004,15004,0,0,0,0,0
plain,file,4,176,3767,1516,16351,16351,16351,0,0,0,0,0
plain,file,5,120,2841,1252,12225,12225,12225,0,0,0,0,0
plain,file,6,165,3060,1367,12745,12745,12745,0,0,0,0,0
plain,file,7,206,3345,1561,14454,14454,14454,0,0,0,0,0
plain,file,8,75,1247,643,5406,5406,5406,0,0,0,0,0
plain,file,9,129,2505,1126,11115,11115,11115,0,0,0,0,0
plain,file,10,109,1843,890,7608,7608,7608,0,0,0,0,0
plain,file,11,123,1950,941,7836,7836,7836,0,0,0,0,0
plain,file,12,111,1799,927,7326,7326,7326,0,0,0,0,0
plain,file,13,43,858,513,3564,3564,3564,0,0,0,0,0
plain,file,14,52,834,510,3558,3558,3558,0,0,0,0,0
plain,file,15,99,661,434,2901,2901,2901,0,0,0,0,0
plain,file,16,128,1848,922,7851,7851,7851,0,0,0,0,0
plain,file,17,111,1562,887,6662,6662,6662,0,0,0,0,0
plain,file,18,110,1587,920,6571,6571,6571,0,0,0,0,0
plain,file,19,98,975,591,3954,3954,3954,0,0,0,0,0
plain,file,20,135,1357,811,5418,5418,5418,0,0,0,0,0
plain,file,21,112,1178,680,5113,5113,5113,0,0,0,0,0
plain,file,22,78,1283,696,5333,5333,5333,0,0,0,0,0
plain,file,23,118,1056,625,4502,4502,4502,0,0,0,0,0
plain,file,24,64,1323,679,5773,5773,5773,0,0,0,0,0
plain,file,25,77,900,576,3897,3897,3897,0,0,0,0,0
plain,file,26,227,1324,650,5649,5649,5649,0,0,0,0,0
plain,file,27,93,1163,679,4809,4809,4809,0,0,0,0,0
plain,file,28,88,1442,793,5949,5949,5949,0,0,0,0,0
plain,file,29,69,982,578,4336,4336,4336,0,0,0,0,0
plain,file,30,60,821,453,3491,3491,3491,0,0,0,0,0
plain,file,31,34,554,346,2190,2190,2190,0,0,0,0,0
plain,file,32,30,376,282,1582,1582,1582,0,0,0,0,0
plain,file,33,73,1307,691,5807,5807,5807,0,0,0,0,0
plain,file,34,54,888,516,3613,3613,3613,0,0,0,0,0
plain,file,35,45,782,485,3257,3257,3257,0,0,0,0,0
plain,file,36,83,734,458,3087,3087,3087,0,0,0,0,0
plain,file,37,182,869,538,3918,3918,3918,0,0,0,0,0
plain,file,38,88,739,481,3084,3084,3084,0,0,0,0,0
plain,file,39,75,1181,639,4888,4888,4888,0,0,0,0,0
plain,file,40,85,1230,668,5127,5127,5127,0,0,0,0,0
plain,file,41,54,798,514,3384,3384,3384,0,0,0,0,0
plain,file,42,53,864,464,3541,3541,3541,0,0,0,0,0
plain,file,43,89,840,546,3628,3628,3628,0,0,0,0,0
plain,file,44,59,350,245,1493,1493,1493,0,0,0,0,0
plain,file,45,37,492,317,2104,2104,2104,0,0,0,0,0
plain,file,46,35,649,419,2686,2686,2686,0,0,0,0,0
plain,file,47,38,546,343,2442,2442,2442,0,0,0,0,0
plain,file,48,29,564,365,2529,2529,2529,0,0,0,0,0
plain,file,49,18,357,220,1552,1552,1552,0,0,0,0,0
plain,file,50,45,377,282,1526,1526,1526,0,0,0,0,0
plain,file,51,60,364,268,1565,1565,1565,0,0,0,0,0
plain,file,52,49,316,238,1343,1343,1343,0,0,0,0,0
plain,file,53,62,364,250,1452,1452,1452,0,0,0,0,0
plain,file,54,55,346,235,1488,1488,1488,0,0,0,0,0
plain,file,55,78,356,182,1666,1666,1666,0,0,0,0,0
plain,file,56,96,383,275,1775,1775,1775,0,0,0,0,0
plain,file,57,29,579,368,2564,2564,2564,0,0,0,0,0
plain,file,58,22,479,278,2065,2065,2065,0,0,0,0,0
plain,file,59,24,451,300,1989,1989,1989,0,0,0,0,0
plain,file,60,13,356,242,1579,1579,1579,0,0,0,0,0
plain,file,61,14,230,159,985,985,985,0,0,0,0,0
plain,file,62,11,181,136,787,787,787,0,0,0,0,0
plain,file,63,11,185,142,820,820,820,0,0,0,0,0
plain,file,64,18,246,186,1110,1110,1110,0,0,0,0,0
plain,file,65,12,293,208,1222,1222,1222,0,0,0,0,0
plain,file,66,12,258,200,1124,1124,1124,0,0,0,0,0
plain,file,67,30,337,226,1366,1366,1366,0,0,0,0,0
plain,file,68,52,305,232,1308,1308,1308,0,0,0,0,0
plain,file,69,52,264,207,1152,1152,1152,0,0,0,0,0
plain,file,70,44,221,180,990,990,990,0,0,0,0,0
plain,file,71,28,231,175,984,984,984,0,0,0,0,0
plain,file,72,28,290,204,1128,1128,1128,0,0,0,0,0
plain,file,73,20,204,161,873,873,873,0,0,0,0,0
plain,file,74,56,260,196,1054,1054,1054,0,0,0,0,0
plain,file,75,40,168,128,695,695,695,0,0,0,0,0
plain,file,76,31,247,199,1106,1106,1106,0,0,0,0,0
plain,file,77,50,185,133,860,860,860,0,0,0,0,0
plain,file,78,40,178,149,815,815,815,0,0,0,0,0
plain,file,79,46,183,157,804,804,804,0,0,0,0,0
plain,file,80,42,137,120,571,571,571,0,0,0,0,0
plain,file,81,29,108,87,454,454,454,0,0,0,0,0
plain,file,82,19,85,67,352,352,352,0,0,0,0,0
plain,file,83,36,173,122,769,769,769,0,0,0,0,0
plain,file,84,25,112,95,464,464,464,0,0,0,0,0
plain,file,85,22,113,101,488,488,488,0,0,0,0,0
plain,file,86,17,65,57,273,273,273,0,0,0,0,0
plain,file,87,19,76,70,315,315,315,0,0,0,0,0
plain,file,88,26,96,79,401,401,401,0,0,0,0,0
plain,file,89,30,143,118,603,603,603,0,0,0,0,0
plain,file,90,20,86,74,361,361,361,0,0,0,0,0
plain,file,91,15,58,51,272,272,272,0,0,0,0,0
plain,file,92,21,75,63,333,333,333,0,0,0,0,0
plain,file,93,11,44,39,184,184,184,0,0,0,0,0
plain,file,94,8,31,27,121,121,121,0,0,0,0,0
plain,file,95,8,38,37,181,181,181,0,0,0,0,0
plain,file,96,19,76,58,307,307,307,0,0,0,0,0
plain,file,97,5,34,29,134,134,134,0,0,0,0,0
plain,file,98,8,98,73,423,423,423,0,0,0,0,0
plain,file,99,8,40,33,177,177,177,0,0,0,0,0
plain,file,100,11,44,39,188,188,188,0,0,0,0,0
plain,file,101,11,40,32,179,179,179,0,0,0,0,0
plain,file,102,8,32,24,142,142,142,0,0,0,0,0
plain,file,103,3,18,17,92,92,92,0,0,0,0,0
plain,file,104,9,37,34,153,153,153,0,0,0,0,0
plain,file,105,5,27,26,116,116,116,0,0,0,0,0
plain,file,106,4,21,20,96,96,96,0,0,0,0,0
plain,file,107,7,29,26,133,133,133,0,0,0,0,0
plain,file,108,3,14,14,62,62,62,0,0,0,0,0
plain,file,109,6,31,22,118,118,118,0,0,0,0,0
plain,file,110,3,23,21,99,99,99,0,0,0,0,0
plain,file,111,5,27,26,100,100,100,0,0,0,0,0
plain,file,112,4,19,15,66,66,66,0,0,0,0,0
plain,file,113,5,27,21,92,92,92,0,0,0,0,0
plain,file,114,6,24,20,99,99,99,0,0,0,0,0
plain,numbered,1,7,29,26,143,143,143,0,0,0,0,0
plain,numbered,2,286,6141,2278,26249,26249,26249,0,0,0,0,0
plain,numbered,3,200,3501,1469,14985,14985,14985,0,0,0,0,0
plain,numbered,4,176,3763,1513,16332,16332,16332,0,0,0,0,0
plain,numbered,5,120,2837,1249,12206,12206,12206,0,0,0,0,0
plain,numbered,6,165,3056,1364,12726,12726,12726,0,0,0,0,0
plain,numbered,7,206,3341,1558,14435,14435,14435,0,0,0,0,0
plain,numbered,8,75,1243,640,5387,5387,5387,0,0,0,0,0
plain,numbered,9,129,2505,1126,11115,11115,11115,0,0,0,0,0
plain,numbered,10,109,1839,888,7589,7589,7589,0,0,0,0,0
plain,numbered,11,123,1946,939,7817,7817,7817,0,0,0,0,0
plain,numbered,12,111,1795,925,7307,7307,7307,0,0,0,0,0
plain,numbered,13,43,854,510,3545,3545,3545,0,0,0,0,0
plain,numbered,14,52,830,507,3539,3539,3539,0,0,0,0,0
plain,numbered,15,99,657,432,2882,2882,2882,0,0,0,0,0
plain,numbered,16,128,1844,919,7832,7832,7832,0,0,0,0,0
plain,numbered,17,111,1558,885,6643,6643,6643,0,0,0,0,0
plain,numbered,18,110,1583,917,6552,6552,6552,0,0,0,0,0
plain,numbered,19,98,971,589,3935,3935,3935,0,0,0,0,0
plain,numbered,20,135,1353,809,5399,5399,5399,0,0,0,0,0
plain,numbered,21,112,1174,678,5094,5094,5094,0,0,0,0,0
plain,numbered,22,78,1279,693,5314,5314,5314,0,0,0,0,0
plain,numbered,23,118,1052,622,4483,4483,4483,0,0,0,0,0
plain,numbered,24,64,1319,676,5754,5754,5754,0,0,0,0,0
plain,numbered,25,77,896,574,3878,3878,3878,0,0,0,0,0
plain,numbered,26,227,1320,649,5630,5630,5630,0,0,0,0,0
plain,numbered,27,93,1159,679,4790,4790,4790,0,0,0,0,0
plain,numbered,28,88,1438,791,5930,5930,5930,0,0,0,0,0
plain,numbered,29,69,978,575,4317,4317,4317,0,0,0,0,0
plain,numbered,30,60,817,451,3472,3472,3472,0,0,0,0,0
plain,numbered,31,34,550,343,2171,2171,2171,0,0,0,0,0
plain,numbered,32,30,372,280,1563,1563,1563,0,0,0,0,0
plain,numbered,33,73,1303,688,5788,5788,5788,0,0,0,0,0
plain,numbered,34,54,884,514,3594,3594,3594,0,0,0,0,0
plain,numbered,35,45,778,482,3238,3238,3238,0,0,0,0,0
plain,numbered,36,83,730,457,3068,3068,3068,0,0,0,0,0
plain,numbered,37,182,865,535,3899,3899,3899,0,0,0,0,0
plain,numbered,38,88,735,478,3065,3065,3065,0,0,0,0,0
plain,numbered,39,75,1177,637,4869,4869,4869,0,0,0,0,0
plain,numbered,40,85,1226,665,5108,5108,5108,0,0,0,0,0
plain,numbered,41,54,794,513,3365,3365,3365,0,0,0,0,0
plain,numbered,42,53,860,462,3522,3522,3522,0,0,0,0,0
plain,numbered,43,89,836,544,3609,3609,3609,0,0,0,0,0
plain,numbered,44,59,346,243,1474,1474,1474,0,0,0,0,0
plain,numbered,45,37,488,314,2085,2085,2085,0,0,0,0,0
plain,numbered,46,35,645,417,2667,2667,2667,0,0,0,0,0
plain,numbered,47,38,542,340,2423,2423,2423,0,0,0,0,0
plain,numbered,48,29,560,362,2510,2510,2510,0,0,0,0,0
plain,numbered,49,18,353,217,1533,1533,1533,0,0,0,0,0
plain,numbered,50,45,373,280,1507,1507,1507,0,0,0,0,0
plain,numbered,51,60,360,265,1546,1546,1546,0,0,0,0,0
plain,numbered,52,49,312,236,1324,1324,1324,0,0,0,0,0
plain,numbered,53,62,360,247,1433,1433,1433,0,0,0,0,0
plain,numbered,54,55,342,231,1469,1469,1469,0,0,0,0,0
plain,numbered,55,78,352,179,1647,1647,1647,0,0,0,0,0
plain,numbered,56,96,379,271,1756,1756,1756,0,0,0,0,0
plain,numbered,57,29,575,365,2545,2545,2545,0,0,0,0,0
plain,numbered,58,22,475,275,2046,2046,2046,0,0,0,0,0
plain,numbered,59,24,447,299,1970,1970,1970,0,0,0,0,0
plain,numbered,60,13,352,239,1560,1560,1560,0,0,0,0,0
plain,numbered,61,14,226,156,966,966,966,0,0,0,0,0
plain,numbered,62,11,177,133,768,768,768,0,0,0,0,0
plain,numbered,63,11,181,139,801,801,801,0,0,0,0,0
plain,numbered,64,18,242,183,1091,1091,1091,0,0,0,0,0
plain,numbered,65,12,289,205,1203,1203,1203,0,0,0,0,0
plain,numbered,66,12,254,197,1105,1105,1105,0,0,0,0,0
plain,numbered,67,30,333,224,1347,1347,1347,0,0,0,0,0
plain,numbered,68,52,301,228,1289,1289,1289,0,0,0,0,0
plain,numbered,69,52,260,203,1133,1133,1133,0,0,0,0,0
plain,numbered,70,44,217,177,971,971,971,0,0,0,0,0
plain,numbered,71,28,227,172,965,965,965,0,0,0,0,0
plain,numbered,72,28,286,201,1109,1109,1109,0,0,0,0,0
plain,numbered,73,20,200,158,854,854,854,0,0,0,0,0
plain,numbered,74,56,256,193,1035,1035,1035,0,0,0,0,0
plain,numbered,75,40,164,124,676,676,676,0,0,0,0,0
plain,numbered,76,31,243,196,1087,1087,1087,0,0,0,0,0
plain,numbered,77,50,181,129,841,841,841,0,0,0,0,0
plain,numbered,78,40,174,146,796,796,796,0,0,0,0,0
plain,numbered,79,46,179,154,785,785,785,0,0,0,0,0
plain,numbered,80,42,133,116,552,552,552,0,0,0,0,0
plain,numbered,81,29,104,84,435,435,435,0,0,0,0,0
plain,numbered,82,19,81,63,333,333,333,0,0,0,0,0
plain,numbered,83,36,169,118,750,750,750,0,0,0,0,0
plain,numbered,84,25,108,91,445,445,445,0,0,0,0,0
plain,numbered,85,22,109,97,469,469,469,0,0,0,0,0
plain,numbered,86,17,61,53,254,254,254,0,0,0,0,0
plain,numbered,87,19,72,67,296,296,296,0,0,0,0,0
plain,numbered,88,26,92,76,382,382,382,0,0,0,0,0
plain,numbered,89,30,139,114,584,584,584,0,0,0,0,0
plain,numbered,90,20,82,70,342,342,342,0,0,0,0,0
plain,numbered,91,15,54,48,253,253,253,0,0,0,0,0
plain,numbered,92,21,71,59,314,314,314,0,0,0,0,0
plain,numbered,93,11,40,35,165,165,165,0,0,0,0,0
plain,numbered,94,8,27,23,102,102,102,0,0,0,0,0
plain,numbered,95,8,34,34,162,162,162,0,0,0,0,0
plain,numbered,96,19,72,55,288,288,288,0,0,0,0,0
plain,numbered,97,5,30,25,115,115,115,0,0,0,0,0
plain,numbered,98,8,94,70,404,404,404,0,0,0,0,0
plain,numbered,99,8,36,29,158,158,158,0,0,0,0,0
plain,numbered,100,11,40,35,169,169,169,0,0,0,0,0
plain,numbered,101,11,36,28,160,160,160,0,0,0,0,0
plain,numbered,102,8,28,20,123,123,123,0,0,0,0,0
plain,numbered,103,3,14,13,73,73,73,0,0,0,0,0
plain,numbered,104,9,33,31,134,134,134,0,0,0,0,0
plain,numbered,105,5,23,22,97,97,97,0,0,0,0,0
plain,numbered,106,4,17,16,77,77,77,0,0,0,0,0
plain,numbered,107,7,25,22,114,114,114,0,0,0,0,0
plain,numbered,108,3,10,10,43,43,43,0,0,0,0,0
plain,numbered,109,6,27,18,99,99,99,0,0,0,0,0
plain,numbered,110,3,19,18,80,80,80,0,0,0,0,0
plain,numbered,111,5,23,22,81,81,81,0,0,0,0,0
plain,numbered,112,4,15,12,47,47,47,0,0,0,0,0
plain,numbered,113,5,23,17,73,73,73,0,0,0,0,0
plain,numbered,114,6,20,16,80,80,80,0,0,0,0,0
search,file,1,7,29,26,143,143,143,0,0,0,0,0
search,file,2,286,6145,2259,26268,26268,26268,0,0,0,0,0
search,file,3,200,3505,1463,15004,15004,15004,0,0,0,0,0
search,file,4,176,3767,1508,16351,16351,16351,0,0,0,0,0
search,file,5,120,2841,1243,12225,12225,12225,0,0,0,0,0
search,file,6,165,3060,1351,12745,12745,12745,0,0,0,0,0
search,file,7,206,3345,1548,14454,14454,14454,0,0,0,0,0
search,file,8,75,1247,637,5406,5406,5406,0,0,0,0,0
search,file,9,129,2505,1118,11115,11115,11115,0,0,0,0,0
search,file,10,109,1843,881,7608,7608,7608,0,0,0,0,0
search,file,11,123,1950,929,7836,7836,7836,0,0,0,0,0
search,file,12,111,1799,916,7326,7326,7326,0,0,0,0,0
search,file,13,43,858,510,3564,3564,3564,0,0,0,0,0
search,file,14,52,834,506,3558,3558,3558,0,0,0,0,0
search,file,15,99,661,427,2901,2901,2901,0,0,0,0,0
search,file,16,128,1848,918,7851,7851,7851,0,0,0,0,0
search,file,17,111,1562,883,6662,6662,6662,0,0,0,0,0
search,file,18,110,1587,911,6571,6571,6571,0,0,0,0,0
search,file,19,98,975,584,3954,3954,3954,0,0,0,0,0
search,file,20,135,1357,806,5418,5418,5418,0,0,0,0,0
search,file,21,112,1178,671,5113,5113,5113,0,0,0,0,0
search,file,22,78,1283,693,5333,5333,5333,0,0,0,0,0
search,file,23,118,1056,621,4502,4502,4502,0,0,0,0,0
search,file,24,64,1323,675,5773,5773,5773,0,0,0,0,0
search,file,25,77,900,574,3897,3897,3897,0,0,0,0,0
search,file,26,227,1324,642,5649,5649,5649,0,0,0,0,0
search,file,27,93,1163,673,4809,4809,4809,0,0,0,0,0
search,file,28,88,1442,787,5949,5949,5949,0,0,0,0,0
search,file,29,69,982,575,4336,4336,4336,0,0,0,0,0
search,file,30,60,821,452,3491,3491,3491,0,0,0,0,0
search,file,31,34,554,341,2190,2190,2190,0,0,0,0,0
search,file,32,30,376,280,1582,1582,1582,0,0,0,0,0
search,file,33,73,1307,690,5807,5807,5807,0,0,0,0,0
search,file,34,54,888,514,3613,3613,3613,0,0,0,0,0
search,file,35,45,782,484,3257,3257,3257,0,0,0,0,0
search,file,36,83,734,455,3087,3087,3087,0,0,0,0,0
search,file,37,182,869,534,3918,3918,3918,0,0,0,0,0
search,file,38,88,739,474,3084,3084,3084,0,0,0,0,0
search,file,39,75,1181,637,4888,4888,4888,0,0,0,0,0
search,file,40,85,1230,662,5127,5127,5127,0,0,0,0,0
search,file,41,54,798,507,3384,3384,3384,0,0,0,0,0
search,file,42,53,864,460,3541,3541,3541,0,0,0,0,0
search,file,43,89,840,541,3628,3628,3628,0,0,0,0,0
search,file,44,59,350,241,1493,1493,1493,0,0,0,0,0
search,file,45,37,492,315,2104,2104,2104,0,0,0,0,0
search,file,46,35,649,414,2686,2686,2686,0,0,0,0,0
search,file,47,38,546,341,2442,2442,2442,0,0,0,0,0
search,file,48,29,564,364,2529,2529,2529,0,0,0,0,0
search,file,49,18,357,218,1552,1552,1552,0,0,0,0,0
search,file,50,45,377,280,1526,1526,1526,0,0,0,0,0
search,file,51,60,364,265,1565,1565,1565,0,0,0,0,0
search,file,52,49,316,238,1343,1343,1343,0,0,0,0,0
search,file,53,62,364,247,1452,1452,1452,0,0,0,0,0
search,file,54,55,346,234,1488,1488,1488,0,0,0,0,0
search,file,55,78,356,179,1666,1666,1666,0,0,0,0,0
search,file,56,96,383,273,1775,1775,1775,0,0,0,0,0
search,file,57,29,579,365,2564,2564,2564,0,0,0,0,0
search,file,58,22,479,275,2065,2065,2065,0,0,0,0,0
search,file,59,24,451,298,1989,1989,1989,0,0,0,0,0
search,file,60,13,356,241,1579,1579,1579,0,0,0,0,0
search,file,61,14,230,157,985,985,985,0,0,0,0,0
search,file,62,11,181,136,787,787,787,0,0,0,0,0
search,file,63,11,185,141,820,820,820,0,0,0,0,0
search,file,64,18,246,185,1110,1110,1110,0,0,0,0,0
search,file,65,12,293,206,1222,1222,1222,0,0,0,0,0
search,file,66,12,258,199,1124,1124,1124,0,0,0,0,0
search,file,67,30,337,224,1366,1366,1366,0,0,0,0,0
search,file,68,52,305,231,1308,1308,1308,0,0,0,0,0
search,file,69,52,264,206,1152,1152,1152,0,0,0,0,0
search,file,70,44,221,179,990,990,990,0,0,0,0,0
search,file,71,28,231,174,984,984,984,0,0,0,0,0
search,file,72,28,290,202,1128,1128,1128,0,0,0,0,0
search,file,73,20,204,160,873,873,873,0,0,0,0,0
search,file,74,56,260,195,1054,1054,1054,0,0,0,0,0
search,file,75,40,168,127,695,695,695,0,0,0,0,0
search,file,76,31,247,198,1106,1106,1106,0,0,0,0,0
search,file,77,50,185,133,860,860,860,0,0,0,0,0
search,file,78,40,178,149,815,815,815,0,0,0,0,0
search,file,79,46,183,156,804,804,804,0,0,0,0,0
search,file,80,42,137,120,571,571,571,0,0,0,0,0
search,file,81,29,108,86,454,454,454,0,0,0,0,0
search,file,82,19,85,67,352,352,352,0,0,0,0,0
search,file,83,36,173,120,769,769,769,0,0,0,0,0
search,file,84,25,112,94,464,464,464,0,0,0,0,0
search,file,85,22,113,100,488,488,488,0,0,0,0,0
search,file,86,17,65,57,273,273,273,0,0,0,0,0
search,file,87,19,76,70,315,315,315,0,0,0,0,0
search,file,88,26,96,79,401,401,401,0,0,0,0,0
search,file,89,30,143,118,603,603,603,0,0,0,0,0
search,file,90,20,86,74,361,361,361,0,0,0,0,0
search,file,91,15,58,51,272,272,272,0,0,0,0,0
search,file,92,21,75,63,333,333,333,0,0,0,0,0
search,file,93,11,44,39,184,184,184,0,0,0,0,0
search,file,94,8,31,27,121,121,121,0,0,0,0,0
search,file,95,8,38,37,181,181,181,0,0,0,0,0
search,file,96,19,76,57,307,307,307,0,0,0,0,0
search,file,97,5,34,29,134,134,134,0,0,0,0,0
search,file,98,8,98,73,423,423,423,0,0,0,0,0
search,file,99,8,40,33,177,177,177,0,0,0,0,0
search,file,100,11,44,39,188,188,188,0,0,0,0,0
search,file,101,11,40,32,179,179,179,0,0,0,0,0
search,file,102,8,32,24,142,142,142,0,0,0,0,0
search,file,103,3,18,17,92,92,92,0,0,0,0,0
search,file,104,9,37,34,153,153,153,0,0,0,0,0
search,file,105,5,27,26,116,116,116,0,0,0,0,0
search,file,106,4,21,20,96,96,96,0,0,0,0,0
search,file,107,7,29,26,133,133,133,0,0,0,0,0
search,file,108,3,14,14,62,62,62,0,0,0,0,0
search,file,109,6,31,22,118,118,118,0,0,0,0,0
search,file,110,3,23,21,99,99,99,0,0,0,0,0
search,file,111,5,27,26,100,100,100,0,0,0,0,0
search,file,112,4,19,15,66,66,66,0,0,0,0,0
search,file,113,5,27,21,92,92,92,0,0,0,0,0
search,file,114,6,24,20,99,99,99,0,0,0,0,0
search,numbered,1,7,29,26,143,143,143,0,0,0,0,0
search,numbered,2,286,6141,2258,26249,26249,26249,0,0,0,0,0
search,numbered,3,200,3501,1460,14985,14985,14985,0,0,0,0,0
search,numbered,4,176,3763,1505,16332,16332,16332,0,0,0,0,0
search,numbered,5,120,2837,1240,12206,12206,12206,0,0,0,0,0
search,numbered,6,165,3056,1348,12726,12726,12726,0,0,0,0,0
search,numbered,7,206,3341,1545,14435,14435,14435,0,0,0,0,0
search,numbered,8,75,1243,634,5387,5387,5387,0,0,0,0,0
search,numbered,9,129,2505,1118,11115,11115,11115,0,0,0,0,0
search,numbered,10,109,1839,879,7589,7589,7589,0,0,0,0,0
search,numbered,11,123,1946,927,7817,7817,7817,0,0,0,0,0
search,numbered,12,111,1795,914,7307,7307,7307,0,0,0,0,0
search,numbered,13,43,854,507,3545,3545,3545,0,0,0,0,0
search,numbered,14,52,830,503,3539,3539,3539,0,0,0,0,0
search,numbered,15,99,657,425,2882,2882,2882,0,0,0,0,0
search,numbered,16,128,1844,915,7832,7832,7832,0,0,0,0,0
search,numbered,17,111,1558,881,6643,6643,6643,0,0,0,0,0
search,numbered,18,110,1583,908,6552,6552,6552,0,0,0,0,0
search,numbered,19,98,971,582,3935,3935,3935,0,0,0,0,0
search,numbered,20,135,1353,804,5399,5399,5399,0,0,0,0,0
search,numbered,21,112,1174,669,5094,5094,5094,0,0,0,0,0
search,numbered,22,78,1279,690,5314,5314,5314,0,0,0,0,0
search,numbered,23,118,1052,618,4483,4483,4483,0,0,0,0,0
search,numbered,24,64,1319,672,5754,5754,5754,0,0,0,0,0
search,numbered,25,77,896,572,3878,3878,3878,0,0,0,0,0
search,numbered,26,227,1320,641,5630,5630,5630,0,0,0,0,0
search,numbered,27,93,1159,673,4790,4790,4790,0,0,0,0,0
search,numbered,28,88,1438,785,5930,5930,5930,0,0,0,0,0
search,numbered,29,69,978,572,4317,4317,4317,0,0,0,0,0
search,numbered,30,60,817,450,3472,3472,3472,0,0,0,0,0
search,numbered,31,34,550,338,2171,2171,2171,0,0,0,0,0
search,numbered,32,30,372,278,1563,1563,1563,0,0,0,0,0
search,numbered,33,73,1303,687,5788,5788,5788,0,0,0,0,0
search,numbered,34,54,884,512,3594,3594,3594,0,0,0,0,0
search,numbered,35,45,778,481,3238,3238,3238,0,0,0,0,0
search,numbered,36,83,730,454,3068,3068,3068,0,0,0,0,0
search,numbered,37,182,865,531,3899,3899,3899,0,0,0,0,0
search,numbered,38,88,735,471,3065,3065,3065,0,0,0,0,0
search,numbered,39,75,1177,635,4869,4869,4869,0,0,0,0,0
search,numbered,40,85,1226,659,5108,5108,5108,0,0,0,0,0
search,numbered,41,54,794,506,3365,3365,3365,0,0,0,0,0
search,numbered,42,53,860,458,3522,3522,3522,0,0,0,0,0
search,numbered,43,89,836,539,3609,3609,3609,0,0,0,0,0
search,numbered,44,59,346,239,1474,1474,1474,0,0,0,0,0
search,numbered,45,37,488,312,2085,2085,2085,0,0,0,0,0
search,numbered,46,35,645,412,2667,2667,2667,0,0,0,0,0
search,numbered,47,38,542,338,2423,2423,2423,0,0,0,0,0
search,numbered,48,29,560,361,2510,2510,2510,0,0,0,0,0
search,numbered,49,18,353,215,1533,1533,1533,0,0,0,0,0
search,numbered,50,45,373,278,1507,1507,1507,0,0,0,0,0
search,numbered,51,60,360,262,1546,1546,1546,0,0,0,0,0
search,numbered,52,49,312,236,1324,1324,1324,0,0,0,0,0
search,numbered,53,62,360,244,1433,1433,1433,0,0,0,0,0
search,numbered,54,55,342,230,1469,1469,1469,0,0,0,0,0
search,numbered,55,78,352,176,1647,1647,1647,0,0,0,0,0
search,numbered,56,96,379,269,1756,1756,1756,0,0,0,0,0
search,numbered,57,29,575,362,2545,2545,2545,0,0,0,0,0
search,numbered,58,22,475,272,2046,2046,2046,0,0,0,0,0
search,numbered,59,24,447,297,1970,1970,1970,0,0,0,0,0
search,numbered,60,13,352,238,1560,1560,1560,0,0,0,0,0
search,numbered,61,14,226,154,966,966,966,0,0,0,0,0
search,numbered,62,11,177,133,768,768,768,0,0,0,0,0
search,numbered,63,11,181,138,801,801,801,0,0,0,0,0
search,numbered,64,18,242,182,1091,1091,1091,0,0,0,0,0
search,numbered,65,12,289,203,1203,1203,1203,0,0,0,0,0
search,numbered,66,12,254,196,1105,1105,1105,0,0,0,0,0
search,numbered,67,30,333,222,1347,1347,1347,0,0,0,0,0
search,numbered,68,52,301,227,1289,1289,1289,0,0,0,0,0
search,numbered,69,52,260,202,1133,1133,1133,0,0,0,0,0
search,numbered,70,44,217,176,971,971,971,0,0,0,0,0
search,numbered,71,28,227,171,965,965,965,0,0,0,0,0
search,numbered,72,28,286,199,1109,1109,1109,0,0,0,0,0
search,numbered,73,20,200,157,854,854,854,0,0,0,0,0
search,numbered,74,56,256,192,1035,1035,1035,0,0,0,0,0
search,numbered,75,40,164,123,676,676,676,0,0,0,0,0
search,numbered,76,31,243,195,1087,1087,1087,0,0,0,0,0
search,numbered,77,50,181,129,841,841,841,0,0,0,0,0
search,numbered,78,40,174,146,796,796,796,0,0,0,0,0
search,numbered,79,46,179,153,785,785,785,0,0,0,0,0
search,numbered,80,42,133,116,552,552,552,0,0,0,0,0
search,numbered,81,29,104,83,435,435,435,0,0,0,0,0
search,numbered,82,19,81,63,333,333,333,0,0,0,0,0
search,numbered,83,36,169,116,750,750,750,0,0,0,0,0
search,numbered,84,25,108,90,445,445,445,0,0,0,0,0
search,numbered,85,22,109,96,469,469,469,0,0,0,0,0
search,numbered,86,17,61,53,254,254,254,0,0,0,0,0
search,numbered,87,19,72,67,296,296,296,0,0,0,0,0
search,numbered,88,26,92,76,382,382,382,0,0,0,0,0
search,numbered,89,30,139,114,584,584,584,0,0,0,0,0
search,numbered,90,20,82,70,342,342,342,0,0,0,0,0
search,numbered,91,15,54,48,253,253,253,0,0,0,0,0
search,numbered,92,21,71,59,314,314,314,0,0,0,0,0
search,numbered,93,11,40,35,165,165,165,0,0,0,0,0
search,numbered,94,8,27,23,102,102,102,0,0,0,0,0
search,numbered,95,8,34,34,162,162,162,0,0,0,0,0
search,numbered,96,19,72,54,288,288,288,0,0,0,0,0
search,numbered,97,5,30,25,115,115,115,0,0,0,0,0
search,numbered,98,8,94,70,404,404,404,0,0,0,0,0
search,numbered,99,8,36,29,158,158,158,0,0,0,0,0
search,numbered,100,11,40,35,169,169,169,0,0,0,0,0
search,numbered,101,11,36,28,160,160,160,0,0,0,0,0
search,numbered,102,8,28,20,123,123,123,0,0,0,0,0
search,numbered,103,3,14,13,73,73,73,0,0,0,0,0
search,numbered,104,9,33,31,134,134,134,0,0,0,0,0
search,numbered,105,5,23,22,97,97,97,0,0,0,0,0
search,numbered,106,4,17,16,77,77,77,0,0,0,0,0
search,numbered,107,7,25,22,114,114,114,0,0,0,0,0
search,numbered,108,3,10,10,43,43,43,0,0,0,0,0
search,numbered,109,6,27,18,99,99,99,0,0,0,0,0
search,numbered,110,3,19,18,80,80,80,0,0,0,0,0
search,numbered,111,5,23,22,81,81,81,0,0,0,0,0
search,numbered,112,4,15,12,47,47,47,0,0,0,0,0
search,numbered,113,5,23,17,73,73,73,0,0,0,0,0
search,numbered,114,6,20,16,80,80,80,0,0,0,0,0
