character,display,codepoint,unicode_name,unicode_category,source_count,verse_text_count,token_count,examples_verse_ids,is_base_letter,rule_ru
"
",'\n',U+000A,UNNAMED,Cc,6236,0,0,,0,Метаданные или разделитель записей; не является текстом аята.
 ,' ',U+0020,SPACE,Zs,76590,76590,0,1:1;1:2;1:3,0,Граница токена; сохраняется в тексте и spans.
0,0,U+0030,DIGIT ZERO,Nd,1412,0,0,,0,Метаданные или разделитель записей; не является текстом аята.
1,1,U+0031,DIGIT ONE,Nd,4137,0,0,,0,Метаданные или разделитель записей; не является текстом аята.
2,2,U+0032,DIGIT TWO,Nd,3402,0,0,,0,Метаданные или разделитель записей; не является текстом аята.
3,3,U+0033,DIGIT THREE,Nd,2742,0,0,,0,Метаданные или разделитель записей; не является текстом аята.
4,4,U+0034,DIGIT FOUR,Nd,2323,0,0,,0,Метаданные или разделитель записей; не является текстом аята.
5,5,U+0035,DIGIT FIVE,Nd,2202,0,0,,0,Метаданные или разделитель записей; не является текстом аята.
6,6,U+0036,DIGIT SIX,Nd,2085,0,0,,0,Метаданные или разделитель записей; не является текстом аята.
7,7,U+0037,DIGIT SEVEN,Nd,2139,0,0,,0,Метаданные или разделитель записей; не является текстом аята.
8,8,U+0038,DIGIT EIGHT,Nd,1715,0,0,,0,Метаданные или разделитель записей; не является текстом аята.
9,9,U+0039,DIGIT NINE,Nd,1512,0,0,,0,Метаданные или разделитель записей; не является текстом аята.
|,|,U+007C,VERTICAL LINE,Sm,12472,0,0,,0,Метаданные или разделитель записей; не является текстом аята.
ء,ء,U+0621,ARABIC LETTER HAMZA,Lo,1578,1578,1578,2:6;2:13;2:17,1,Сохраняется; NFC только каноническая нормализация.
آ,آ,U+0622,ARABIC LETTER ALEF WITH MADDA ABOVE,Lo,1511,1511,1511,2:4;2:8;2:9,1,Сохраняется в raw/nfc/plain; объединяется только в search.
أ,أ,U+0623,ARABIC LETTER ALEF WITH HAMZA ABOVE,Lo,9119,9119,9119,1:7;2:4;2:5,1,Сохраняется в raw/nfc/plain; объединяется только в search.
ؤ,ؤ,U+0624,ARABIC LETTER WAW WITH HAMZA ABOVE,Lo,673,673,673,2:3;2:4;2:6,1,Сохраняется; NFC только каноническая нормализация.
إ,إ,U+0625,ARABIC LETTER ALEF WITH HAMZA BELOW,Lo,5108,5108,5108,1:5;2:4;2:6,1,Сохраняется в raw/nfc/plain; объединяется только в search.
ئ,ئ,U+0626,ARABIC LETTER YEH WITH HAMZA ABOVE,Lo,1182,1182,1182,2:5;2:14;2:15,1,Сохраняется; NFC только каноническая нормализация.
ا,ا,U+0627,ARABIC LETTER ALEF,Lo,43875,43875,43875,1:1;1:2;1:3,1,Сохраняется; NFC только каноническая нормализация.
ب,ب,U+0628,ARABIC LETTER BEH,Lo,11603,11603,11603,1:1;1:2;1:5,1,Сохраняется; NFC только каноническая нормализация.
ة,ة,U+0629,ARABIC LETTER TEH MARBUTA,Lo,2344,2344,2344,2:3;2:4;2:7,1,Сохраняется; NFC только каноническая нормализация.
ت,ت,U+062A,ARABIC LETTER TEH,Lo,10520,10520,10520,1:5;1:6;1:7,1,Сохраняется; NFC только каноническая нормализация.
ث,ث,U+062B,ARABIC LETTER THEH,Lo,1414,1414,1414,2:17;2:22;2:23,1,Сохраняется; NFC только каноническая нормализация.
ج,ج,U+062C,ARABIC LETTER JEEM,Lo,3317,3317,3317,2:16;2:18;2:19,1,Сохраняется; NFC только каноническая нормализация.
ح,ح,U+062D,ARABIC LETTER HAH,Lo,4364,4364,4364,1:1;1:2;1:3,1,Сохраняется; NFC только каноническая нормализация.
خ,خ,U+062E,ARABIC LETTER KHAH,Lo,2497,2497,2497,2:4;2:7;2:8,1,Сохраняется; NFC только каноническая нормализация.
د,د,U+062F,ARABIC LETTER DAL,Lo,5991,5991,5991,1:2;1:4;1:5,1,Сохраняется; NFC только каноническая нормализация.
ذ,ذ,U+0630,ARABIC LETTER THAL,Lo,4932,4932,4932,1:7;2:2;2:3,1,Сохраняется; NFC только каноническая нормализация.
ر,ر,U+0631,ARABIC LETTER REH,Lo,12627,12627,12627,1:1;1:2;1:3,1,Сохраняется; NFC только каноническая нормализация.
ز,ز,U+0632,ARABIC LETTER ZAIN,Lo,1599,1599,1599,2:3;2:4;2:10,1,Сохраняется; NFC только каноническая нормализация.
س,س,U+0633,ARABIC LETTER SEEN,Lo,6124,6124,6124,1:1;1:5;1:6,1,Сохраняется; NFC только каноническая нормализация.
ش,ش,U+0634,ARABIC LETTER SHEEN,Lo,2124,2124,2124,2:7;2:9;2:12,1,Сохраняется; NFC только каноническая нормализация.
ص,ص,U+0635,ARABIC LETTER SAD,Lo,2072,2072,2072,1:6;1:7;2:3,1,Сохраняется; NFC только каноническая нормализация.
ض,ض,U+0636,ARABIC LETTER DAD,Lo,1686,1686,1686,1:7;2:10;2:11,1,Сохраняется; NFC только каноническая нормализация.
ط,ط,U+0637,ARABIC LETTER TAH,Lo,1273,1273,1273,1:6;1:7;2:14,1,Сохраняется; NFC только каноническая нормализация.
ظ,ظ,U+0638,ARABIC LETTER ZAH,Lo,853,853,853,2:7;2:17;2:19,1,Сохраняется; NFC только каноническая нормализация.
ع,ع,U+0639,ARABIC LETTER AIN,Lo,9405,9405,9405,1:2;1:5;1:7,1,Сохраняется; NFC только каноническая нормализация.
غ,غ,U+063A,ARABIC LETTER GHAIN,Lo,1221,1221,1221,1:7;2:3;2:7,1,Сохраняется; NFC только каноническая нормализация.
ـ,ـ,U+0640,ARABIC TATWEEL,Lm,939,939,939,1:1;1:3;2:1,0,Удаляется только в plain/search; в raw/nfc сохраняется.
ف,ف,U+0641,ARABIC LETTER FEH,Lo,8747,8747,8747,2:2;2:3;2:5,1,Сохраняется; NFC только каноническая нормализация.
ق,ق,U+0642,ARABIC LETTER QAF,Lo,7034,7034,7034,1:6;2:2;2:3,1,Сохраняется; NFC только каноническая нормализация.
ك,ك,U+0643,ARABIC LETTER KAF,Lo,10497,10497,10497,1:4;1:5;2:2,1,Сохраняется; NFC только каноническая нормализация.
ل,ل,U+0644,ARABIC LETTER LAM,Lo,38639,38639,38639,1:1;1:2;1:3,1,Сохраняется; NFC только каноническая нормализация.
م,م,U+0645,ARABIC LETTER MEEM,Lo,27071,27071,27071,1:1;1:2;1:3,1,Сохраняется; NFC только каноническая нормализация.
ن,ن,U+0646,ARABIC LETTER NOON,Lo,27382,27382,27382,1:1;1:2;1:3,1,Сохраняется; NFC только каноническая нормализация.
ه,ه,U+0647,ARABIC LETTER HEH,Lo,14962,14962,14962,1:1;1:2;1:6,1,Сохраняется; NFC только каноническая нормализация.
و,و,U+0648,ARABIC LETTER WAW,Lo,24813,24813,24813,1:4;1:5;1:7,1,Сохраняется; NFC только каноническая нормализация.
ى,ى,U+0649,ARABIC LETTER ALEF MAKSURA,Lo,2595,2595,2595,2:2;2:5;2:7,1,Сохраняется в raw/nfc/plain; объединяется только в search.
ي,ي,U+064A,ARABIC LETTER YEH,Lo,22085,22085,22085,1:1;1:2;1:3,1,Сохраняется; NFC только каноническая нормализация.
ً,ً,U+064B,ARABIC FATHATAN,Mn,3742,3742,3742,2:2;2:5;2:10,0,Удаляется только в plain/search; в raw/nfc сохраняется.
ٌ,ٌ,U+064C,ARABIC DAMMATAN,Mn,2519,2519,2519,2:6;2:7;2:10,0,Удаляется только в plain/search; в raw/nfc сохраняется.
ٍ,ٍ,U+064D,ARABIC KASRATAN,Mn,2633,2633,2633,2:17;2:19;2:20,0,Удаляется только в plain/search; в raw/nfc сохраняется.
َ,َ,U+064E,ARABIC FATHA,Mn,121886,121886,121886,1:1;1:2;1:3,0,Удаляется только в plain/search; в raw/nfc сохраняется.
ُ,ُ,U+064F,ARABIC DAMMA,Mn,37320,37320,37320,1:2;1:5;1:6,0,Удаляется только в plain/search; в raw/nfc сохраняется.
ِ,ِ,U+0650,ARABIC KASRA,Mn,46642,46642,46642,1:1;1:2;1:3,0,Удаляется только в plain/search; в raw/nfc сохраняется.
ّ,ّ,U+0651,ARABIC SHADDA,Mn,23016,23016,23016,1:1;1:2;1:3,0,Удаляется только в plain/search; в raw/nfc сохраняется.
ْ,ْ,U+0652,ARABIC SUKUN,Mn,37372,37372,37372,1:1;1:2;1:3,0,Удаляется только в plain/search; в raw/nfc сохраняется.
ٰ,ٰ,U+0670,ARABIC LETTER SUPERSCRIPT ALEF,Mn,3330,3330,3330,1:1;1:3;2:1,0,Удаляется только в plain/search; в raw/nfc сохраняется.
ۖ,ۖ,U+06D6,ARABIC SMALL HIGH LIGATURE SAD WITH LAM WITH ALEF MAKSURA,Mn,1682,1682,0,2:5;2:7;2:10,0,Удаляется только в plain/search; в raw/nfc сохраняется.
ۗ,ۗ,U+06D7,ARABIC SMALL HIGH LIGATURE QAF WITH LAM WITH ALEF MAKSURA,Mn,603,603,0,2:13;2:61;2:74,0,Удаляется только в plain/search; в raw/nfc сохраняется.
ۘ,ۘ,U+06D8,ARABIC SMALL HIGH MEEM INITIAL FORM,Mn,22,22,0,2:26;2:118;2:212,0,Удаляется только в plain/search; в raw/nfc сохраняется.
ۙ,ۙ,U+06D9,ARABIC SMALL HIGH LAM ALEF,Mn,68,68,0,2:25;2:120;2:145,0,Удаляется только в plain/search; в raw/nfc сохраняется.
ۚ,ۚ,U+06DA,ARABIC SMALL HIGH JEEM,Mn,1972,1972,0,2:19;2:20;2:26,0,Удаляется только в plain/search; в raw/nfc сохраняется.
ۛ,ۛ,U+06DB,ARABIC SMALL HIGH THREE DOTS,Mn,12,12,0,2:2;2:195;5:26,0,Удаляется только в plain/search; в raw/nfc сохраняется.
ۜ,ۜ,U+06DC,ARABIC SMALL HIGH SEEN,Mn,5,5,0,18:1;36:52;69:28,0,Удаляется только в plain/search; в raw/nfc сохраняется.
۞,۞,U+06DE,ARABIC START OF RUB EL HIZB,So,199,199,0,2:26;2:44;2:60,0,Удаляется только в plain/search; в raw/nfc сохраняется.
۩,۩,U+06E9,ARABIC PLACE OF SAJDAH,So,15,15,0,7:206;13:15;16:50,0,Удаляется только в plain/search; в raw/nfc сохраняется.
