sequence,codepoints,frequency,token_count,example_token_ids
َ,U+064E,105117,62197,1:1:3;1:2:1;1:2:3;1:2:4;1:3:1;1:4:1;1:4:2;1:5:1;1:5:2;1:5:3;1:5:4;1:6:1;1:6:2;1:6:3;1:7:1;1:7:2;1:7:3;1:7:4;1:7:5;1:7:6;1:7:7;1:7:8;1:7:9;2:1:3;2:2:1;
ِ,U+0650,42446,35094,1:1:1;1:1:2;1:1:3;1:1:4;1:2:2;1:2:4;1:3:1;1:3:2;1:4:1;1:4:2;1:4:3;1:5:1;1:5:3;1:5:4;1:6:1;1:6:3;1:7:1;1:7:2;1:7:4;1:7:5;1:7:6;1:7:7;2:1:1;2:1:2;2:1:3;
ْ,U+0652,37372,31478,1:1:1;1:1:3;1:2:1;1:2:4;1:3:1;1:4:2;1:5:2;1:5:4;1:6:1;1:6:3;1:7:3;1:7:4;1:7:5;1:7:6;1:7:7;2:1:1;2:1:3;2:2:2;2:2:4;2:2:7;2:3:2;2:3:3;2:3:7;2:4:2;2:4:5;
ُ,U+064F,35286,28094,1:2:1;1:5:2;1:5:4;1:6:3;1:7:6;2:2:2;2:2:6;2:2:7;2:3:2;2:3:4;2:3:7;2:3:8;2:4:2;2:4:4;2:4:7;2:4:11;2:4:12;2:5:1;2:5:3;2:5:6;2:5:7;2:5:8;2:6:3;2:6:6;2:6:
َّ,U+0651 U+064E,16290,16067,1:1:2;1:1:3;1:1:4;1:2:2;1:3:1;1:3:2;1:5:1;1:5:3;1:7:2;1:7:9;2:1:2;2:1:3;2:1:4;2:2:7;2:3:1;2:3:5;2:3:6;2:4:1;2:5:5;2:6:1;2:6:2;2:7:2;2:8:2;2:8:5;2:8:6;
ِّ,U+0651 U+0650,4196,4148,1:2:3;1:4:3;1:6:2;1:7:9;2:2:7;2:5:4;2:5:5;2:16:8;2:19:2;2:19:3;2:19:13;2:20:23;2:23:5;2:23:11;2:23:12;2:23:15;2:25:1;2:25:18;2:26:19;2:29:17;2:30:5;2:
ً,U+064B,3472,3472,2:2:6;2:5:3;2:10:6;2:17:5;2:22:5;2:22:7;2:22:11;2:22:16;2:22:21;2:25:18;2:25:27;2:26:7;2:26:9;2:26:28;2:26:31;2:26:34;2:28:5;2:29:8;2:30:9;2:35:10;2:3
ٰ,U+0670,2851,2851,1:1:3;1:3:1;2:1:3;2:5:1;2:5:2;2:5:6;2:7:3;2:7:5;2:7:7;2:12:5;2:13:17;2:14:9;2:16:1;2:16:5;2:20:22;2:23:7;2:25:20;2:26:27;2:27:18;2:29:10;2:31:12;2:34:
ٍ,U+064D,2542,2542,2:17:15;2:19:2;2:20:24;2:23:4;2:23:10;2:25:8;2:25:17;2:29:15;2:29:18;2:36:11;2:36:19;2:37:5;2:41:10;2:48:7;2:60:17;2:61:8;2:61:9;2:61:43;2:63:10;2:74:
ٌ,U+064C,2385,2385,2:6:4;2:7:9;2:7:11;2:7:12;2:10:3;2:10:8;2:10:9;2:18:2;2:18:3;2:19:6;2:19:7;2:19:8;2:19:18;2:20:25;2:25:30;2:25:31;2:29:19;2:30:6;2:36:17;2:38:13;2:45:
ُّ,U+0651 U+064F,2034,2024,2:13:12;2:13:16;2:15:4;2:21:2;2:25:31;2:26:17;2:26:29;2:26:36;2:30:3;2:46:2;2:46:4;2:55:6;2:60:16;2:63:6;2:69:17;2:74:10;2:76:18;2:77:7;2:78:2;2:78:11
َٰ,U+064E U+0670,478,478,2:2:1;2:49:14;2:52:6;2:54:17;2:61:46;2:61:56;2:64:5;2:68:20;2:73:4;2:74:6;2:85:32;2:113:16;2:118:11;2:143:1;2:167:13;2:176:1;2:178:27;2:178:35;2:187:5
ًّ,U+0651 U+064B,270,270,2:97:4;2:98:3;2:125:11;2:165:15;2:180:14;2:235:21;2:236:23;2:241:4;2:262:12;2:274:6;2:282:10;3:39:18;3:67:4;3:67:6;3:93:4;3:153:12;3:156:17;3:159:9;3:
ٌّ,U+0651 U+064C,134,134,2:18:1;2:36:12;2:36:16;2:98:11;2:116:12;2:168:16;2:171:13;2:208:15;2:216:19;2:217:11;2:263:10;2:265:23;2:267:29;2:285:9;3:7:38;3:86:11;3:97:23;3:117:1
ٍّ,U+0651 U+064D,91,91,2:107:15;2:120:29;2:148:1;2:246:13;3:21:9;3:112:30;3:146:3;3:153:13;3:161:3;3:181:18;4:12:82;4:33:1;4:92:27;4:155:10;4:157:22;5:48:25;5:60:4;5:116:27;
َّٰ,U+0651 U+064E U+0670,1,1,7:176:21
