profile_id,scope,unit,metric,count,sum,min,q05,q25,median,q75,q95,max,mean,population_sd
raw,file,token,letters,78248,332837,1,2.0,3.0,4.0,5.0,7.0,11,4.253616705858296,1.6137951029781648
raw,file,token,marks,78248,278460,0,1.0,3.0,3.0,4.0,6.0,11,3.5586852060116554,1.40173533371592
raw,file,token,codepoints,78248,612236,1,3.0,6.0,8.0,10.0,13.0,21,7.824302218587056,2.8674998338752347
raw,file,token,graphemes,78248,333776,1,2.0,3.0,4.0,5.0,7.0,11,4.265617012575401,1.6186716291120478
raw,file,verse,tokens,6236,78248,1,3.0,6.0,10.0,16.0,30.0,129,12.547787042976267,9.43471847371134
raw,file,verse,letters,6236,332837,3,13.0,24.0,44.0,70.0,126.25,551,53.37347658755613,39.702617228459154
raw,file,verse,marks,6236,278460,0,11.0,20.0,37.0,58.0,106.0,463,44.653624118024375,33.21123094411639
raw,file,verse,codepoints,6236,612236,3,25.0,45.0,80.5,128.0,231.0,1014,98.17767799871713,72.89834620575795
raw,file,verse,graphemes,6236,333776,3,13.0,24.0,44.0,70.0,127.0,551,53.524053880692755,39.78053043455516
raw,file,verse,unique_forms,6236,75376,1,3.0,6.0,10.0,16.0,28.0,103,12.087235407312379,8.587441640847514
raw,file,surah,ayahs,114,6236,3,5.0,15.5,39.0,77.75,168.84999999999994,286,54.70175438596491,52.979461400201714
raw,file,surah,tokens,114,78248,14,25.950000000000003,96.5,348.0,883.25,2622.599999999998,6145,686.3859649122807,931.7954890893317
raw,file,surah,letters,114,332837,62,99.0,406.5,1470.0,3829.75,11503.499999999995,26268,2919.622807017544,3976.3796555086383
raw,file,surah,marks,114,278460,57,82.95,350.25,1255.0,3178.75,9461.849999999995,21798,2442.6315789473683,3302.0952951043278
raw,file,surah,codepoints,114,612236,120,183.3,758.25,2732.5,7028.0,20986.69999999999,48127,5370.491228070176,7287.628258623512
raw,file,surah,graphemes,114,333776,63,100.65,408.0,1473.0,3849.25,11524.849999999993,26329,2927.8596491228072,3985.7564733074396
raw,file,surah,unique_forms,114,46963,14,21.0,79.25,251.0,595.5,1330.4999999999993,2640,411.9561403508772,450.6962526041446
raw,numbered,token,letters,77800,330709,1,2.0,3.0,4.0,5.0,7.0,11,4.250758354755784,1.6149882617426186
raw,numbered,token,marks,77800,276666,0,1.0,3.0,3.0,4.0,6.0,11,3.556118251928021,1.4022887448046086
raw,numbered,token,codepoints,77800,608202,1,3.0,6.0,8.0,10.0,13.0,21,7.817506426735219,2.866841181148312
raw,numbered,token,graphemes,77800,331536,1,2.0,3.0,4.0,5.0,7.0,11,4.261388174807198,1.617920251215928
raw,numbered,verse,tokens,6236,77800,1,3.0,6.0,10.0,16.0,30.0,129,12.475946119307249,9.463523299433385
raw,numbered,verse,letters,6236,330709,2,13.0,24.0,43.0,69.0,126.0,551,53.032232200128284,39.83276562906475
raw,numbered,verse,marks,6236,276666,0,11.0,20.0,36.0,58.0,105.25,463,44.365939704939066,33.327906424367356
raw,numbered,verse,codepoints,6236,608202,2,24.0,43.0,80.0,128.0,230.25,1014,97.53078896728672,73.1488231956819
raw,numbered,verse,graphemes,6236,331536,2,13.0,24.0,44.0,70.0,126.25,551,53.16484926234766,39.91378323586799
raw,numbered,verse,unique_forms,6236,74936,1,3.0,5.75,10.0,16.0,28.0,103,12.016677357280308,8.61782340853236
raw,numbered,surah,ayahs,114,6236,3,5.0,15.5,39.0,77.75,168.84999999999994,286,54.70175438596491,52.979461400201714
raw,numbered,surah,tokens,114,77800,10,21.950000000000003,92.5,344.0,879.25,2621.199999999998,6141,682.4561403508771,931.8393632775577
raw,numbered,surah,letters,114,330709,43,80.0,387.5,1451.0,3810.75,11496.849999999993,26249,2900.9561403508774,3976.6075539870926
raw,numbered,surah,marks,114,276666,41,66.95,334.25,1239.0,3162.75,9456.249999999995,21782,2426.8947368421054,3302.2948596085207
raw,numbered,surah,codepoints,114,608202,84,147.3,722.25,2696.5,6992.0,20974.099999999988,48091,5335.105263157895,7288.0673591168825
raw,numbered,surah,graphemes,114,331536,43,80.65,388.0,1453.0,3829.25,11517.849999999993,26309,2908.2105263157896,3985.996132236581
raw,numbered,surah,unique_forms,114,46599,10,17.65,76.0,248.0,592.5,1329.4499999999994,2637,408.7631578947368,451.04514697264125
nfc,file,token,letters,78248,332837,1,2.0,3.0,4.0,5.0,7.0,11,4.253616705858296,1.6137951029781648
nfc,file,token,marks,78248,278460,0,1.0,3.0,3.0,4.0,6.0,11,3.5586852060116554,1.40173533371592
nfc,file,token,codepoints,78248,612236,1,3.0,6.0,8.0,10.0,13.0,21,7.824302218587056,2.8674998338752347
nfc,file,token,graphemes,78248,333776,1,2.0,3.0,4.0,5.0,7.0,11,4.265617012575401,1.6186716291120478
nfc,file,verse,tokens,6236,78248,1,3.0,6.0,10.0,16.0,30.0,129,12.547787042976267,9.43471847371134
nfc,file,verse,letters,6236,332837,3,13.0,24.0,44.0,70.0,126.25,551,53.37347658755613,39.702617228459154
nfc,file,verse,marks,6236,278460,0,11.0,20.0,37.0,58.0,106.0,463,44.653624118024375,33.21123094411639
nfc,file,verse,codepoints,6236,612236,3,25.0,45.0,80.5,128.0,231.0,1014,98.17767799871713,72.89834620575795
nfc,file,verse,graphemes,6236,333776,3,13.0,24.0,44.0,70.0,127.0,551,53.524053880692755,39.78053043455516
nfc,file,verse,unique_forms,6236,75376,1,3.0,6.0,10.0,16.0,28.0,103,12.087235407312379,8.587441640847514
nfc,file,surah,ayahs,114,6236,3,5.0,15.5,39.0,77.75,168.84999999999994,286,54.70175438596491,52.979461400201714
nfc,file,surah,tokens,114,78248,14,25.950000000000003,96.5,348.0,883.25,2622.599999999998,6145,686.3859649122807,931.7954890893317
nfc,file,surah,letters,114,332837,62,99.0,406.5,1470.0,3829.75,11503.499999999995,26268,2919.622807017544,3976.3796555086383
nfc,file,surah,marks,114,278460,57,82.95,350.25,1255.0,3178.75,9461.849999999995,21798,2442.6315789473683,3302.0952951043278
nfc,file,surah,codepoints,114,612236,120,183.3,758.25,2732.5,7028.0,20986.69999999999,48127,5370.491228070176,7287.628258623512
nfc,file,surah,graphemes,114,333776,63,100.65,408.0,1473.0,3849.25,11524.849999999993,26329,2927.8596491228072,3985.7564733074396
nfc,file,surah,unique_forms,114,46963,14,21.0,79.25,251.0,595.5,1330.4999999999993,2640,411.9561403508772,450.6962526041446
nfc,numbered,token,letters,77800,330709,1,2.0,3.0,4.0,5.0,7.0,11,4.250758354755784,1.6149882617426186
nfc,numbered,token,marks,77800,276666,0,1.0,3.0,3.0,4.0,6.0,11,3.556118251928021,1.4022887448046086
nfc,numbered,token,codepoints,77800,608202,1,3.0,6.0,8.0,10.0,13.0,21,7.817506426735219,2.866841181148312
nfc,numbered,token,graphemes,77800,331536,1,2.0,3.0,4.0,5.0,7.0,11,4.261388174807198,1.617920251215928
nfc,numbered,verse,tokens,6236,77800,1,3.0,6.0,10.0,16.0,30.0,129,12.475946119307249,9.463523299433385
nfc,numbered,verse,letters,6236,330709,2,13.0,24.0,43.0,69.0,126.0,551,53.032232200128284,39.83276562906475
nfc,numbered,verse,marks,6236,276666,0,11.0,20.0,36.0,58.0,105.25,463,44.365939704939066,33.327906424367356
nfc,numbered,verse,codepoints,6236,608202,2,24.0,43.0,80.0,128.0,230.25,1014,97.53078896728672,73.1488231956819
nfc,numbered,verse,graphemes,6236,331536,2,13.0,24.0,44.0,70.0,126.25,551,53.16484926234766,39.91378323586799
nfc,numbered,verse,unique_forms,6236,74936,1,3.0,5.75,10.0,16.0,28.0,103,12.016677357280308,8.61782340853236
nfc,numbered,surah,ayahs,114,6236,3,5.0,15.5,39.0,77.75,168.84999999999994,286,54.70175438596491,52.979461400201714
nfc,numbered,surah,tokens,114,77800,10,21.950000000000003,92.5,344.0,879.25,2621.199999999998,6141,682.4561403508771,931.8393632775577
nfc,numbered,surah,letters,114,330709,43,80.0,387.5,1451.0,3810.75,11496.849999999993,26249,2900.9561403508774,3976.6075539870926
nfc,numbered,surah,marks,114,276666,41,66.95,334.25,1239.0,3162.75,9456.249999999995,21782,2426.8947368421054,3302.2948596085207
nfc,numbered,surah,codepoints,114,608202,84,147.3,722.25,2696.5,6992.0,20974.099999999988,48091,5335.105263157895,7288.0673591168825
nfc,numbered,surah,graphemes,114,331536,43,80.65,388.0,1453.0,3829.25,11517.849999999993,26309,2908.2105263157896,3985.996132236581
nfc,numbered,surah,unique_forms,114,46599,10,17.65,76.0,248.0,592.5,1329.4499999999994,2637,408.7631578947368,451.04514697264125
plain,file,token,letters,78248,332837,1,2.0,3.0,4.0,5.0,7.0,11,4.253616705858296,1.6137951029781648
plain,file,token,marks,78248,0,0,0.0,0.0,0.0,0.0,0.0,0,0,0.0
plain,file,token,codepoints,78248,332837,1,2.0,3.0,4.0,5.0,7.0,11,4.253616705858296,1.6137951029781648
plain,file,token,graphemes,78248,332837,1,2.0,3.0,4.0,5.0,7.0,11,4.253616705858296,1.6137951029781648
plain,file,verse,tokens,6236,78248,1,3.0,6.0,10.0,16.0,30.0,129,12.547787042976267,9.43471847371134
plain,file,verse,letters,6236,332837,3,13.0,24.0,44.0,70.0,126.25,551,53.37347658755613,39.702617228459154
plain,file,verse,marks,6236,0,0,0.0,0.0,0.0,0.0,0.0,0,0,0.0
plain,file,verse,codepoints,6236,332837,3,13.0,24.0,44.0,70.0,126.25,551,53.37347658755613,39.702617228459154
plain,file,verse,graphemes,6236,332837,3,13.0,24.0,44.0,70.0,126.25,551,53.37347658755613,39.702617228459154
plain,file,verse,unique_forms,6236,73998,1,3.0,6.0,10.0,16.0,27.0,98,11.866260423348301,8.229357922350644
plain,file,surah,ayahs,114,6236,3,5.0,15.5,39.0,77.75,168.84999999999994,286,54.70175438596491,52.979461400201714
plain,file,surah,tokens,114,78248,14,25.950000000000003,96.5,348.0,883.25,2622.599999999998,6145,686.3859649122807,931.7954890893317
plain,file,surah,letters,114,332837,62,99.0,406.5,1470.0,3829.75,11503.499999999995,26268,2919.622807017544,3976.3796555086383
plain,file,surah,marks,114,0,0,0.0,0.0,0.0,0.0,0.0,0,0,0.0
plain,file,surah,codepoints,114,332837,62,99.0,406.5,1470.0,3829.75,11503.499999999995,26268,2919.622807017544,3976.3796555086383
plain,file,surah,graphemes,114,332837,62,99.0,406.5,1470.0,3829.75,11503.499999999995,26268,2919.622807017544,3976.3796555086383
plain,file,surah,unique_forms,114,42587,14,21.0,75.25,233.5,544.0,1170.0999999999992,2279,373.5701754385965,396.7047151727845
plain,numbered,token,letters,77800,330709,1,2.0,3.0,4.0,5.0,7.0,11,4.250758354755784,1.6149882617426186
plain,numbered,token,marks,77800,0,0,0.0,0.0,0.0,0.0,0.0,0,0,0.0
plain,numbered,token,codepoints,77800,330709,1,2.0,3.0,4.0,5.0,7.0,11,4.250758354755784,1.6149882617426186
plain,numbered,token,graphemes,77800,330709,1,2.0,3.0,4.0,5.0,7.0,11,4.250758354755784,1.6149882617426186
plain,numbered,verse,tokens,6236,77800,1,3.0,6.0,10.0,16.0,30.0,129,12.475946119307249,9.463523299433385
plain,numbered,verse,letters,6236,330709,2,13.0,24.0,43.0,69.0,126.0,551,53.032232200128284,39.83276562906475
plain,numbered,verse,marks,6236,0,0,0.0,0.0,0.0,0.0,0.0,0,0,0.0
plain,numbered,verse,codepoints,6236,330709,2,13.0,24.0,43.0,69.0,126.0,551,53.032232200128284,39.83276562906475
plain,numbered,verse,graphemes,6236,330709,2,13.0,24.0,43.0,69.0,126.0,551,53.032232200128284,39.83276562906475
plain,numbered,verse,unique_forms,6236,73566,1,3.0,5.0,10.0,16.0,27.0,98,11.796985246953176,8.260870375777683
plain,numbered,surah,ayahs,114,6236,3,5.0,15.5,39.0,77.75,168.84999999999994,286,54.70175438596491,52.979461400201714
plain,numbered,surah,tokens,114,77800,10,21.950000000000003,92.5,344.0,879.25,2621.199999999998,6141,682.4561403508771,931.8393632775577
plain,numbered,surah,letters,114,330709,43,80.0,387.5,1451.0,3810.75,11496.849999999993,26249,2900.9561403508774,3976.6075539870926
plain,numbered,surah,marks,114,0,0,0.0,0.0,0.0,0.0,0.0,0,0,0.0
plain,numbered,surah,codepoints,114,330709,43,80.0,387.5,1451.0,3810.75,11496.849999999993,26249,2900.9561403508774,3976.6075539870926
plain,numbered,surah,graphemes,114,330709,43,80.0,387.5,1451.0,3810.75,11496.849999999993,26249,2900.9561403508774,3976.6075539870926
plain,numbered,surah,unique_forms,114,42254,10,17.65,71.5,229.5,541.75,1169.0499999999993,2278,370.64912280701753,397.1462672453939
search,file,token,letters,78248,332837,1,2.0,3.0,4.0,5.0,7.0,11,4.253616705858296,1.6137951029781648
search,file,token,marks,78248,0,0,0.0,0.0,0.0,0.0,0.0,0,0,0.0
search,file,token,codepoints,78248,332837,1,2.0,3.0,4.0,5.0,7.0,11,4.253616705858296,1.6137951029781648
search,file,token,graphemes,78248,332837,1,2.0,3.0,4.0,5.0,7.0,11,4.253616705858296,1.6137951029781648
search,file,verse,tokens,6236,78248,1,3.0,6.0,10.0,16.0,30.0,129,12.547787042976267,9.43471847371134
search,file,verse,letters,6236,332837,3,13.0,24.0,44.0,70.0,126.25,551,53.37347658755613,39.702617228459154
search,file,verse,marks,6236,0,0,0.0,0.0,0.0,0.0,0.0,0,0,0.0
search,file,verse,codepoints,6236,332837,3,13.0,24.0,44.0,70.0,126.25,551,53.37347658755613,39.702617228459154
search,file,verse,graphemes,6236,332837,3,13.0,24.0,44.0,70.0,126.25,551,53.37347658755613,39.702617228459154
search,file,verse,unique_forms,6236,73860,1,3.0,6.0,10.0,16.0,27.0,97,11.844130853110968,8.195264664623336
search,file,surah,ayahs,114,6236,3,5.0,15.5,39.0,77.75,168.84999999999994,286,54.70175438596491,52.979461400201714
search,file,surah,tokens,114,78248,14,25.950000000000003,96.5,348.0,883.25,2622.599999999998,6145,686.3859649122807,931.7954890893317
search,file,surah,letters,114,332837,62,99.0,406.5,1470.0,3829.75,11503.499999999995,26268,2919.622807017544,3976.3796555086383
search,file,surah,marks,114,0,0,0.0,0.0,0.0,0.0,0.0,0,0,0.0
search,file,surah,codepoints,114,332837,62,99.0,406.5,1470.0,3829.75,11503.499999999995,26268,2919.622807017544,3976.3796555086383
search,file,surah,graphemes,114,332837,62,99.0,406.5,1470.0,3829.75,11503.499999999995,26268,2919.622807017544,3976.3796555086383
search,file,surah,unique_forms,114,42263,14,21.0,75.25,232.5,539.25,1161.7499999999993,2259,370.7280701754386,393.44696437190714
search,numbered,token,letters,77800,330709,1,2.0,3.0,4.0,5.0,7.0,11,4.250758354755784,1.6149882617426186
search,numbered,token,marks,77800,0,0,0.0,0.0,0.0,0.0,0.0,0,0,0.0
search,numbered,token,codepoints,77800,330709,1,2.0,3.0,4.0,5.0,7.0,11,4.250758354755784,1.6149882617426186
search,numbered,token,graphemes,77800,330709,1,2.0,3.0,4.0,5.0,7.0,11,4.250758354755784,1.6149882617426186
search,numbered,verse,tokens,6236,77800,1,3.0,6.0,10.0,16.0,30.0,129,12.475946119307249,9.463523299433385
search,numbered,verse,letters,6236,330709,2,13.0,24.0,43.0,69.0,126.0,551,53.032232200128284,39.83276562906475
search,numbered,verse,marks,6236,0,0,0.0,0.0,0.0,0.0,0.0,0,0,0.0
search,numbered,verse,codepoints,6236,330709,2,13.0,24.0,43.0,69.0,126.0,551,53.032232200128284,39.83276562906475
search,numbered,verse,graphemes,6236,330709,2,13.0,24.0,43.0,69.0,126.0,551,53.032232200128284,39.83276562906475
search,numbered,verse,unique_forms,6236,73428,1,3.0,5.0,10.0,16.0,27.0,97,11.774855676715843,8.226799334391433
search,numbered,surah,ayahs,114,6236,3,5.0,15.5,39.0,77.75,168.84999999999994,286,54.70175438596491,52.979461400201714
search,numbered,surah,tokens,114,77800,10,21.950000000000003,92.5,344.0,879.25,2621.199999999998,6141,682.4561403508771,931.8393632775577
search,numbered,surah,letters,114,330709,43,80.0,387.5,1451.0,3810.75,11496.849999999993,26249,2900.9561403508774,3976.6075539870926
search,numbered,surah,marks,114,0,0,0.0,0.0,0.0,0.0,0.0,0,0,0.0
search,numbered,surah,codepoints,114,330709,43,80.0,387.5,1451.0,3810.75,11496.849999999993,26249,2900.9561403508774,3976.6075539870926
search,numbered,surah,graphemes,114,330709,43,80.0,387.5,1451.0,3810.75,11496.849999999993,26249,2900.9561403508774,3976.6075539870926
search,numbered,surah,unique_forms,114,41930,10,17.65,71.5,228.5,537.0,1160.6999999999994,2258,367.8070175438597,393.887994525672
