direction,analysis,status,universe,tested,limitations
A,"Полный аудит, Unicode, длины и огласовки всех единиц",complete,"Все строки, кодовые точки, токены, аяты и суры; 4 профиля × 2 области",6236 аятов; 78248 токенов; 68 кодовых точек,Полнота относительно внешнего эталона и происхождение не установлены; письменные буквы не являются звуками.
B,"Полные поверхностные словари, частоты частот и словарь каждой суры",complete,Каждая наблюдаемая токен-форма; raw/nfc/plain/search; file/numbered,132088,"Это орфографические формы, не леммы; морфология в отдельном модуле. Специфичность — описательный сглаженный log-odds."
B,"Морфология: сегменты, леммы, корни, POS и признаки",частично,77800,70655,Только надёжно выровненные токены numbered. Полный внешний источник сохранён отдельно; чужие частоты не подменяют корпус.
G,Совместная встречаемость лемм и корней,complete_bounded,top-60 каждого уровня × все пары × аят/сура/перекрывающееся окно5 внутри аята,10620,"Бинарное присутствие по выровненным сегментам. Окна из 5 исходных numbered-токенов перекрываются, не пересекают границу аята. Нулевая совместная частота сохраняется; PMI/lift показаны только при поддержке ≥5. Неполное выравнивание и длина контекста влияют на ассоциации; это описательные меры без p-value."
I,"Отрицания, обращения, вопросы, повелительные формы, имена; 12 корней числовых кандидатов; смена лица соседних глаголов",частично,"QAC v0.4, выровненные сегменты",116320,"Семантическая интерпретация, тематическая разметка, значения числовых конструкций и риторическая интерпретация переходов не валидированы."
J,"Пять опубликованных утверждений: день, месяц, басмала 114/19, пара الدنيا/الآخرة",выполнено с ограничениями,5,5,"Статусы индивидуальны; пара недостаточно специфицирована, непокрытые формы не считаются отсутствующими."
C,Словесные n-граммы,complete_within_scope,"{""profile"": ""plain"", ""scope"": ""file"", ""n"": [2, 3, 4, 5], ""cross_verse"": false, ""overlap"": true, ""nonoverlap"": ""greedy earliest-start per verse, separately per n-gram""}",251513,Полный перебор в объявленном диапазоне; другие профили и сквозные n-граммы не вычислялись.
C,Буквенные n-граммы,complete_within_scope,"{""n"": [2, 3, 4], ""boundary"": ""token"", ""unit"": ""Unicode Letter"", ""nonoverlap"": ""greedy earliest-start per token, separately per n-gram""}",540963,Только письменные буквы plain; комбинируемые знаки пропускаются. Межсловные последовательности не исследованы.
C,Полностью повторяющиеся аяты,complete_within_scope,"{""profiles"": [""raw"", ""nfc"", ""plain"", ""search""], ""scopes"": [""file"", ""numbered""]}",49888,"raw/file сравнивает raw_text целиком, включая пробелы и редакторские знаки; остальные варианты сравнивают последовательности токенов профиля. Семантическое равенство не проверяется."
C,Длинные точные повторы,partial_bounded_search,"{""seed_length"": 5, ""seed_max_support"": 40, ""min_tokens"": 8}",7282,"Все пары разрешённых затравок расширены в обе стороны до границ аята. Повторы без затравки допустимой частоты могут быть пропущены. Для каждой найденной фразы frequency и адреса исчерпывающие; long_repeat_pairs содержит только пары, полученные расширением."
C,Приблизительные совпадения аятов,partial_bounded_search,"{""approximate_seed_length"": 3, ""approximate_seed_max_verse_support"": 25, ""approximate_min_verse_tokens"": 5, ""approximate_jaccard_alignment_threshold"": 0.4, ""approximate_similarity_min"": 0.8}",18086,"Кандидат должен иметь общую затравку допустимой поддержки; Jaccard множества форм для всех кандидатов, SequenceMatcher только при Jaccard≥порога. Это не полный перебор всех пар и не редакционное расстояние. Первый аргумент — более ранний аят; отношение SequenceMatcher может зависеть от порядка аргументов."
D,"Интервалы, трети и концентрация всех словоформ",complete_within_scope,"{""types"": 14868, ""profile"": ""plain"", ""window"": 1000, ""step"": 250, ""windows"": 310, ""thirds_units"": [""ayah"", ""surah"", ""corpus""], ""frequency_bands"": [""1"", ""2-9"", ""10-99"", ""100+""]}",14868,"Описательные оценки без p-value; окна в глобальных токенах могут пересекать границы сур, последнее полное окно дополнительно привязано к концу корпуса. В сводке промежутки аятов/сур — между различными занятыми единицами; word_occurrence_gaps сохраняет интервалы последовательных вхождений, включая нулевые. Точки изменения и совпадения профилей всех пар не исследованы."
E,"Границы, половины и формальные зеркальные пары",complete_within_scope,"{""boundaries_n"": [1, 2, 3], ""mirror"": ""a ↔ A+1−a"", ""half_unit"": ""ayah""}",9327,Нечётный центральный аят исключён из обеих половин. Равенство длин не означает смысловую симметрию; письменное окончание не трактуется как рифма.
F,Частотные классы и целочисленные равенства,complete_within_scope,"{""variables"": [""surah_id"", ""verses"", ""tokens"", ""letters"", ""types"", ""first_global_ayah"", ""last_global_ayah"", ""cumulative_tokens""], ""expressions"": ""x; x+y (x≤y по имени)"", ""comparison"": ""expression == atomic_variable"", ""divisors"": [2, 3, 5, 7, 11, 19], ""rounding"": ""нет"", ""depth"": 1, ""constants_in_equalities"": []}",42408,"Сохранены совпадения и несовпадения; саморавенства и симметричные дубли атомарных равенств исключены заранее. Значимость не заявляется. Абджад, произвольные цифросклейки и числовые выражения языка в этот поиск не входят."
G,Совместное присутствие и сходство сур,complete_within_scope,"{""top_vocabulary"": 120, ""pairs_per_context"": 7140, ""contexts"": {""verse"": 6236, ""surah"": 114, ""nonoverlap_window"": 1505}, ""min_support"": 5}",27861,"PMI/lift описательные, зависят от длины контекста; нулевые пары сохранены, для поддержки <5 support_pass=0. Окна по 50 токенов внутри сур; хвосты короче окна исключены. Леммы и корни сюда не входят."
H,"Энтропия, рост словаря, равные окна и сжатие",complete_within_scope,"{""representation"": ""plain tokens joined by one ASCII space, UTF-8"", ""codec"": ""zlib level 9"", ""window"": 500, ""controls"": 19, ""vocabulary_growth_stride"": 100, ""include_final_growth_position"": true}",1028,Энтропия нулевого порядка без модели синтаксиса; сырое TTR не используется для ранжирования сур. Короткие суры и хвосты не входят в сравнение фиксированных окон. Контроль сжатия разрушает весь порядок и не доказывает специфичность корпуса. Степенной закон и периодичность не заявляются.
D,Внутриаятная локализация частых форм; повтор поиска максимума в контролях,complete_bounded,2 профиля × 2 scope × 2 нулевые модели; top-60 при count≥100,8,Грамматика естественного языка не сохраняется полностью
E,"Длины, порядок и последние 2/3 письменные буквы",complete_bounded,4 метрики × 2 scope × 2 нулевые модели,16,Не анализ произношения или смысловой кольцевой композиции
B,Чувствительность охвата каждой формы к басмале,complete_bounded,Все plain/search формы × file/numbered,29559,Словоформа не равна понятию
E,Окончания с исключением рёбер повторённых аятов,complete_bounded,Все исходные внутрисуровые соседства × 2 области × 2/3 буквы,24488,Без новых рёбер; не причинный и не фонетический вывод
F,Все пары одинаковой частоты и их чувствительность,complete_bounded,Неупорядоченные пары plain-форм; группы эквивалентности,"{""pairs_file"": 41683473, ""pairs_numbered"": 41684499, ""preserved_pairs"": 41683470, ""lost_pairs"": 3, ""new_pairs"": 1029, ""pair_intersection_over_union"": 0.9999752425973567}",Нет статистической интерпретации равенств
