window_id,start_global_token,end_global_token,start_token_id,end_token_id,denominator,profile_id,scope
1,1,1000,1:1:1,2:63:1,1000,plain,file
2,251,1250,2:20:13,2:76:23,1000,plain,file
3,501,1500,2:32:2,2:89:16,1000,plain,file
4,751,1750,2:50:6,2:102:22,1000,plain,file
5,1001,2000,2:63:2,2:113:9,1000,plain,file
6,1251,2250,2:77:1,2:126:10,1000,plain,file
7,1501,2500,2:89:17,2:140:8,1000,plain,file
8,1751,2750,2:102:23,2:150:24,1000,plain,file
9,2001,3000,2:113:10,2:166:5,1000,plain,file
10,2251,3250,2:126:11,2:178:7,1000,plain,file
11,2501,3500,2:140:9,2:187:56,1000,plain,file
12,2751,3750,2:150:25,2:197:29,1000,plain,file
13,3001,4000,2:166:6,2:213:1,1000,plain,file
14,3251,4250,2:178:8,2:220:26,1000,plain,file
15,3501,4500,2:187:57,2:231:4,1000,plain,file
16,3751,4750,2:197:30,2:237:15,1000,plain,file
17,4001,5000,2:213:2,2:248:17,1000,plain,file
18,4251,5250,2:221:1,2:256:2,1000,plain,file
19,4501,5500,2:231:5,2:263:7,1000,plain,file
20,4751,5750,2:237:16,2:273:23,1000,plain,file
21,5001,6000,2:248:18,2:282:91,1000,plain,file
22,5251,6250,2:256:3,3:7:11,1000,plain,file
23,5501,6500,2:263:8,3:20:10,1000,plain,file
24,5751,6750,2:273:24,3:33:9,1000,plain,file
25,6001,7000,2:282:92,3:47:23,1000,plain,file
26,6251,7250,3:7:12,3:64:8,1000,plain,file
27,6501,7500,3:20:11,3:78:1,1000,plain,file
28,6751,7750,3:33:10,3:91:24,1000,plain,file
29,7001,8000,3:48:1,3:106:14,1000,plain,file
30,7251,8250,3:64:9,3:120:8,1000,plain,file
31,7501,8500,3:78:2,3:140:9,1000,plain,file
32,7751,8750,3:92:1,3:153:25,1000,plain,file
33,8001,9000,3:106:15,3:164:6,1000,plain,file
34,8251,9250,3:120:9,3:179:1,1000,plain,file
35,8501,9500,3:140:10,3:191:6,1000,plain,file
36,8751,9750,3:154:1,4:3:22,1000,plain,file
37,9001,10000,3:164:7,4:12:46,1000,plain,file
38,9251,10250,3:179:2,4:23:17,1000,plain,file
39,9501,10500,3:191:7,4:33:2,1000,plain,file
40,9751,10750,4:3:23,4:44:1,1000,plain,file
41,10001,11000,4:12:47,4:58:7,1000,plain,file
42,10251,11250,4:23:18,4:72:12,1000,plain,file
43,10501,11500,4:33:3,4:83:3,1000,plain,file
44,10751,11750,4:44:2,4:92:29,1000,plain,file
45,11001,12000,4:58:8,4:102:19,1000,plain,file
46,11251,12250,4:72:13,4:114:18,1000,plain,file
47,11501,12500,4:83:4,4:128:22,1000,plain,file
48,11751,12750,4:92:30,4:141:2,1000,plain,file
49,12001,13000,4:102:20,4:154:11,1000,plain,file
50,12251,13250,4:114:19,4:170:3,1000,plain,file
51,12501,13500,4:128:23,5:2:26,1000,plain,file
52,12751,13750,4:141:3,5:8:7,1000,plain,file
53,13001,14000,4:154:12,5:18:3,1000,plain,file
54,13251,14250,4:170:4,5:31:11,1000,plain,file
55,13501,14500,5:2:27,5:41:52,1000,plain,file
56,13751,14750,5:8:8,5:49:28,1000,plain,file
57,14001,15000,5:18:4,5:62:7,1000,plain,file
58,14251,15250,5:31:12,5:72:34,1000,plain,file
59,14501,15500,5:41:53,5:87:7,1000,plain,file
60,14751,15750,5:49:29,5:97:14,1000,plain,file
61,15001,16000,5:62:8,5:109:1,1000,plain,file
62,15251,16250,5:73:1,5:118:9,1000,plain,file
63,15501,16500,5:87:8,6:14:20,1000,plain,file
64,15751,16750,5:97:15,6:31:2,1000,plain,file
65,16001,17000,5:109:2,6:45:8,1000,plain,file
66,16251,17250,5:118:10,6:59:14,1000,plain,file
67,16501,17500,6:14:21,6:71:34,1000,plain,file
68,16751,17750,6:31:3,6:88:10,1000,plain,file
69,17001,18000,6:45:9,6:99:9,1000,plain,file
70,17251,18250,6:59:15,6:113:4,1000,plain,file
71,17501,18500,6:71:35,6:127:2,1000,plain,file
72,17751,18750,6:88:11,6:140:8,1000,plain,file
73,18001,19000,6:99:10,6:150:3,1000,plain,file
74,18251,19250,6:113:5,6:160:2,1000,plain,file
75,18501,19500,6:127:3,7:16:1,1000,plain,file
76,18751,19750,6:140:9,7:31:6,1000,plain,file
77,19001,20000,6:150:4,7:43:5,1000,plain,file
78,19251,20250,6:160:3,7:55:2,1000,plain,file
79,19501,20500,7:16:2,7:71:12,1000,plain,file
80,19751,20750,7:31:7,7:86:6,1000,plain,file
81,20001,21000,7:43:6,7:101:6,1000,plain,file
82,20251,21250,7:55:3,7:127:14,1000,plain,file
83,20501,21500,7:71:13,7:142:13,1000,plain,file
84,20751,21750,7:86:7,7:153:10,1000,plain,file
85,21001,22000,7:101:7,7:162:14,1000,plain,file
86,21251,22250,7:127:15,7:176:11,1000,plain,file
87,21501,22500,7:142:14,7:190:11,1000,plain,file
88,21751,22750,7:153:11,8:5:2,1000,plain,file
89,22001,23000,7:162:15,8:22:3,1000,plain,file
90,22251,23250,7:176:12,8:38:1,1000,plain,file
91,22501,23500,7:190:12,8:50:5,1000,plain,file
92,22751,23750,8:5:3,8:66:14,1000,plain,file
93,23001,24000,8:22:4,9:4:6,1000,plain,file
94,23251,24250,8:38:2,9:18:13,1000,plain,file
95,23501,24500,8:50:6,9:30:19,1000,plain,file
96,23751,24750,8:66:15,9:40:34,1000,plain,file
97,24001,25000,9:4:7,9:55:13,1000,plain,file
98,24251,25250,9:18:14,9:70:1,1000,plain,file
99,24501,25500,9:30:20,9:81:27,1000,plain,file
100,24751,25750,9:40:35,9:95:12,1000,plain,file
101,25001,26000,9:55:14,9:108:23,1000,plain,file
102,25251,26250,9:70:2,9:120:11,1000,plain,file
103,25501,26500,9:82:1,10:3:21,1000,plain,file
104,25751,26750,9:95:13,10:16:16,1000,plain,file
105,26001,27000,9:109:1,10:27:13,1000,plain,file
106,26251,27250,9:120:12,10:41:12,1000,plain,file
107,26501,27500,10:3:22,10:60:5,1000,plain,file
108,26751,27750,10:16:17,10:74:1,1000,plain,file
109,27001,28000,10:27:14,10:91:5,1000,plain,file
110,27251,28250,10:41:13,10:107:21,1000,plain,file
111,27501,28500,10:60:6,11:13:8,1000,plain,file
112,27751,28750,10:74:2,11:28:7,1000,plain,file
113,28001,29000,10:91:6,11:43:5,1000,plain,file
114,28251,29250,10:107:22,11:57:10,1000,plain,file
115,28501,29500,11:13:9,11:73:1,1000,plain,file
116,28751,29750,11:28:8,11:88:18,1000,plain,file
117,29001,30000,11:43:6,11:106:7,1000,plain,file
118,29251,30250,11:57:11,12:2:4,1000,plain,file
119,29501,30500,11:73:2,12:20:6,1000,plain,file
120,29751,30750,11:88:19,12:34:3,1000,plain,file
121,30001,31000,11:106:8,12:47:7,1000,plain,file
122,30251,31250,12:2:5,12:65:3,1000,plain,file
123,30501,31500,12:20:7,12:78:11,1000,plain,file
124,30751,31750,12:34:4,12:94:2,1000,plain,file
125,31001,32000,12:47:8,12:110:6,1000,plain,file
126,31251,32250,12:65:4,13:11:24,1000,plain,file
127,31501,32500,12:78:12,13:23:5,1000,plain,file
128,31751,32750,12:94:3,13:35:11,1000,plain,file
129,32001,33000,12:110:7,14:6:16,1000,plain,file
130,32251,33250,13:11:25,14:21:5,1000,plain,file
131,32501,33500,13:23:6,14:35:4,1000,plain,file
132,32751,33750,13:35:12,15:3:5,1000,plain,file
133,33001,34000,14:6:17,15:35:3,1000,plain,file
134,33251,34250,14:21:6,15:75:4,1000,plain,file
135,33501,34500,14:35:5,16:11:4,1000,plain,file
136,33751,34750,15:3:6,16:30:17,1000,plain,file
137,34001,35000,15:35:4,16:47:2,1000,plain,file
138,34251,35250,15:75:5,16:66:9,1000,plain,file
139,34501,35500,16:11:5,16:79:12,1000,plain,file
140,34751,35750,16:30:18,16:94:5,1000,plain,file
141,35001,36000,16:47:3,16:112:4,1000,plain,file
142,35251,36250,16:66:10,17:1:13,1000,plain,file
143,35501,36500,16:79:13,17:18:18,1000,plain,file
144,35751,36750,16:94:6,17:38:1,1000,plain,file
145,36001,37000,16:112:5,17:56:13,1000,plain,file
146,36251,37250,17:1:14,17:72:1,1000,plain,file
147,36501,37500,17:19:1,17:92:7,1000,plain,file
148,36751,37750,17:38:2,17:108:7,1000,plain,file
149,37001,38000,17:57:1,18:17:9,1000,plain,file
150,37251,38250,17:72:2,18:28:17,1000,plain,file
151,37501,38500,17:92:8,18:45:1,1000,plain,file
152,37751,38750,17:108:8,18:58:17,1000,plain,file
153,38001,39000,18:17:10,18:79:9,1000,plain,file
154,38251,39250,18:28:18,18:99:2,1000,plain,file
155,38501,39500,18:45:2,19:11:10,1000,plain,file
156,38751,39750,18:58:18,19:37:1,1000,plain,file
157,39001,40000,18:79:10,19:59:5,1000,plain,file
158,39251,40250,18:99:3,19:83:4,1000,plain,file
159,39501,40500,19:11:11,20:18:11,1000,plain,file
160,39751,40750,19:37:2,20:53:1,1000,plain,file
161,40001,41000,19:59:6,20:74:12,1000,plain,file
162,40251,41250,19:83:5,20:96:2,1000,plain,file
163,40501,41500,20:18:12,20:118:7,1000,plain,file
164,40751,41750,20:53:2,21:3:10,1000,plain,file
165,41001,42000,20:74:13,21:28:7,1000,plain,file
166,41251,42250,20:96:3,21:47:20,1000,plain,file
167,41501,42500,20:119:1,21:76:11,1000,plain,file
168,41751,42750,21:3:11,21:97:19,1000,plain,file
169,42001,43000,21:28:8,22:5:45,1000,plain,file
170,42251,43250,21:48:1,22:19:7,1000,plain,file
171,42501,43500,21:76:12,22:36:4,1000,plain,file
172,42751,43750,21:97:20,22:52:21,1000,plain,file
173,43001,44000,22:5:46,22:70:1,1000,plain,file
174,43251,44250,22:19:8,23:13:3,1000,plain,file
175,43501,44500,22:36:5,23:33:12,1000,plain,file
176,43751,44750,22:52:22,23:63:8,1000,plain,file
177,44001,45000,22:70:2,23:91:17,1000,plain,file
178,44251,45250,23:13:4,24:2:2,1000,plain,file
179,44501,45500,23:33:13,24:19:8,1000,plain,file
180,44751,45750,23:63:9,24:31:46,1000,plain,file
181,45001,46000,23:91:18,24:40:23,1000,plain,file
182,45251,46250,24:2:3,24:55:5,1000,plain,file
183,45501,46500,24:19:9,24:62:30,1000,plain,file
184,45751,46750,24:31:47,25:15:8,1000,plain,file
185,46001,47000,24:40:24,25:36:8,1000,plain,file
186,46251,47250,24:55:6,25:59:2,1000,plain,file
187,46501,47500,24:62:31,26:6:5,1000,plain,file
188,46751,47750,25:15:9,26:42:3,1000,plain,file
189,47001,48000,25:36:9,26:86:1,1000,plain,file
190,47251,48250,25:59:3,26:134:1,1000,plain,file
191,47501,48500,26:6:6,26:178:1,1000,plain,file
192,47751,48750,26:42:4,26:224:2,1000,plain,file
193,48001,49000,26:86:2,27:18:20,1000,plain,file
194,48251,49250,26:134:2,27:39:15,1000,plain,file
195,48501,49500,26:178:2,27:59:3,1000,plain,file
196,48751,49750,26:224:3,27:79:3,1000,plain,file
197,49001,50000,27:19:1,28:6:6,1000,plain,file
198,49251,50250,27:39:16,28:20:12,1000,plain,file
199,49501,50500,27:59:4,28:33:7,1000,plain,file
200,49751,50750,27:79:4,28:49:3,1000,plain,file
201,50001,51000,28:6:7,28:67:2,1000,plain,file
202,50251,51250,28:20:13,28:81:7,1000,plain,file
203,50501,51500,28:33:8,29:10:15,1000,plain,file
204,50751,51750,28:49:4,29:26:7,1000,plain,file
205,51001,52000,28:67:3,29:42:11,1000,plain,file
206,51251,52250,28:81:8,29:61:8,1000,plain,file
207,51501,52500,29:10:16,30:11:8,1000,plain,file
208,51751,52750,29:26:8,30:30:19,1000,plain,file
209,52001,53000,29:42:12,30:48:3,1000,plain,file
210,52251,53250,29:61:9,31:7:13,1000,plain,file
211,52501,53500,30:12:1,31:21:11,1000,plain,file
212,52751,53750,30:30:20,32:2:1,1000,plain,file
213,53001,54000,30:48:4,32:20:16,1000,plain,file
214,53251,54250,31:7:14,33:7:9,1000,plain,file
215,53501,54500,31:21:12,33:21:13,1000,plain,file
216,53751,54750,32:2:2,33:35:29,1000,plain,file
217,54001,55000,32:20:17,33:50:36,1000,plain,file
218,54251,55250,33:7:10,33:59:13,1000,plain,file
219,54501,55500,33:21:14,34:4:2,1000,plain,file
220,54751,55750,33:35:30,34:18:12,1000,plain,file
221,55001,56000,33:50:37,34:33:22,1000,plain,file
222,55251,56250,33:59:14,34:49:3,1000,plain,file
223,55501,56500,34:4:3,35:10:22,1000,plain,file
224,55751,56750,34:18:13,35:27:20,1000,plain,file
225,56001,57000,34:33:23,35:42:3,1000,plain,file
226,56251,57250,34:49:4,36:19:9,1000,plain,file
227,56501,57500,35:10:23,36:47:4,1000,plain,file
228,56751,57750,35:27:21,36:76:3,1000,plain,file
229,57001,58000,35:42:4,37:31:5,1000,plain,file
230,57251,58250,36:20:1,37:84:3,1000,plain,file
231,57501,58500,36:47:5,37:136:2,1000,plain,file
232,57751,58750,36:76:4,38:6:8,1000,plain,file
233,58001,59000,37:31:6,38:27:12,1000,plain,file
234,58251,59250,37:84:4,38:61:2,1000,plain,file
235,58501,59500,37:136:3,39:4:8,1000,plain,file
236,58751,59750,38:6:9,39:17:7,1000,plain,file
237,59001,60000,38:27:13,39:35:3,1000,plain,file
238,59251,60250,38:61:3,39:49:20,1000,plain,file
239,59501,60500,39:4:9,39:68:22,1000,plain,file
240,59751,60750,39:17:8,40:10:6,1000,plain,file
241,60001,61000,39:35:4,40:28:5,1000,plain,file
242,60251,61250,39:49:21,40:42:1,1000,plain,file
243,60501,61500,39:69:1,40:61:2,1000,plain,file
244,60751,61750,40:10:7,40:78:28,1000,plain,file
245,61001,62000,40:28:6,41:14:4,1000,plain,file
246,61251,62250,40:42:2,41:30:14,1000,plain,file
247,61501,62500,40:61:3,41:46:7,1000,plain,file
248,61751,62750,40:78:29,42:9:4,1000,plain,file
249,62001,63000,41:14:5,42:21:7,1000,plain,file
250,62251,63250,41:30:15,42:38:2,1000,plain,file
251,62501,63500,41:46:8,42:53:3,1000,plain,file
252,62751,63750,42:9:5,43:25:3,1000,plain,file
253,63001,64000,42:21:8,43:50:4,1000,plain,file
254,63251,64250,42:38:3,43:78:4,1000,plain,file
255,63501,64500,42:53:4,44:24:2,1000,plain,file
256,63751,64750,43:25:4,45:6:2,1000,plain,file
257,64001,65000,43:50:5,45:23:24,1000,plain,file
258,64251,65250,43:78:5,46:5:1,1000,plain,file
259,64501,65500,44:24:3,46:17:17,1000,plain,file
260,64751,65750,45:6:3,46:31:7,1000,plain,file
261,65001,66000,45:24:1,47:12:13,1000,plain,file
262,65251,66250,46:5:2,47:28:10,1000,plain,file
263,65501,66500,46:17:18,48:10:3,1000,plain,file
264,65751,66750,46:31:8,48:22:4,1000,plain,file
265,66001,67000,47:12:14,49:3:4,1000,plain,file
266,66251,67250,47:29:1,49:15:3,1000,plain,file
267,66501,67500,48:10:4,50:23:3,1000,plain,file
268,66751,67750,48:22:5,51:16:6,1000,plain,file
269,67001,68000,49:3:5,51:53:3,1000,plain,file
270,67251,68250,49:15:4,52:34:3,1000,plain,file
271,67501,68500,50:23:4,53:26:9,1000,plain,file
272,67751,68750,51:16:7,54:3:4,1000,plain,file
273,68001,69000,51:53:4,54:42:5,1000,plain,file
274,68251,69250,52:34:4,55:37:5,1000,plain,file
275,68501,69500,53:26:10,56:19:4,1000,plain,file
276,68751,69750,54:3:5,56:82:1,1000,plain,file
277,69001,70000,54:42:6,57:11:11,1000,plain,file
278,69251,70250,55:37:6,57:23:7,1000,plain,file
279,69501,70500,56:19:5,58:5:13,1000,plain,file
280,69751,70750,56:82:2,58:16:1,1000,plain,file
281,70001,71000,57:11:12,59:7:6,1000,plain,file
282,70251,71250,57:23:8,59:20:2,1000,plain,file
283,70501,71500,58:5:14,60:7:12,1000,plain,file
284,70751,71750,58:16:2,61:6:1,1000,plain,file
285,71001,72000,59:7:7,62:6:11,1000,plain,file
286,71251,72250,59:20:3,63:10:5,1000,plain,file
287,71501,72500,60:7:13,64:16:10,1000,plain,file
288,71751,72750,61:6:2,65:10:10,1000,plain,file
289,72001,73000,62:6:12,66:9:6,1000,plain,file
290,72251,73250,63:10:6,67:16:11,1000,plain,file
291,72501,73500,64:16:11,68:19:2,1000,plain,file
292,72751,73750,65:10:11,69:7:9,1000,plain,file
293,73001,74000,66:9:7,70:4:4,1000,plain,file
294,73251,74250,67:17:1,71:5:1,1000,plain,file
295,73501,74500,68:19:3,72:7:5,1000,plain,file
296,73751,74750,69:7:10,73:6:1,1000,plain,file
297,74001,75000,70:4:5,74:23:3,1000,plain,file
298,74251,75250,71:5:2,75:15:1,1000,plain,file
299,74501,75500,72:7:6,76:20:1,1000,plain,file
300,74751,75750,73:6:2,77:42:1,1000,plain,file
301,75001,76000,74:24:1,79:12:3,1000,plain,file
302,75251,76250,75:15:2,80:32:2,1000,plain,file
303,75501,76500,76:20:2,83:5:1,1000,plain,file
304,75751,76750,77:42:2,84:23:4,1000,plain,file
305,76001,77000,79:12:4,87:15:3,1000,plain,file
306,76251,77250,80:32:3,89:28:5,1000,plain,file
307,76501,77500,83:5:2,93:6:4,1000,plain,file
308,76751,77750,84:24:1,98:6:1,1000,plain,file
309,77001,78000,87:15:4,104:7:4,1000,plain,file
310,77249,78248,89:28:4,114:6:3,1000,plain,file
