rank,word,token_frequency
1,من,2763
2,الله,2265
3,في,1185
4,ما,1013
5,إن,966
6,لا,812
7,الذين,810
8,على,670
9,إلا,664
10,ولا,658
11,وما,646
12,أن,638
13,قال,416
14,إلى,405
15,لهم,373
16,يا,350
17,ومن,342
18,ثم,340
19,لكم,337
20,به,327
21,كان,323
22,بما,296
23,قل,294
24,الأرض,287
25,أو,280
26,ذلك,280
27,له,275
28,الذي,268
29,هو,265
30,آمنوا,263
31,هم,261
32,وإن,254
33,قالوا,250
34,كل,245
35,فيها,241
36,والله,240
37,كانوا,229
38,عن,223
39,إذا,221
40,ربك,220
41,يوم,217
42,عليهم,214
43,شيء,190
44,هذا,190
45,كفروا,189
46,كنتم,188
47,السماوات,182
48,الناس,182
49,لم,178
50,وهو,171
51,فإن,168
52,إذ,165
53,عليكم,164
54,والذين,164
55,الكتاب,163
56,الرحمن,157
57,والأرض,157
58,إنا,156
59,فلا,156
60,منهم,153
61,أيها,150
62,عذاب,150
63,بعد,149
64,إنه,147
65,الرحيم,146
66,عليه,146
67,حتى,142
68,بالله,139
69,وهم,137
70,وإذا,134
71,أولئك,133
72,أم,131
73,إني,131
74,رب,130
75,موسى,129
76,ولقد,129
77,بل,127
78,فيه,127
79,قد,126
80,قوم,126
81,عند,119
82,قبل,118
83,خير,116
84,لله,116
85,يشاء,116
86,الدنيا,115
87,بسم,115
88,إنما,113
89,ولكن,112
90,ربهم,111
91,مما,111
92,ولو,111
93,الحق,109
94,السماء,109
95,منكم,107
96,ربنا,106
97,عليم,106
98,النار,102
99,ربكم,102
100,فلما,101
101,ألا,99
102,أنزل,95
103,ربي,94
104,لمن,94
105,دون,91
106,فمن,90
107,منه,88
108,سبيل,87
109,فإذا,87
110,فما,86
111,كذلك,86
112,منها,86
113,يؤمنون,86
114,العذاب,85
115,وقال,85
116,مبين,84
117,وكان,84
118,تعملون,83
119,خلق,83
120,لنا,83
