sequence,token_length,frequency,nonoverlapping_frequency,start_token_ids,end_token_ids,profile_id,scope
وإن كنتم مرضى أو على سفر أو جاء أحد منكم من الغائط أو لامستم النساء فلم تجدوا ماء فتيمموا صعيدا طيبا فامسحوا بوجوهكم وأيديكم,24,2,2,4:43:21|5:6:23,4:43:44|5:6:46,plain,file
ولقد آتينا موسى الكتاب فاختلف فيه ولولا كلمة سبقت من ربك لقضي بينهم وإنهم لفي شك منه مريب,18,2,2,11:110:1|41:45:1,11:110:18|41:45:18,plain,file
إن الله لا يغفر أن يشرك به ويغفر ما دون ذلك لمن يشاء ومن يشرك بالله فقد,17,2,2,4:48:1|4:116:1,4:48:17|4:116:17,plain,file
ينقضون عهد الله من بعد ميثاقه ويقطعون ما أمر الله به أن يوصل ويفسدون في الأرض أولئك,17,2,2,2:27:2|13:25:2,2:27:18|13:25:18,plain,file
يعلم ما يلج في الأرض وما يخرج منها وما ينزل من السماء وما يعرج فيها وهو,16,2,2,34:2:1|57:4:13,34:2:16|57:4:28,plain,file
بسم الله الرحمن الرحيم سبح لله ما في السماوات وما في الأرض وهو العزيز الحكيم,15,2,2,59:1:1|61:1:1,59:1:15|61:1:15,plain,file
تلك أمة قد خلت لها ما كسبت ولكم ما كسبتم ولا تسألون عما كانوا يعملون,15,2,2,2:134:1|2:141:1,2:134:15|2:141:15,plain,file
قال يا قوم اعبدوا الله ما لكم من إله غيره قد جاءتكم بينة من ربكم,15,2,2,7:73:5|7:85:5,7:73:19|7:85:19,plain,file
هذه ناقة الله لكم آية فذروها تأكل في أرض الله ولا تمسوها بسوء فيأخذكم عذاب,15,2,2,7:73:20|11:64:3,7:73:34|11:64:17,plain,file
أرسلنا نوحا إلى قومه فقال يا قوم اعبدوا الله ما لكم من إله غيره,14,2,2,7:59:2|23:23:2,7:59:15|23:23:15,plain,file
إن ربكم الله الذي خلق السماوات والأرض في ستة أيام ثم استوى على العرش,14,2,2,7:54:1|10:3:1,7:54:14|10:3:14,plain,file
تدعون من دون الله أروني ماذا خلقوا من الأرض أم لهم شرك في السماوات,14,2,2,35:40:5|46:4:4,35:40:18|46:4:17,plain,file
رب أوزعني أن أشكر نعمتك التي أنعمت علي وعلى والدي وأن أعمل صالحا ترضاه,14,2,2,27:19:6|46:15:22,27:19:19|46:15:35,plain,file
عليهم القول في أمم قد خلت من قبلهم من الجن والإنس إنهم كانوا خاسرين,14,2,2,41:25:12|46:18:4,41:25:25|46:18:17,plain,file
هو الذي أرسل رسوله بالهدى ودين الحق ليظهره على الدين كله ولو كره المشركون,14,2,2,9:33:1|61:9:1,9:33:14|61:9:14,plain,file
وإلى ثمود أخاهم صالحا قال يا قوم اعبدوا الله ما لكم من إله غيره,14,2,2,7:73:1|11:61:1,7:73:14|11:61:14,plain,file
وإلى عاد أخاهم هودا قال يا قوم اعبدوا الله ما لكم من إله غيره,14,2,2,7:65:1|11:50:1,7:65:14|11:50:14,plain,file
وإلى مدين أخاهم شعيبا قال يا قوم اعبدوا الله ما لكم من إله غيره,14,2,2,7:85:1|11:84:1,7:85:14|11:84:14,plain,file
يتلو عليهم آياته ويزكيهم ويعلمهم الكتاب والحكمة وإن كانوا من قبل لفي ضلال مبين,14,2,2,3:164:12|62:2:8,3:164:25|62:2:21,plain,file
أن الله يبسط الرزق لمن يشاء ويقدر إن في ذلك لآيات لقوم يؤمنون,13,2,2,30:37:3|39:52:3,30:37:15|39:52:15,plain,file
إن الذين كفروا لن تغني عنهم أموالهم ولا أولادهم من الله شيئا وأولئك,13,2,2,3:10:1|3:116:1,3:10:13|3:116:13,plain,file
الذي خلق السماوات والأرض وما بينهما في ستة أيام ثم استوى على العرش,13,2,2,25:59:1|32:4:2,25:59:13|32:4:14,plain,file
المن والسلوى كلوا من طيبات ما رزقناكم وما ظلمونا ولكن كانوا أنفسهم يظلمون,13,2,2,2:57:6|7:160:31,2:57:18|7:160:43,plain,file
تجري من تحتها الأنهار خالدين فيها أبدا رضي الله عنهم ورضوا عنه ذلك,13,2,2,5:119:10|98:8:6,5:119:22|98:8:18,plain,file
والذين آمنوا وعملوا الصالحات سندخلهم جنات تجري من تحتها الأنهار خالدين فيها أبدا,13,2,2,4:57:1|4:122:1,4:57:13|4:122:13,plain,file
ولقد استهزئ برسل من قبلك فحاق بالذين سخروا منهم ما كانوا به يستهزئون,13,2,2,6:10:1|21:41:1,6:10:13|21:41:13,plain,file
ومن الناس من يجادل في الله بغير علم ولا هدى ولا كتاب منير,13,2,2,22:8:1|31:20:18,22:8:13|31:20:30,plain,file
يولج الليل في النهار ويولج النهار في الليل وسخر الشمس والقمر كل يجري,13,2,2,31:29:5|35:13:1,31:29:17|35:13:13,plain,file
إن الله يدخل الذين آمنوا وعملوا الصالحات جنات تجري من تحتها الأنهار,12,3,3,22:14:1|22:23:1|47:12:1,22:14:12|22:23:12|47:12:12,plain,file
أظلم ممن افترى على الله كذبا أو كذب بآياته إنه لا يفلح,12,2,2,6:21:2|10:17:2,6:21:13|10:17:13,plain,file
أليس هذا بالحق قالوا بلى وربنا قال فذوقوا العذاب بما كنتم تكفرون,12,2,2,6:30:8|46:34:7,6:30:19|46:34:18,plain,file
إلا أسماء سميتموها أنتم وآباؤكم ما أنزل الله بها من سلطان إن,12,2,2,12:40:5|53:23:3,12:40:16|53:23:14,plain,file
إن وعد الله حق فلا تغرنكم الحياة الدنيا ولا يغرنكم بالله الغرور,12,2,2,31:33:20|35:5:4,31:33:31|35:5:15,plain,file
بسم الله الرحمن الرحيم يسبح لله ما في السماوات وما في الأرض,12,2,2,62:1:1|64:1:1,62:1:12|64:1:12,plain,file
عصاك فلما رآها تهتز كأنها جان ولى مدبرا ولم يعقب يا موسى,12,2,2,27:10:2|28:31:3,27:10:13|28:31:14,plain,file
قال آمنتم له قبل أن آذن لكم إنه لكبيركم الذي علمكم السحر,12,2,2,20:71:1|26:49:1,20:71:12|26:49:12,plain,file
قبلك إلا رجالا نوحي إليهم فاسألوا أهل الذكر إن كنتم لا تعلمون,12,2,2,16:43:4|21:7:3,16:43:15|21:7:14,plain,file
ليس على الأعمى حرج ولا على الأعرج حرج ولا على المريض حرج,12,2,2,24:61:1|48:17:1,24:61:12|48:17:12,plain,file
ولا تزر وازرة وزر أخرى ثم إلى ربكم مرجعكم فينبئكم بما كنتم,12,2,2,6:164:16|39:7:15,6:164:27|39:7:26,plain,file
ولا تقربوا مال اليتيم إلا بالتي هي أحسن حتى يبلغ أشده وأوفوا,12,2,2,6:152:1|17:34:1,6:152:12|17:34:12,plain,file
يا أيها النبي جاهد الكفار والمنافقين واغلظ عليهم ومأواهم جهنم وبئس المصير,12,2,2,9:73:1|66:9:1,9:73:12|66:9:12,plain,file
يا بني إسرائيل اذكروا نعمتي التي أنعمت عليكم وأني فضلتكم على العالمين,12,2,2,2:47:1|2:122:1,2:47:12|2:122:12,plain,file
وما أسألكم عليه من أجر إن أجري إلا على رب العالمين,11,5,5,26:109:1|26:127:1|26:145:1|26:164:1|26:180:1,26:109:11|26:127:11|26:145:11|26:164:11|26:180:11,plain,file
أفلم يسيروا في الأرض فينظروا كيف كان عاقبة الذين من قبلهم,11,3,3,12:109:12|40:82:1|47:10:1,12:109:22|40:82:11|47:10:11,plain,file
الذي خلق السماوات والأرض في ستة أيام ثم استوى على العرش,11,3,3,7:54:4|10:3:4|57:4:2,7:54:14|10:3:14|57:4:12,plain,file
هو الذي أرسل رسوله بالهدى ودين الحق ليظهره على الدين كله,11,3,3,9:33:1|48:28:1|61:9:1,9:33:11|48:28:11|61:9:11,plain,file
أهل لغير الله به فمن اضطر غير باغ ولا عاد فإن,11,2,2,6:145:26|16:115:9,6:145:36|16:115:19,plain,file
أولم يسيروا في الأرض فينظروا كيف كان عاقبة الذين من قبلهم,11,2,2,30:9:1|35:44:1,30:9:11|35:44:11,plain,file
إلا الذين تابوا من بعد ذلك وأصلحوا فإن الله غفور رحيم,11,2,2,3:89:1|24:5:1,3:89:11|24:5:11,plain,file
إن الله لذو فضل على الناس ولكن أكثر الناس لا يشكرون,11,2,2,2:243:18|40:61:10,2:243:28|40:61:20,plain,file
إن ربك هو أعلم بمن ضل عن سبيله وهو أعلم بالمهتدين,11,2,2,16:125:12|68:7:1,16:125:22|68:7:11,plain,file
اثنين قل آلذكرين حرم أم الأنثيين أما اشتملت عليه أرحام الأنثيين,11,2,2,6:143:8|6:144:6,6:143:18|6:144:16,plain,file
الضعفاء للذين استكبروا إنا كنا لكم تبعا فهل أنتم مغنون عنا,11,2,2,14:21:5|40:47:6,14:21:15|40:47:16,plain,file
العمي عن ضلالتهم إن تسمع إلا من يؤمن بآياتنا فهم مسلمون,11,2,2,27:81:4|30:53:4,27:81:14|30:53:14,plain,file
اهبطوا بعضكم لبعض عدو ولكم في الأرض مستقر ومتاع إلى حين,11,2,2,2:36:9|7:24:2,2:36:19|7:24:12,plain,file
سبع بقرات سمان يأكلهن سبع عجاف وسبع سنبلات خضر وأخر يابسات,11,2,2,12:43:5|12:46:6,12:43:15|12:46:16,plain,file
فاصبر على ما يقولون وسبح بحمد ربك قبل طلوع الشمس وقبل,11,2,2,20:130:1|50:39:1,20:130:11|50:39:11,plain,file
فول وجهك شطر المسجد الحرام وحيث ما كنتم فولوا وجوهكم شطره,11,2,2,2:144:10|2:150:4,2:144:20|2:150:14,plain,file
فيها من كل زوجين اثنين وأهلك إلا من سبق عليه القول,11,2,2,11:40:9|23:27:14,11:40:19|23:27:24,plain,file
قال يا قوم أرأيتم إن كنت على بينة من ربي وآتاني,11,2,2,11:28:1|11:63:1,11:28:11|11:63:11,plain,file
قل إنما أنا بشر مثلكم يوحى إلي أنما إلهكم إله واحد,11,2,2,18:110:1|41:6:1,18:110:11|41:6:11,plain,file
مثل الحياة الدنيا كماء أنزلناه من السماء فاختلط به نبات الأرض,11,2,2,10:24:2|18:45:3,10:24:12|18:45:13,plain,file
من ربك لتنذر قوما ما أتاهم من نذير من قبلك لعلهم,11,2,2,28:46:9|32:3:7,28:46:19|32:3:17,plain,file
وإذا قيل لهم اتبعوا ما أنزل الله قالوا بل نتبع ما,11,2,2,2:170:1|31:21:1,2:170:11|31:21:11,plain,file
واتقوا يوما لا تجزي نفس عن نفس شيئا ولا يقبل منها,11,2,2,2:48:1|2:123:1,2:48:11|2:123:11,plain,file
وما تأتيهم من آية من آيات ربهم إلا كانوا عنها معرضين,11,2,2,6:4:1|36:46:1,6:4:11|36:46:11,plain,file
يا قوم اعبدوا الله ما لكم من إله غيره أفلا تتقون,11,2,2,7:65:6|23:23:7,7:65:16|23:23:17,plain,file
يسيروا في الأرض فينظروا كيف كان عاقبة الذين من قبلهم كانوا,11,2,2,30:9:2|40:82:2,30:9:12|40:82:12,plain,file
قال يا قوم اعبدوا الله ما لكم من إله غيره,10,6,6,7:65:5|7:73:5|7:85:5|11:50:5|11:61:5|11:84:5,7:65:14|7:73:14|7:85:14|11:50:14|11:61:14|11:84:14,plain,file
يسيروا في الأرض فينظروا كيف كان عاقبة الذين من قبلهم,10,5,5,12:109:13|30:9:2|35:44:2|40:82:2|47:10:2,12:109:22|30:9:11|35:44:11|40:82:11|47:10:11,plain,file
إن ربك هو أعلم بمن ضل عن سبيله وهو أعلم,10,3,3,16:125:12|53:30:5|68:7:1,16:125:21|53:30:14|68:7:10,plain,file
قال يا قوم أرأيتم إن كنت على بينة من ربي,10,3,3,11:28:1|11:63:1|11:88:1,11:28:10|11:63:10|11:88:10,plain,file
أقول لكم عندي خزائن الله ولا أعلم الغيب ولا أقول,10,2,2,6:50:3|11:31:2,6:50:12|11:31:11,plain,file
أوعجبتم أن جاءكم ذكر من ربكم على رجل منكم لينذركم,10,2,2,7:63:1|7:69:1,7:63:10|7:69:10,plain,file
إلا على أزواجهم أو ما ملكت أيمانهم فإنهم غير ملومين,10,2,2,23:6:1|70:30:1,23:6:10|70:30:10,plain,file
إن ربك يقضي بينهم يوم القيامة فيما كانوا فيه يختلفون,10,2,2,10:93:15|45:17:15,10:93:24|45:17:24,plain,file
ثم تردون إلى عالم الغيب والشهادة فينبئكم بما كنتم تعملون,10,2,2,9:94:21|62:8:9,9:94:30|62:8:18,plain,file
جاءك من العلم ما لك من الله من ولي ولا,10,2,2,2:120:21|13:37:10,2:120:30|13:37:19,plain,file
خالدين فيها ما دامت السماوات والأرض إلا ما شاء ربك,10,2,2,11:107:1|11:108:6,11:107:10|11:108:15,plain,file
ذلك بأن الله هو الحق وأن ما يدعون من دونه,10,2,2,22:62:1|31:30:1,22:62:10|31:30:10,plain,file
ذلك فضل الله يؤتيه من يشاء والله ذو الفضل العظيم,10,2,2,57:21:16|62:4:1,57:21:25|62:4:10,plain,file
ذلك من أنباء الغيب نوحيه إليك وما كنت لديهم إذ,10,2,2,3:44:1|12:102:1,3:44:10|12:102:10,plain,file
رسلهم بالبينات فما كان الله ليظلمهم ولكن كانوا أنفسهم يظلمون,10,2,2,9:70:17|30:9:23,9:70:26|30:9:32,plain,file
عليكم الميتة والدم ولحم الخنزير وما أهل لغير الله به,10,2,2,5:3:2|16:115:3,5:3:11|16:115:12,plain,file
فلهم أجرهم عند ربهم ولا خوف عليهم ولا هم يحزنون,10,2,2,2:62:15|2:274:8,2:62:24|2:274:17,plain,file
فمن أظلم ممن افترى على الله كذبا أو كذب بآياته,10,2,2,7:37:1|10:17:1,7:37:10|10:17:10,plain,file
قال أنا خير منه خلقتني من نار وخلقته من طين,10,2,2,7:12:8|38:76:1,7:12:17|38:76:10,plain,file
قال رب اجعل لي آية قال آيتك ألا تكلم الناس,10,2,2,3:41:1|19:10:1,3:41:10|19:10:10,plain,file
قبلهم من القرون يمشون في مساكنهم إن في ذلك لآيات,10,2,2,20:128:6|32:26:7,20:128:15|32:26:16,plain,file
قل إني نهيت أن أعبد الذين تدعون من دون الله,10,2,2,6:56:1|40:66:1,6:56:10|40:66:10,plain,file
قل يا قوم اعملوا على مكانتكم إني عامل فسوف تعلمون,10,2,2,6:135:1|39:39:1,6:135:10|39:39:10,plain,file
لا تسمع الموتى ولا تسمع الصم الدعاء إذا ولوا مدبرين,10,2,2,27:80:2|30:52:2,27:80:11|30:52:11,plain,file
لقد كفر الذين قالوا إن الله هو المسيح ابن مريم,10,2,2,5:17:1|5:72:1,5:17:10|5:72:10,plain,file
لهم أجرهم عند ربهم ولا خوف عليهم ولا هم يحزنون,10,2,2,2:262:15|2:277:10,2:262:24|2:277:19,plain,file
من دابة ولكن يؤخرهم إلى أجل مسمى فإذا جاء أجلهم,10,2,2,16:61:9|35:45:11,16:61:18|35:45:20,plain,file
من ربهم لا نفرق بين أحد منهم ونحن له مسلمون,10,2,2,2:136:22|3:84:20,2:136:31|3:84:29,plain,file
من في السماوات ومن في الأرض إلا من شاء الله,10,2,2,27:87:6|39:68:5,27:87:15|39:68:14,plain,file
من قبل أن يأتي يوم لا مرد له من الله,10,2,2,30:43:5|42:47:3,30:43:14|42:47:12,plain,file
وأنزل من السماء ماء فأخرج به من الثمرات رزقا لكم,10,2,2,2:22:8|14:32:6,2:22:17|14:32:15,plain,file
وإذ أخذنا ميثاقكم ورفعنا فوقكم الطور خذوا ما آتيناكم بقوة,10,2,2,2:63:1|2:93:1,2:63:10|2:93:10,plain,file
وإذا أنعمنا على الإنسان أعرض ونأى بجانبه وإذا مسه الشر,10,2,2,17:83:1|41:51:1,17:83:10|41:51:10,plain,file
وإذا قيل لهم تعالوا إلى ما أنزل الله وإلى الرسول,10,2,2,4:61:1|5:104:1,4:61:10|5:104:10,plain,file
وإن يمسسك الله بضر فلا كاشف له إلا هو وإن,10,2,2,6:17:1|10:107:1,6:17:10|10:107:10,plain,file
ولا أصغر من ذلك ولا أكبر إلا في كتاب مبين,10,2,2,10:61:33|34:3:23,10:61:42|34:3:32,plain,file
وليزيدن كثيرا منهم ما أنزل إليك من ربك طغيانا وكفرا,10,2,2,5:64:17|5:68:17,5:64:26|5:68:26,plain,file
ومن يطع الله ورسوله يدخله جنات تجري من تحتها الأنهار,10,2,2,4:13:4|48:17:13,4:13:13|48:17:22,plain,file
يحلون فيها من أساور من ذهب ولؤلؤا ولباسهم فيها حرير,10,2,2,22:23:13|35:33:4,22:23:22|35:33:13,plain,file
يا قوم اعبدوا الله ما لكم من إله غيره,9,8,8,7:59:7|7:65:6|7:73:6|7:85:6|11:50:6|11:61:6|11:84:6|23:23:7,7:59:15|7:65:14|7:73:14|7:85:14|11:50:14|11:61:14|11:84:14|23:23:15,plain,file
أجرهم عند ربهم ولا خوف عليهم ولا هم يحزنون,9,4,4,2:62:16|2:262:16|2:274:9|2:277:11,2:62:24|2:262:24|2:274:17|2:277:19,plain,file
الذين آمنوا وعملوا الصالحات جنات تجري من تحتها الأنهار,9,4,4,14:23:2|22:14:4|22:23:4|47:12:4,14:23:10|22:14:12|22:23:12|47:12:12,plain,file
وما لكم من دون الله من ولي ولا نصير,9,4,4,2:107:9|9:116:9|29:22:9|42:31:6,2:107:17|9:116:17|29:22:17|42:31:14,plain,file
أبناءكم ويستحيون نساءكم وفي ذلكم بلاء من ربكم عظيم,9,3,3,2:49:10|7:141:10|14:6:18,2:49:18|7:141:18|14:6:26,plain,file
أظلم ممن افترى على الله كذبا أو كذب بآياته,9,3,3,6:21:2|7:37:2|10:17:2,6:21:10|7:37:10|10:17:10,plain,file
أولم يسيروا في الأرض فينظروا كيف كان عاقبة الذين,9,3,3,30:9:1|35:44:1|40:21:1,30:9:9|35:44:9|40:21:9,plain,file
اعبدوا الله ما لكم من إله غيره أفلا تتقون,9,3,3,7:65:8|23:23:9|23:32:6,7:65:16|23:23:17|23:32:14,plain,file
بسم الله الرحمن الرحيم سبح لله ما في السماوات,9,3,3,57:1:1|59:1:1|61:1:1,57:1:9|59:1:9|61:1:9,plain,file
لن تغني عنهم أموالهم ولا أولادهم من الله شيئا,9,3,3,3:10:4|3:116:4|58:17:1,3:10:12|3:116:12|58:17:9,plain,file
أن الله يعلم ما في السماوات وما في الأرض,9,2,2,5:97:14|58:7:3,5:97:22|58:7:11,plain,file
إبراهيم وإسماعيل وإسحاق ويعقوب والأسباط وما أوتي موسى وعيسى,9,2,2,2:136:10|3:84:10,2:136:18|3:84:18,plain,file
إن الخاسرين الذين خسروا أنفسهم وأهليهم يوم القيامة ألا,9,2,2,39:15:7|42:45:14,39:15:15|42:45:22,plain,file
إن هذه تذكرة فمن شاء اتخذ إلى ربه سبيلا,9,2,2,73:19:1|76:29:1,73:19:9|76:29:9,plain,file
إنما حرم عليكم الميتة والدم ولحم الخنزير وما أهل,9,2,2,2:173:1|16:115:1,2:173:9|16:115:9,plain,file
الذي جعل لكم الليل لتسكنوا فيه والنهار مبصرا إن,9,2,2,10:67:2|40:61:2,10:67:10|40:61:10,plain,file
الذين يصدون عن سبيل الله ويبغونها عوجا وهم بالآخرة,9,2,2,7:45:1|11:19:1,7:45:9|11:19:9,plain,file
الذين يقيمون الصلاة ويؤتون الزكاة وهم بالآخرة هم يوقنون,9,2,2,27:3:1|31:4:1,27:3:9|31:4:9,plain,file
الله الذي له ما في السماوات وما في الأرض,9,2,2,14:2:1|42:53:2,14:2:9|42:53:10,plain,file
الله يولج الليل في النهار ويولج النهار في الليل,9,2,2,22:61:3|31:29:4,22:61:11|31:29:12,plain,file
المؤمنين والمؤمنات جنات تجري من تحتها الأنهار خالدين فيها,9,2,2,9:72:3|48:5:2,9:72:11|48:5:10,plain,file
انظر كيف ضربوا لك الأمثال فضلوا فلا يستطيعون سبيلا,9,2,2,17:48:1|25:9:1,17:48:9|25:9:9,plain,file
اهتدى فإنما يهتدي لنفسه ومن ضل فإنما يضل عليها,9,2,2,10:108:11|17:15:2,10:108:19|17:15:10,plain,file
بسم الله الرحمن الرحيم يا أيها الذين آمنوا لا,9,2,2,49:1:1|60:1:1,49:1:9|60:1:9,plain,file
بسم الله الرحمن الرحيم يا أيها الناس اتقوا ربكم,9,2,2,4:1:1|22:1:1,4:1:9|22:1:9,plain,file
ثم توفى كل نفس ما كسبت وهم لا يظلمون,9,2,2,2:281:7|3:161:13,2:281:15|3:161:21,plain,file
حيث شئتما ولا تقربا هذه الشجرة فتكونا من الظالمين,9,2,2,2:35:11|7:19:9,2:35:19|7:19:17,plain,file
خالدين فيها لا يخفف عنهم العذاب ولا هم ينظرون,9,2,2,2:162:1|3:88:1,2:162:9|3:88:9,plain,file
خذوا ما آتيناكم بقوة واذكروا ما فيه لعلكم تتقون,9,2,2,2:63:7|7:171:11,2:63:15|7:171:19,plain,file
دعوا الله مخلصين له الدين فلما نجاهم إلى البر,9,2,2,29:65:5|31:32:5,29:65:13|31:32:13,plain,file
ذلك بما قدمت أيديكم وأن الله ليس بظلام للعبيد,9,2,2,3:182:1|8:51:1,3:182:9|8:51:9,plain,file
سرمدا إلى يوم القيامة من إله غير الله يأتيكم,9,2,2,28:71:8|28:72:8,28:71:16|28:72:16,plain,file
سيئات ما عملوا وحاق بهم ما كانوا به يستهزئون,9,2,2,16:34:2|45:33:3,16:34:10|45:33:11,plain,file
على قلوبهم أكنة أن يفقهوه وفي آذانهم وقرا وإن,9,2,2,6:25:6|18:57:15,6:25:14|18:57:23,plain,file
فإذا سويته ونفخت فيه من روحي فقعوا له ساجدين,9,2,2,15:29:1|38:72:1,15:29:9|38:72:9,plain,file
قالوا يا موسى إما أن تلقي وإما أن نكون,9,2,2,7:115:1|20:65:1,7:115:9|20:65:9,plain,file
قل إني أخاف إن عصيت ربي عذاب يوم عظيم,9,2,2,6:15:1|39:13:1,6:15:9|39:13:9,plain,file
لا يؤاخذكم الله باللغو في أيمانكم ولكن يؤاخذكم بما,9,2,2,2:225:1|5:89:1,2:225:9|5:89:9,plain,file
لتأتون الرجال شهوة من دون النساء بل أنتم قوم,9,2,2,7:81:2|27:55:2,7:81:10|27:55:10,plain,file
لهم شراب من حميم وعذاب أليم بما كانوا يكفرون,9,2,2,6:70:37|10:4:20,6:70:45|10:4:28,plain,file
لهم في الدنيا خزي ولهم في الآخرة عذاب عظيم,9,2,2,2:114:22|5:41:60,2:114:30|5:41:68,plain,file
لو أن لهم ما في الأرض جميعا ومثله معه,9,2,2,5:36:4|13:18:9,5:36:12|13:18:17,plain,file
ما في السماوات وما في الأرض وكفى بالله وكيلا,9,2,2,4:132:2|4:171:46,4:132:10|4:171:54,plain,file
من أنصاري إلى الله قال الحواريون نحن أنصار الله,9,2,2,3:52:7|61:14:14,3:52:15|61:14:22,plain,file
من تراب ثم من نطفة ثم من علقة ثم,9,2,2,22:5:12|40:67:4,22:5:20|40:67:12,plain,file
من ذا الذي يقرض الله قرضا حسنا فيضاعفه له,9,2,2,2:245:1|57:11:1,2:245:9|57:11:9,plain,file
من ذكر أو أنثى وهو مؤمن فأولئك يدخلون الجنة,9,2,2,4:124:5|40:40:11,4:124:13|40:40:19,plain,file
من قبل أن يأتي يوم لا بيع فيه ولا,9,2,2,2:254:8|14:31:12,2:254:16|14:31:20,plain,file
منه اثنتا عشرة عينا قد علم كل أناس مشربهم,9,2,2,2:60:10|7:160:17,2:60:18|7:160:25,plain,file
وإذ قلنا للملائكة اسجدوا لآدم فسجدوا إلا إبليس أبى,9,2,2,2:34:1|20:116:1,2:34:9|20:116:9,plain,file
وادعوا من استطعتم من دون الله إن كنتم صادقين,9,2,2,10:38:8|11:13:10,10:38:16|11:13:18,plain,file
والأرض مددناها وألقينا فيها رواسي وأنبتنا فيها من كل,9,2,2,15:19:1|50:7:1,15:19:9|50:7:9,plain,file
وجعلنا على قلوبهم أكنة أن يفقهوه وفي آذانهم وقرا,9,2,2,6:25:5|17:46:1,6:25:13|17:46:9,plain,file
وقالوا أإذا كنا عظاما ورفاتا أإنا لمبعوثون خلقا جديدا,9,2,2,17:49:1|17:98:6,17:49:9|17:98:14,plain,file
ولئن سألتهم من خلق السماوات والأرض ليقولن الله قل,9,2,2,31:25:1|39:38:1,31:25:9|39:38:9,plain,file
ولا تبخسوا الناس أشياءهم ولا تعثوا في الأرض مفسدين,9,2,2,11:85:7|26:183:1,11:85:15|26:183:9,plain,file
ولا يجدون لهم من دون الله وليا ولا نصيرا,9,2,2,4:173:18|33:17:16,4:173:26|33:17:24,plain,file
ولقد ضربنا للناس في هذا القرآن من كل مثل,9,2,2,30:58:1|39:27:1,30:58:9|39:27:9,plain,file
وما كان لرسول أن يأتي بآية إلا بإذن الله,9,2,2,13:38:10|40:78:15,13:38:18|40:78:23,plain,file
ومن أظلم ممن افترى على الله كذبا أو كذب,9,2,2,6:21:1|29:68:1,6:21:9|29:68:9,plain,file
ويقول الذين كفروا لولا أنزل عليه آية من ربه,9,2,2,13:7:1|13:27:1,13:7:9|13:27:9,plain,file
إن في ذلك لآية وما كان أكثرهم مؤمنين,8,8,8,26:8:1|26:67:1|26:103:1|26:121:1|26:139:3|26:158:3|26:174:1|26:190:1,26:8:8|26:67:8|26:103:8|26:121:8|26:139:10|26:158:10|26:174:8|26:190:8,plain,file
يسيروا في الأرض فينظروا كيف كان عاقبة الذين,8,6,6,12:109:13|30:9:2|35:44:2|40:21:2|40:82:2|47:10:2,12:109:20|30:9:9|35:44:9|40:21:9|40:82:9|47:10:9,plain,file
جنات تجري من تحتها الأنهار خالدين فيها أبدا,8,5,5,4:57:6|4:122:6|5:119:9|64:9:17|65:11:22,4:57:13|4:122:13|5:119:16|64:9:24|65:11:29,plain,file
أظلم ممن افترى على الله كذبا أو كذب,8,4,4,6:21:2|7:37:2|10:17:2|29:68:2,6:21:9|7:37:9|10:17:9|29:68:9,plain,file
وإذ قلنا للملائكة اسجدوا لآدم فسجدوا إلا إبليس,8,4,4,2:34:1|17:61:1|18:50:1|20:116:1,2:34:8|17:61:8|18:50:8|20:116:8,plain,file
يولج الليل في النهار ويولج النهار في الليل,8,4,4,22:61:4|31:29:5|35:13:1|57:6:1,22:61:11|31:29:12|35:13:8|57:6:8,plain,file
ألم تر أن الله أنزل من السماء ماء,8,3,3,22:63:1|35:27:1|39:21:1,22:63:8|35:27:8|39:21:8,plain,file
ألم تر إلى الذين أوتوا نصيبا من الكتاب,8,3,3,3:23:1|4:44:1|4:51:1,3:23:8|4:44:8|4:51:8,plain,file
إلا من بعد ما جاءهم العلم بغيا بينهم,8,3,3,3:19:11|42:14:3|45:17:7,3:19:18|42:14:10|45:17:14,plain,file
إلى عالم الغيب والشهادة فينبئكم بما كنتم تعملون,8,3,3,9:94:23|9:105:9|62:8:11,9:94:30|9:105:16|62:8:18,plain,file
إني أخاف إن عصيت ربي عذاب يوم عظيم,8,3,3,6:15:2|10:15:32|39:13:2,6:15:9|10:15:39|39:13:9,plain,file
الذي له ما في السماوات وما في الأرض,8,3,3,14:2:2|34:1:7|42:53:3,14:2:9|34:1:14|42:53:10,plain,file
الله يؤتيه من يشاء والله ذو الفضل العظيم,8,3,3,57:21:18|57:29:15|62:4:3,57:21:25|57:29:22|62:4:10,plain,file
بسم الله الرحمن الرحيم الر تلك آيات الكتاب,8,3,3,10:1:1|12:1:1|15:1:1,10:1:8|12:1:8|15:1:8,plain,file
بسم الله الرحمن الرحيم يا أيها الذين آمنوا,8,3,3,5:1:1|49:1:1|60:1:1,5:1:8|49:1:8|60:1:8,plain,file
على قلوبهم أكنة أن يفقهوه وفي آذانهم وقرا,8,3,3,6:25:6|17:46:2|18:57:15,6:25:13|17:46:9|18:57:22,plain,file
لهم جنات تجري من تحتها الأنهار خالدين فيها,8,3,3,3:198:5|5:119:8|9:89:3,3:198:12|5:119:15|9:89:10,plain,file
ولا تتبعوا خطوات الشيطان إنه لكم عدو مبين,8,3,3,2:168:10|2:208:9|6:142:9,2:168:17|2:208:16|6:142:16,plain,file
ومن أظلم ممن افترى على الله كذبا أو,8,3,3,6:21:1|6:93:1|29:68:1,6:21:8|6:93:8|29:68:8,plain,file
ومن الناس من يجادل في الله بغير علم,8,3,3,22:3:1|22:8:1|31:20:18,22:3:8|22:8:8|31:20:25,plain,file
ومن لم يحكم بما أنزل الله فأولئك هم,8,3,3,5:44:33|5:45:23|5:47:8,5:44:40|5:45:30|5:47:15,plain,file
يا بني إسرائيل اذكروا نعمتي التي أنعمت عليكم,8,3,3,2:40:1|2:47:1|2:122:1,2:40:8|2:47:8|2:122:8,plain,file
أسوة حسنة لمن كان يرجو الله واليوم الآخر,8,2,2,33:21:7|60:6:5,33:21:14|60:6:12,plain,file
ألم تعلم أن الله له ملك السماوات والأرض,8,2,2,2:107:1|5:40:1,2:107:8|5:40:8,plain,file
أولئك على هدى من ربهم وأولئك هم المفلحون,8,2,2,2:5:1|31:5:1,2:5:8|31:5:8,plain,file
أولم يروا أن الله الذي خلق السماوات والأرض,8,2,2,17:99:1|46:33:1,17:99:8|46:33:8,plain,file
إذا قضى أمرا فإنما يقول له كن فيكون,8,2,2,3:47:16|19:35:9,3:47:23|19:35:16,plain,file
إن الذين يفترون على الله الكذب لا يفلحون,8,2,2,10:69:2|16:116:15,10:69:9|16:116:22,plain,file
إن في خلق السماوات والأرض واختلاف الليل والنهار,8,2,2,2:164:1|3:190:1,2:164:8|3:190:8,plain,file
إن في ذلك لآية لكم إن كنتم مؤمنين,8,2,2,2:248:23|3:49:38,2:248:30|3:49:45,plain,file
إن يتبعون إلا الظن وإن هم إلا يخرصون,8,2,2,6:116:11|10:66:18,6:116:18|10:66:25,plain,file
إنا وجدنا آباءنا على أمة وإنا على آثارهم,8,2,2,43:22:3|43:23:13,43:22:10|43:23:20,plain,file
ادخلوا أبواب جهنم خالدين فيها فبئس مثوى المتكبرين,8,2,2,39:72:2|40:76:1,39:72:9|40:76:8,plain,file
الذين آمنوا وعملوا الصالحات لهم أجر غير ممنون,8,2,2,41:8:2|84:25:2,41:8:9|84:25:9,plain,file
الذين يجادلون في آيات الله بغير سلطان أتاهم,8,2,2,40:35:1|40:56:2,40:35:8|40:56:9,plain,file
السماوات والأرض وما بينهما إلا بالحق وأجل مسمى,8,2,2,30:8:8|46:3:3,30:8:15|46:3:10,plain,file
الفاحشة ما سبقكم بها من أحد من العالمين,8,2,2,7:80:6|29:28:7,7:80:13|29:28:14,plain,file
الله يبسط الرزق لمن يشاء من عباده ويقدر,8,2,2,28:82:8|29:62:1,28:82:15|29:62:8,plain,file
الليل وسخر الشمس والقمر كل يجري لأجل مسمى,8,2,2,35:13:8|39:5:12,35:13:15|39:5:19,plain,file
بي ما ليس لك به علم فلا تطعهما,8,2,2,29:8:8|31:15:6,29:8:15|31:15:13,plain,file
تجري من تحتها الأنهار خالدين فيها وذلك جزاء,8,2,2,5:85:6|20:76:3,5:85:13|20:76:10,plain,file
تحتها الأنهار خالدين فيها أبدا ذلك الفوز العظيم,8,2,2,9:100:18|64:9:20,9:100:25|64:9:27,plain,file
تعبدوا إلا الله إني أخاف عليكم عذاب يوم,8,2,2,11:26:3|46:21:17,11:26:10|46:21:24,plain,file
تكون له عاقبة الدار إنه لا يفلح الظالمون,8,2,2,6:135:12|28:37:11,6:135:19|28:37:18,plain,file
تمدن عينيك إلى ما متعنا به أزواجا منهم,8,2,2,15:88:2|20:131:2,15:88:9|20:131:9,plain,file
جاءت رسلنا لوطا سيء بهم وضاق بهم ذرعا,8,2,2,11:77:2|29:33:3,11:77:9|29:33:10,plain,file
جنات تجري من تحتها الأنهار خالدين فيها ذلك,8,2,2,9:89:4|57:12:12,9:89:11|57:12:19,plain,file
جنات تجري من تحتها الأنهار خالدين فيها وذلك,8,2,2,4:13:9|5:85:5,4:13:16|5:85:12,plain,file
جنات عدن تجري من تحتها الأنهار خالدين فيها,8,2,2,20:76:1|98:8:4,20:76:8|98:8:11,plain,file
ذلك الدين القيم ولكن أكثر الناس لا يعلمون,8,2,2,12:40:25|30:30:15,12:40:32|30:30:22,plain,file
رب السماوات والأرض وما بينهما إن كنتم موقنين,8,2,2,26:24:2|44:7:1,26:24:9|44:7:8,plain,file
عمل صالحا من ذكر أو أنثى وهو مؤمن,8,2,2,16:97:2|40:40:9,16:97:9|40:40:16,plain,file
فإذا جاء أجلهم لا يستأخرون ساعة ولا يستقدمون,8,2,2,7:34:4|16:61:16,7:34:11|16:61:23,plain,file
فذرهم يخوضوا ويلعبوا حتى يلاقوا يومهم الذي يوعدون,8,2,2,43:83:1|70:42:1,43:83:8|70:42:8,plain,file
فسيروا في الأرض فانظروا كيف كان عاقبة المكذبين,8,2,2,3:137:6|16:36:21,3:137:13|16:36:28,plain,file
في قرية من نذير إلا قال مترفوها إنا,8,2,2,34:34:3|43:23:6,34:34:10|43:23:13,plain,file
فيه والنهار مبصرا إن في ذلك لآيات لقوم,8,2,2,10:67:7|27:86:7,10:67:14|27:86:14,plain,file
قال بل سولت لكم أنفسكم أمرا فصبر جميل,8,2,2,12:18:6|12:83:1,12:18:13|12:83:8,plain,file
قالوا ادع لنا ربك يبين لنا ما هي,8,2,2,2:68:1|2:70:1,2:68:8|2:70:8,plain,file
قل سيروا في الأرض فانظروا كيف كان عاقبة,8,2,2,27:69:1|30:42:1,27:69:8|30:42:8,plain,file
لأهله امكثوا إني آنست نارا لعلي آتيكم منها,8,2,2,20:10:5|28:29:13,20:10:12|28:29:20,plain,file
لذو فضل على الناس ولكن أكثرهم لا يشكرون,8,2,2,10:60:12|27:73:3,10:60:19|27:73:10,plain,file
لهما سوآتهما وطفقا يخصفان عليهما من ورق الجنة,8,2,2,7:22:7|20:121:4,7:22:14|20:121:11,plain,file
ليقولن الله قل الحمد لله بل أكثرهم لا,8,2,2,29:63:14|31:25:7,29:63:21|31:25:14,plain,file
ما في الأرض جميعا ومثله معه لافتدوا به,8,2,2,13:18:12|39:47:5,13:18:19|39:47:12,plain,file
ما في السماوات وما في الأرض وكان الله,8,2,2,4:126:2|4:131:23,4:126:9|4:131:30,plain,file
ما يشاء إن الله على كل شيء قدير,8,2,2,24:45:24|35:1:21,24:45:31|35:1:28,plain,file
مريضا أو على سفر فعدة من أيام أخر,8,2,2,2:184:6|2:185:20,2:184:13|2:185:27,plain,file
من دون الناس فتمنوا الموت إن كنتم صادقين,8,2,2,2:94:10|62:6:11,2:94:17|62:6:18,plain,file
من يأتيه عذاب يخزيه ويحل عليه عذاب مقيم,8,2,2,11:39:3|39:40:1,11:39:10|39:40:8,plain,file
هل ينظرون إلا أن تأتيهم الملائكة أو يأتي,8,2,2,6:158:1|16:33:1,6:158:8|16:33:8,plain,file
وآتينا عيسى ابن مريم البينات وأيدناه بروح القدس,8,2,2,2:87:9|2:253:14,2:87:16|2:253:21,plain,file
وأولو الأرحام بعضهم أولى ببعض في كتاب الله,8,2,2,8:75:10|33:6:8,8:75:17|33:6:15,plain,file
وإذا تتلى عليهم آياتنا بينات قال الذين كفروا,8,2,2,19:73:1|46:7:1,19:73:8|46:7:8,plain,file
وإما ينزغنك من الشيطان نزغ فاستعذ بالله إنه,8,2,2,7:200:1|41:36:1,7:200:8|41:36:8,plain,file
وإن لكم في الأنعام لعبرة نسقيكم مما في,8,2,2,16:66:1|23:21:1,16:66:8|23:21:8,plain,file
وجعل لكم السمع والأبصار والأفئدة قليلا ما تشكرون,8,2,2,32:9:7|67:23:5,32:9:14|67:23:12,plain,file
ولا تقتلوا النفس التي حرم الله إلا بالحق,8,2,2,6:151:30|17:33:1,6:151:37|17:33:8,plain,file
وما أرسلنا من قبلك إلا رجالا نوحي إليهم,8,2,2,12:109:1|16:43:1,12:109:8|16:43:8,plain,file
وما تحمل من أنثى ولا تضع إلا بعلمه,8,2,2,35:11:11|41:47:11,35:11:18|41:47:18,plain,file
وما تقدموا لأنفسكم من خير تجدوه عند الله,8,2,2,2:110:5|73:20:61,2:110:12|73:20:68,plain,file
وما منع الناس أن يؤمنوا إذ جاءهم الهدى,8,2,2,17:94:1|18:55:1,17:94:8|18:55:8,plain,file
ومن حيث خرجت فول وجهك شطر المسجد الحرام,8,2,2,2:149:1|2:150:1,2:149:8|2:150:8,plain,file
ويبشر المؤمنين الذين يعملون الصالحات أن لهم أجرا,8,2,2,17:9:8|18:2:7,17:9:15|18:2:14,plain,file
ويوم يناديهم فيقول أين شركائي الذين كنتم تزعمون,8,2,2,28:62:1|28:74:1,28:62:8|28:74:8,plain,file
يؤمنون بما أنزل إليك وما أنزل من قبلك,8,2,2,2:4:2|4:162:7,2:4:9|4:162:14,plain,file
يا أهل الكتاب قد جاءكم رسولنا يبين لكم,8,2,2,5:15:1|5:19:1,5:15:8|5:19:8,plain,file
يا أيها الذين آمنوا أطيعوا الله وأطيعوا الرسول,8,2,2,4:59:1|47:33:1,4:59:8|47:33:8,plain,file
يبسط الرزق لمن يشاء من عباده ويقدر له,8,2,2,29:62:2|34:39:4,29:62:9|34:39:11,plain,file
يتخذ ولدا ولم يكن له شريك في الملك,8,2,2,17:111:6|25:2:7,17:111:13|25:2:14,plain,file
يختص برحمته من يشاء والله ذو الفضل العظيم,8,2,2,2:105:18|3:74:1,2:105:25|3:74:8,plain,file
يخرج الحي من الميت ويخرج الميت من الحي,8,2,2,10:31:12|30:19:1,10:31:19|30:19:8,plain,file
يدخله جنات تجري من تحتها الأنهار خالدين فيها,8,2,2,4:13:8|65:11:21,4:13:15|65:11:28,plain,file
يدك في جيبك تخرج بيضاء من غير سوء,8,2,2,27:12:2|28:32:2,27:12:9|28:32:9,plain,file
يعلم ما بين أيديهم وما خلفهم ولا يحيطون,8,2,2,2:255:27|20:110:1,2:255:34|20:110:8,plain,file
يهد الله فهو المهتد ومن يضلل فلن تجد,8,2,2,17:97:2|18:17:24,17:97:9|18:17:31,plain,file
