token_position,types,type_token_ratio,profile_id,scope
100,79,0.79,plain,file
200,134,0.67,plain,file
300,205,0.6833333333333333,plain,file
400,263,0.6575,plain,file
500,320,0.64,plain,file
600,381,0.635,plain,file
700,442,0.6314285714285715,plain,file
800,496,0.62,plain,file
900,546,0.6066666666666667,plain,file
1000,591,0.591,plain,file
1100,638,0.58,plain,file
1200,682,0.5683333333333334,plain,file
1300,722,0.5553846153846154,plain,file
1400,762,0.5442857142857143,plain,file
1500,810,0.54,plain,file
1600,833,0.520625,plain,file
1700,879,0.5170588235294118,plain,file
1800,917,0.5094444444444445,plain,file
1900,942,0.4957894736842105,plain,file
2000,976,0.488,plain,file
2100,1015,0.48333333333333334,plain,file
2200,1040,0.4727272727272727,plain,file
2300,1085,0.4717391304347826,plain,file
2400,1126,0.4691666666666667,plain,file
2500,1149,0.4596,plain,file
2600,1173,0.4511538461538461,plain,file
2700,1208,0.4474074074074074,plain,file
2800,1231,0.43964285714285717,plain,file
2900,1271,0.4382758620689655,plain,file
3000,1304,0.43466666666666665,plain,file
3100,1332,0.4296774193548387,plain,file
3200,1359,0.4246875,plain,file
3300,1400,0.42424242424242425,plain,file
3400,1433,0.4214705882352941,plain,file
3500,1477,0.422,plain,file
3600,1514,0.42055555555555557,plain,file
3700,1549,0.41864864864864865,plain,file
3800,1583,0.41657894736842105,plain,file
3900,1610,0.4128205128205128,plain,file
4000,1644,0.411,plain,file
4100,1664,0.4058536585365854,plain,file
4200,1690,0.4023809523809524,plain,file
4300,1725,0.4011627906976744,plain,file
4400,1763,0.4006818181818182,plain,file
4500,1797,0.3993333333333333,plain,file
4600,1829,0.39760869565217394,plain,file
4700,1860,0.39574468085106385,plain,file
4800,1889,0.3935416666666667,plain,file
4900,1914,0.3906122448979592,plain,file
5000,1940,0.388,plain,file
5100,1976,0.38745098039215686,plain,file
5200,1996,0.38384615384615384,plain,file
5300,2024,0.3818867924528302,plain,file
5400,2057,0.38092592592592595,plain,file
5500,2083,0.37872727272727275,plain,file
5600,2120,0.37857142857142856,plain,file
5700,2147,0.37666666666666665,plain,file
5800,2175,0.375,plain,file
5900,2196,0.3722033898305085,plain,file
6000,2236,0.37266666666666665,plain,file
6100,2265,0.37131147540983606,plain,file
6200,2290,0.36935483870967745,plain,file
6300,2310,0.36666666666666664,plain,file
6400,2347,0.36671875,plain,file
6500,2369,0.36446153846153845,plain,file
6600,2387,0.3616666666666667,plain,file
6700,2411,0.3598507462686567,plain,file
6800,2442,0.35911764705882354,plain,file
6900,2474,0.3585507246376812,plain,file
7000,2506,0.358,plain,file
7100,2536,0.3571830985915493,plain,file
7200,2562,0.35583333333333333,plain,file
7300,2588,0.3545205479452055,plain,file
7400,2606,0.3521621621621622,plain,file
7500,2626,0.35013333333333335,plain,file
7600,2650,0.34868421052631576,plain,file
7700,2663,0.34584415584415584,plain,file
7800,2678,0.3433333333333333,plain,file
7900,2696,0.3412658227848101,plain,file
8000,2725,0.340625,plain,file
8100,2742,0.3385185185185185,plain,file
8200,2762,0.33682926829268295,plain,file
8300,2799,0.3372289156626506,plain,file
8400,2824,0.3361904761904762,plain,file
8500,2854,0.33576470588235297,plain,file
8600,2883,0.3352325581395349,plain,file
8700,2910,0.33448275862068966,plain,file
8800,2937,0.33375,plain,file
8900,2954,0.33191011235955054,plain,file
9000,2982,0.3313333333333333,plain,file
9100,3003,0.33,plain,file
9200,3028,0.32913043478260867,plain,file
9300,3044,0.32731182795698927,plain,file
9400,3076,0.3272340425531915,plain,file
9500,3095,0.3257894736842105,plain,file
9600,3128,0.3258333333333333,plain,file
9700,3143,0.32402061855670106,plain,file
9800,3174,0.32387755102040816,plain,file
9900,3210,0.3242424242424242,plain,file
10000,3235,0.3235,plain,file
10100,3262,0.322970297029703,plain,file
10200,3293,0.32284313725490194,plain,file
10300,3329,0.3232038834951456,plain,file
10400,3359,0.32298076923076924,plain,file
10500,3382,0.3220952380952381,plain,file
10600,3418,0.32245283018867926,plain,file
10700,3443,0.3217757009345794,plain,file
10800,3474,0.32166666666666666,plain,file
10900,3489,0.3200917431192661,plain,file
11000,3511,0.3191818181818182,plain,file
11100,3532,0.3181981981981982,plain,file
11200,3559,0.31776785714285716,plain,file
11300,3586,0.31734513274336285,plain,file
11400,3600,0.3157894736842105,plain,file
11500,3619,0.31469565217391304,plain,file
11600,3641,0.3138793103448276,plain,file
11700,3665,0.31324786324786325,plain,file
11800,3686,0.3123728813559322,plain,file
11900,3713,0.31201680672268906,plain,file
12000,3735,0.31125,plain,file
12100,3760,0.31074380165289256,plain,file
12200,3779,0.30975409836065576,plain,file
12300,3789,0.3080487804878049,plain,file
12400,3813,0.3075,plain,file
12500,3838,0.30704,plain,file
12600,3858,0.3061904761904762,plain,file
12700,3865,0.3043307086614173,plain,file
12800,3881,0.303203125,plain,file
12900,3891,0.3016279069767442,plain,file
13000,3905,0.30038461538461536,plain,file
13100,3926,0.2996946564885496,plain,file
13200,3948,0.2990909090909091,plain,file
13300,3961,0.29781954887218043,plain,file
13400,3976,0.2967164179104478,plain,file
13500,3995,0.2959259259259259,plain,file
13600,4025,0.2959558823529412,plain,file
13700,4043,0.2951094890510949,plain,file
13800,4052,0.2936231884057971,plain,file
13900,4072,0.29294964028776976,plain,file
14000,4088,0.292,plain,file
14100,4104,0.29106382978723405,plain,file
14200,4136,0.29126760563380283,plain,file
14300,4166,0.29132867132867135,plain,file
14400,4181,0.2903472222222222,plain,file
14500,4199,0.28958620689655173,plain,file
14600,4219,0.288972602739726,plain,file
14700,4240,0.28843537414965986,plain,file
14800,4257,0.2876351351351351,plain,file
14900,4283,0.2874496644295302,plain,file
15000,4300,0.2866666666666667,plain,file
15100,4328,0.2866225165562914,plain,file
15200,4339,0.2854605263157895,plain,file
15300,4348,0.2841830065359477,plain,file
15400,4362,0.28324675324675325,plain,file
15500,4378,0.2824516129032258,plain,file
15600,4399,0.2819871794871795,plain,file
15700,4417,0.2813375796178344,plain,file
15800,4434,0.28063291139240504,plain,file
15900,4445,0.27955974842767295,plain,file
16000,4473,0.2795625,plain,file
16100,4494,0.2791304347826087,plain,file
16200,4520,0.27901234567901234,plain,file
16300,4532,0.2780368098159509,plain,file
16400,4557,0.2778658536585366,plain,file
16500,4577,0.2773939393939394,plain,file
16600,4596,0.27686746987951805,plain,file
16700,4620,0.27664670658682633,plain,file
16800,4641,0.27625,plain,file
16900,4666,0.276094674556213,plain,file
17000,4691,0.27594117647058825,plain,file
17100,4707,0.2752631578947368,plain,file
17200,4728,0.27488372093023256,plain,file
17300,4749,0.2745086705202312,plain,file
17400,4772,0.27425287356321837,plain,file
17500,4797,0.2741142857142857,plain,file
17600,4826,0.2742045454545455,plain,file
17700,4848,0.2738983050847458,plain,file
17800,4870,0.2735955056179775,plain,file
17900,4893,0.2733519553072626,plain,file
18000,4923,0.2735,plain,file
18100,4954,0.27370165745856356,plain,file
18200,4974,0.2732967032967033,plain,file
18300,5000,0.273224043715847,plain,file
18400,5019,0.2727717391304348,plain,file
18500,5040,0.2724324324324324,plain,file
18600,5062,0.2721505376344086,plain,file
18700,5084,0.2718716577540107,plain,file
18800,5108,0.27170212765957447,plain,file
18900,5129,0.2713756613756614,plain,file
19000,5154,0.2712631578947368,plain,file
19100,5171,0.2707329842931937,plain,file
19200,5184,0.27,plain,file
19300,5204,0.26963730569948186,plain,file
19400,5223,0.26922680412371136,plain,file
19500,5249,0.2691794871794872,plain,file
19600,5285,0.26964285714285713,plain,file
19700,5306,0.26934010152284266,plain,file
19800,5321,0.2687373737373737,plain,file
19900,5328,0.2677386934673367,plain,file
20000,5347,0.26735,plain,file
20100,5369,0.2671144278606965,plain,file
20200,5386,0.26663366336633665,plain,file
20300,5411,0.26655172413793105,plain,file
20400,5432,0.2662745098039216,plain,file
20500,5449,0.2658048780487805,plain,file
20600,5471,0.26558252427184464,plain,file
20700,5496,0.2655072463768116,plain,file
20800,5511,0.26495192307692306,plain,file
20900,5528,0.2644976076555024,plain,file
21000,5549,0.2642380952380952,plain,file
21100,5568,0.26388625592417064,plain,file
21200,5606,0.26443396226415095,plain,file
21300,5631,0.2643661971830986,plain,file
21400,5657,0.26434579439252337,plain,file
21500,5681,0.2642325581395349,plain,file
21600,5710,0.26435185185185184,plain,file
21700,5730,0.2640552995391705,plain,file
21800,5759,0.2641743119266055,plain,file
21900,5782,0.26401826484018265,plain,file
22000,5795,0.2634090909090909,plain,file
22100,5814,0.2630769230769231,plain,file
22200,5839,0.263018018018018,plain,file
22300,5861,0.2628251121076233,plain,file
22400,5881,0.26254464285714285,plain,file
22500,5902,0.2623111111111111,plain,file
22600,5923,0.2620796460176991,plain,file
22700,5945,0.2618942731277533,plain,file
22800,5966,0.26166666666666666,plain,file
22900,5988,0.26148471615720525,plain,file
23000,6010,0.26130434782608697,plain,file
23100,6032,0.26112554112554115,plain,file
23200,6045,0.2605603448275862,plain,file
23300,6062,0.2601716738197425,plain,file
23400,6083,0.25995726495726496,plain,file
23500,6101,0.25961702127659575,plain,file
23600,6115,0.25911016949152543,plain,file
23700,6143,0.2591983122362869,plain,file
23800,6158,0.25873949579831934,plain,file
23900,6171,0.25820083682008366,plain,file
24000,6178,0.2574166666666667,plain,file
24100,6204,0.25742738589211617,plain,file
24200,6224,0.2571900826446281,plain,file
24300,6237,0.25666666666666665,plain,file
24400,6261,0.2565983606557377,plain,file
24500,6277,0.25620408163265307,plain,file
24600,6298,0.25601626016260165,plain,file
24700,6315,0.255668016194332,plain,file
24800,6345,0.2558467741935484,plain,file
24900,6369,0.25578313253012047,plain,file
25000,6386,0.25544,plain,file
25100,6405,0.25517928286852587,plain,file
25200,6430,0.25515873015873014,plain,file
25300,6451,0.2549802371541502,plain,file
25400,6468,0.2546456692913386,plain,file
25500,6487,0.2543921568627451,plain,file
25600,6506,0.254140625,plain,file
25700,6519,0.25365758754863815,plain,file
25800,6534,0.2532558139534884,plain,file
25900,6559,0.25324324324324327,plain,file
26000,6577,0.25296153846153846,plain,file
26100,6605,0.25306513409961684,plain,file
26200,6614,0.25244274809160305,plain,file
26300,6634,0.25224334600760456,plain,file
26400,6652,0.25196969696969695,plain,file
26500,6663,0.25143396226415093,plain,file
26600,6677,0.25101503759398497,plain,file
26700,6696,0.2507865168539326,plain,file
26800,6705,0.2501865671641791,plain,file
26900,6721,0.24985130111524165,plain,file
27000,6742,0.2497037037037037,plain,file
27100,6764,0.2495940959409594,plain,file
27200,6773,0.24900735294117646,plain,file
27300,6784,0.2484981684981685,plain,file
27400,6797,0.24806569343065693,plain,file
27500,6815,0.24781818181818183,plain,file
27600,6823,0.24721014492753624,plain,file
27700,6831,0.24660649819494584,plain,file
27800,6844,0.24618705035971222,plain,file
27900,6861,0.24591397849462365,plain,file
28000,6886,0.24592857142857144,plain,file
28100,6899,0.24551601423487546,plain,file
28200,6908,0.2449645390070922,plain,file
28300,6926,0.2447349823321555,plain,file
28400,6939,0.24433098591549296,plain,file
28500,6956,0.2440701754385965,plain,file
28600,6970,0.2437062937062937,plain,file
28700,6980,0.243205574912892,plain,file
28800,6994,0.24284722222222221,plain,file
28900,7009,0.24252595155709342,plain,file
29000,7036,0.24262068965517242,plain,file
29100,7057,0.2425085910652921,plain,file
29200,7073,0.24222602739726026,plain,file
29300,7087,0.24187713310580206,plain,file
29400,7103,0.2415986394557823,plain,file
29500,7127,0.24159322033898306,plain,file
29600,7153,0.2416554054054054,plain,file
29700,7172,0.2414814814814815,plain,file
29800,7190,0.2412751677852349,plain,file
29900,7207,0.24103678929765887,plain,file
30000,7230,0.241,plain,file
30100,7245,0.24069767441860465,plain,file
30200,7260,0.24039735099337747,plain,file
30300,7277,0.24016501650165017,plain,file
30400,7312,0.24052631578947367,plain,file
30500,7349,0.24095081967213114,plain,file
30600,7374,0.24098039215686273,plain,file
30700,7399,0.24100977198697068,plain,file
30800,7428,0.24116883116883117,plain,file
30900,7442,0.24084142394822006,plain,file
31000,7477,0.24119354838709678,plain,file
31100,7499,0.24112540192926046,plain,file
31200,7522,0.24108974358974358,plain,file
31300,7553,0.24130990415335463,plain,file
31400,7576,0.24127388535031846,plain,file
31500,7595,0.2411111111111111,plain,file
31600,7613,0.24091772151898735,plain,file
31700,7643,0.24110410094637225,plain,file
31800,7661,0.2409119496855346,plain,file
31900,7675,0.24059561128526646,plain,file
32000,7690,0.2403125,plain,file
32100,7703,0.23996884735202492,plain,file
32200,7726,0.23993788819875778,plain,file
32300,7752,0.24,plain,file
32400,7777,0.24003086419753086,plain,file
32500,7793,0.23978461538461537,plain,file
32600,7805,0.23941717791411044,plain,file
32700,7817,0.2390519877675841,plain,file
32800,7827,0.2386280487804878,plain,file
32900,7839,0.2382674772036474,plain,file
33000,7849,0.23784848484848484,plain,file
33100,7859,0.2374320241691843,plain,file
33200,7885,0.2375,plain,file
33300,7901,0.23726726726726727,plain,file
33400,7923,0.23721556886227546,plain,file
33500,7938,0.236955223880597,plain,file
33600,7960,0.2369047619047619,plain,file
33700,7986,0.236973293768546,plain,file
33800,8005,0.23683431952662723,plain,file
33900,8029,0.23684365781710914,plain,file
34000,8051,0.23679411764705882,plain,file
34100,8068,0.23659824046920822,plain,file
34200,8088,0.23649122807017545,plain,file
34300,8104,0.23626822157434402,plain,file
34400,8136,0.23651162790697675,plain,file
34500,8162,0.23657971014492754,plain,file
34600,8176,0.23630057803468207,plain,file
34700,8190,0.23602305475504323,plain,file
34800,8199,0.23560344827586208,plain,file
34900,8204,0.23507163323782235,plain,file
35000,8212,0.23462857142857144,plain,file
35100,8229,0.23444444444444446,plain,file
35200,8245,0.23423295454545454,plain,file
35300,8267,0.23419263456090653,plain,file
35400,8278,0.23384180790960452,plain,file
35500,8292,0.2335774647887324,plain,file
35600,8313,0.23351123595505618,plain,file
35700,8333,0.2334173669467787,plain,file
35800,8347,0.23315642458100558,plain,file
35900,8357,0.23278551532033426,plain,file
36000,8370,0.2325,plain,file
36100,8384,0.23224376731301938,plain,file
36200,8392,0.2318232044198895,plain,file
36300,8412,0.23173553719008264,plain,file
36400,8440,0.23186813186813188,plain,file
36500,8467,0.23197260273972603,plain,file
36600,8492,0.23202185792349728,plain,file
36700,8514,0.2319891008174387,plain,file
36800,8537,0.23198369565217392,plain,file
36900,8552,0.23176151761517616,plain,file
37000,8565,0.23148648648648648,plain,file
37100,8583,0.2313477088948787,plain,file
37200,8603,0.23126344086021505,plain,file
37300,8625,0.2312332439678284,plain,file
37400,8650,0.23128342245989306,plain,file
37500,8664,0.23104,plain,file
37600,8678,0.23079787234042554,plain,file
37700,8688,0.23045092838196288,plain,file
37800,8710,0.23042328042328042,plain,file
37900,8726,0.23023746701846964,plain,file
38000,8746,0.23015789473684212,plain,file
38100,8778,0.23039370078740157,plain,file
38200,8805,0.23049738219895288,plain,file
38300,8824,0.2303916449086162,plain,file
38400,8859,0.230703125,plain,file
38500,8882,0.2307012987012987,plain,file
38600,8903,0.2306476683937824,plain,file
38700,8922,0.23054263565891472,plain,file
38800,8949,0.23064432989690722,plain,file
38900,8977,0.23077120822622108,plain,file
39000,9005,0.2308974358974359,plain,file
39100,9039,0.2311764705882353,plain,file
39200,9058,0.23107142857142857,plain,file
39300,9084,0.23114503816793894,plain,file
39400,9104,0.23106598984771573,plain,file
39500,9132,0.23118987341772151,plain,file
39600,9157,0.23123737373737374,plain,file
39700,9196,0.23163727959697733,plain,file
39800,9211,0.2314321608040201,plain,file
39900,9232,0.2313784461152882,plain,file
40000,9246,0.23115,plain,file
40100,9260,0.23092269326683293,plain,file
40200,9277,0.23077114427860695,plain,file
40300,9305,0.23089330024813895,plain,file
40400,9325,0.23081683168316833,plain,file
40500,9356,0.23101234567901235,plain,file
40600,9388,0.23123152709359607,plain,file
40700,9423,0.23152334152334153,plain,file
40800,9440,0.23137254901960785,plain,file
40900,9470,0.23154034229828852,plain,file
41000,9490,0.23146341463414635,plain,file
41100,9509,0.2313625304136253,plain,file
41200,9528,0.2312621359223301,plain,file
41300,9553,0.23130750605326877,plain,file
41400,9573,0.23123188405797102,plain,file
41500,9592,0.23113253012048193,plain,file
41600,9613,0.23108173076923078,plain,file
41700,9625,0.23081534772182255,plain,file
41800,9639,0.2305980861244019,plain,file
41900,9661,0.2305727923627685,plain,file
42000,9670,0.23023809523809524,plain,file
42100,9691,0.23019002375296913,plain,file
42200,9702,0.22990521327014218,plain,file
42300,9719,0.22976359338061467,plain,file
42400,9736,0.22962264150943396,plain,file
42500,9751,0.22943529411764707,plain,file
42600,9771,0.22936619718309859,plain,file
42700,9796,0.2294145199063232,plain,file
42800,9814,0.22929906542056075,plain,file
42900,9826,0.22904428904428906,plain,file
43000,9846,0.22897674418604652,plain,file
43100,9859,0.22874709976798144,plain,file
43200,9870,0.22847222222222222,plain,file
43300,9886,0.22831408775981524,plain,file
43400,9918,0.22852534562211982,plain,file
43500,9933,0.2283448275862069,plain,file
43600,9954,0.228302752293578,plain,file
43700,9968,0.22810068649885584,plain,file
43800,9980,0.2278538812785388,plain,file
43900,9992,0.22760820045558086,plain,file
44000,10002,0.2273181818181818,plain,file
44100,10013,0.22705215419501135,plain,file
44200,10025,0.22680995475113122,plain,file
44300,10048,0.22681715575620767,plain,file
44400,10062,0.2266216216216216,plain,file
44500,10073,0.22635955056179774,plain,file
44600,10090,0.22623318385650223,plain,file
44700,10106,0.22608501118568233,plain,file
44800,10125,0.22600446428571427,plain,file
44900,10135,0.2257238307349666,plain,file
45000,10142,0.2253777777777778,plain,file
45100,10155,0.22516629711751662,plain,file
45200,10171,0.2250221238938053,plain,file
45300,10192,0.22498896247240618,plain,file
45400,10206,0.22480176211453745,plain,file
45500,10221,0.22463736263736264,plain,file
45600,10230,0.2243421052631579,plain,file
45700,10248,0.22424507658643325,plain,file
45800,10283,0.22451965065502183,plain,file
45900,10311,0.22464052287581698,plain,file
46000,10330,0.22456521739130436,plain,file
46100,10346,0.22442516268980478,plain,file
46200,10351,0.22404761904761905,plain,file
46300,10366,0.2238876889848812,plain,file
46400,10386,0.22383620689655173,plain,file
46500,10405,0.22376344086021505,plain,file
46600,10413,0.2234549356223176,plain,file
46700,10424,0.2232119914346895,plain,file
46800,10433,0.22292735042735043,plain,file
46900,10453,0.22287846481876333,plain,file
47000,10467,0.22270212765957448,plain,file
47100,10479,0.22248407643312101,plain,file
47200,10507,0.22260593220338984,plain,file
47300,10515,0.2223044397463002,plain,file
47400,10535,0.22225738396624473,plain,file
47500,10552,0.22214736842105262,plain,file
47600,10567,0.22199579831932773,plain,file
47700,10579,0.2217819706498952,plain,file
47800,10588,0.22150627615062762,plain,file
47900,10611,0.2215240083507307,plain,file
48000,10628,0.22141666666666668,plain,file
48100,10647,0.22135135135135134,plain,file
48200,10657,0.22109958506224067,plain,file
48300,10669,0.2208902691511387,plain,file
48400,10676,0.2205785123966942,plain,file
48500,10686,0.2203298969072165,plain,file
48600,10693,0.22002057613168724,plain,file
48700,10708,0.21987679671457905,plain,file
48800,10726,0.21979508196721312,plain,file
48900,10742,0.21967280163599182,plain,file
49000,10758,0.21955102040816327,plain,file
49100,10789,0.21973523421588595,plain,file
49200,10806,0.21963414634146342,plain,file
49300,10827,0.21961460446247463,plain,file
49400,10849,0.21961538461538463,plain,file
49500,10858,0.21935353535353536,plain,file
49600,10873,0.21921370967741935,plain,file
49700,10879,0.2188933601609658,plain,file
49800,10884,0.21855421686746987,plain,file
49900,10902,0.21847695390781563,plain,file
50000,10918,0.21836,plain,file
50100,10945,0.2184630738522954,plain,file
50200,10963,0.21838645418326694,plain,file
50300,10981,0.21831013916500994,plain,file
50400,11004,0.21833333333333332,plain,file
50500,11019,0.2181980198019802,plain,file
50600,11036,0.21810276679841897,plain,file
50700,11047,0.21788954635108482,plain,file
50800,11051,0.21753937007874016,plain,file
50900,11059,0.21726915520628684,plain,file
51000,11072,0.21709803921568627,plain,file
51100,11079,0.2168101761252446,plain,file
51200,11092,0.216640625,plain,file
51300,11104,0.21645224171539962,plain,file
51400,11110,0.216147859922179,plain,file
51500,11124,0.216,plain,file
51600,11138,0.21585271317829458,plain,file
51700,11149,0.21564796905222436,plain,file
51800,11159,0.21542471042471042,plain,file
51900,11165,0.2151252408477842,plain,file
52000,11174,0.2148846153846154,plain,file
52100,11186,0.2147024952015355,plain,file
52200,11193,0.21442528735632183,plain,file
52300,11196,0.21407265774378584,plain,file
52400,11212,0.21396946564885497,plain,file
52500,11218,0.21367619047619046,plain,file
52600,11229,0.2134790874524715,plain,file
52700,11234,0.21316888045540797,plain,file
52800,11242,0.21291666666666667,plain,file
52900,11248,0.21262759924385632,plain,file
53000,11257,0.21239622641509434,plain,file
53100,11268,0.2122033898305085,plain,file
53200,11278,0.2119924812030075,plain,file
53300,11286,0.21174484052532833,plain,file
53400,11298,0.21157303370786518,plain,file
53500,11315,0.21149532710280375,plain,file
53600,11326,0.21130597014925373,plain,file
53700,11334,0.2110614525139665,plain,file
53800,11342,0.210817843866171,plain,file
53900,11355,0.21066790352504638,plain,file
54000,11364,0.21044444444444443,plain,file
54100,11371,0.210184842883549,plain,file
54200,11380,0.2099630996309963,plain,file
54300,11391,0.20977900552486187,plain,file
54400,11409,0.20972426470588235,plain,file
54500,11421,0.20955963302752292,plain,file
54600,11439,0.2095054945054945,plain,file
54700,11465,0.20959780621572213,plain,file
54800,11494,0.20974452554744524,plain,file
54900,11506,0.20958105646630237,plain,file
55000,11526,0.20956363636363637,plain,file
55100,11538,0.2094010889292196,plain,file
55200,11554,0.20931159420289855,plain,file
55300,11570,0.20922242314647377,plain,file
55400,11584,0.20909747292418773,plain,file
55500,11594,0.2089009009009009,plain,file
55600,11602,0.20866906474820143,plain,file
55700,11628,0.20876122082585277,plain,file
55800,11651,0.20879928315412186,plain,file
55900,11660,0.20858676207513416,plain,file
56000,11667,0.20833928571428573,plain,file
56100,11675,0.20811051693404634,plain,file
56200,11680,0.20782918149466192,plain,file
56300,11694,0.20770870337477798,plain,file
56400,11698,0.2074113475177305,plain,file
56500,11708,0.2072212389380531,plain,file
56600,11719,0.2070494699646643,plain,file
56700,11728,0.20684303350970018,plain,file
56800,11739,0.2066725352112676,plain,file
56900,11752,0.2065377855887522,plain,file
57000,11760,0.2063157894736842,plain,file
57100,11768,0.20609457092819614,plain,file
57200,11783,0.2059965034965035,plain,file
57300,11795,0.20584642233856892,plain,file
57400,11810,0.20574912891986064,plain,file
57500,11821,0.20558260869565217,plain,file
57600,11832,0.20541666666666666,plain,file
57700,11848,0.20533795493934143,plain,file
57800,11858,0.20515570934256055,plain,file
57900,11878,0.205146804835924,plain,file
58000,11891,0.20501724137931035,plain,file
58100,11913,0.20504302925989673,plain,file
58200,11931,0.205,plain,file
58300,11946,0.2049056603773585,plain,file
58400,11963,0.2048458904109589,plain,file
58500,11978,0.20475213675213674,plain,file
58600,12001,0.20479522184300342,plain,file
58700,12015,0.20468483816013627,plain,file
58800,12034,0.20465986394557822,plain,file
58900,12051,0.20460101867572156,plain,file
59000,12068,0.20454237288135593,plain,file
59100,12088,0.2045346869712352,plain,file
59200,12108,0.20452702702702702,plain,file
59300,12125,0.20446880269814502,plain,file
59400,12131,0.20422558922558923,plain,file
59500,12142,0.2040672268907563,plain,file
59600,12147,0.20380872483221477,plain,file
59700,12158,0.20365159128978225,plain,file
59800,12168,0.20347826086956522,plain,file
59900,12180,0.203338898163606,plain,file
60000,12188,0.20313333333333333,plain,file
60100,12195,0.2029118136439268,plain,file
60200,12200,0.2026578073089701,plain,file
60300,12206,0.2024212271973466,plain,file
60400,12216,0.20225165562913908,plain,file
60500,12229,0.20213223140495867,plain,file
60600,12242,0.202013201320132,plain,file
60700,12256,0.20191103789126855,plain,file
60800,12272,0.2018421052631579,plain,file
60900,12283,0.2016912972085386,plain,file
61000,12292,0.20150819672131148,plain,file
61100,12308,0.20144026186579378,plain,file
61200,12314,0.2012091503267974,plain,file
61300,12326,0.20107667210440458,plain,file
61400,12333,0.20086319218241042,plain,file
61500,12339,0.20063414634146343,plain,file
61600,12343,0.20037337662337662,plain,file
61700,12350,0.20016207455429497,plain,file
61800,12354,0.19990291262135923,plain,file
61900,12358,0.19964458804523424,plain,file
62000,12374,0.19958064516129032,plain,file
62100,12383,0.19940418679549116,plain,file
62200,12404,0.19942122186495176,plain,file
62300,12414,0.19926163723916532,plain,file
62400,12419,0.1990224358974359,plain,file
62500,12428,0.198848,plain,file
62600,12438,0.19869009584664538,plain,file
62700,12442,0.19843700159489633,plain,file
62800,12451,0.19826433121019107,plain,file
62900,12458,0.198060413354531,plain,file
63000,12467,0.1978888888888889,plain,file
63100,12474,0.19768621236133121,plain,file
63200,12487,0.19757911392405064,plain,file
63300,12499,0.1974565560821485,plain,file
63400,12506,0.19725552050473186,plain,file
63500,12519,0.1971496062992126,plain,file
63600,12527,0.19696540880503144,plain,file
63700,12543,0.19690737833594976,plain,file
63800,12552,0.1967398119122257,plain,file
63900,12573,0.1967605633802817,plain,file
64000,12583,0.196609375,plain,file
64100,12596,0.19650546021840873,plain,file
64200,12608,0.19638629283489095,plain,file
64300,12621,0.19628304821150855,plain,file
64400,12624,0.1960248447204969,plain,file
64500,12638,0.19593798449612404,plain,file
64600,12647,0.19577399380804952,plain,file
64700,12662,0.1957032457496136,plain,file
64800,12667,0.1954783950617284,plain,file
64900,12668,0.19519260400616334,plain,file
65000,12677,0.19503076923076923,plain,file
65100,12687,0.19488479262672811,plain,file
65200,12696,0.1947239263803681,plain,file
65300,12699,0.19447166921898928,plain,file
65400,12704,0.19425076452599388,plain,file
65500,12716,0.19413740458015266,plain,file
65600,12727,0.1940091463414634,plain,file
65700,12738,0.1938812785388128,plain,file
65800,12747,0.19372340425531914,plain,file
65900,12754,0.19353566009104703,plain,file
66000,12769,0.19346969696969696,plain,file
66100,12789,0.19347957639939486,plain,file
66200,12803,0.1933987915407855,plain,file
66300,12818,0.19333333333333333,plain,file
66400,12829,0.1932078313253012,plain,file
66500,12841,0.19309774436090227,plain,file
66600,12849,0.19292792792792793,plain,file
66700,12863,0.19284857571214392,plain,file
66800,12877,0.19276946107784432,plain,file
66900,12891,0.19269058295964125,plain,file
67000,12913,0.1927313432835821,plain,file
67100,12929,0.19268256333830105,plain,file
67200,12945,0.19263392857142858,plain,file
67300,12958,0.1925408618127786,plain,file
67400,12973,0.19247774480712165,plain,file
67500,12994,0.1925037037037037,plain,file
67600,13007,0.1924112426035503,plain,file
67700,13021,0.19233382570162483,plain,file
67800,13036,0.19227138643067845,plain,file
67900,13046,0.19213549337260677,plain,file
68000,13059,0.19204411764705884,plain,file
68100,13084,0.19212922173274596,plain,file
68200,13099,0.19206744868035192,plain,file
68300,13116,0.19203513909224013,plain,file
68400,13130,0.19195906432748538,plain,file
68500,13148,0.19194160583941605,plain,file
68600,13157,0.1917930029154519,plain,file
68700,13180,0.19184861717612808,plain,file
68800,13203,0.19190406976744187,plain,file
68900,13227,0.19197387518142234,plain,file
69000,13245,0.19195652173913044,plain,file
69100,13268,0.19201157742402317,plain,file
69200,13291,0.19206647398843932,plain,file
69300,13312,0.1920923520923521,plain,file
69400,13331,0.19208933717579252,plain,file
69500,13357,0.19218705035971223,plain,file
69600,13389,0.1923706896551724,plain,file
69700,13411,0.1924103299856528,plain,file
69800,13434,0.19246418338108884,plain,file
69900,13441,0.19228898426323318,plain,file
70000,13443,0.19204285714285715,plain,file
70100,13461,0.19202567760342368,plain,file
70200,13473,0.19192307692307692,plain,file
70300,13478,0.19172119487908962,plain,file
70400,13490,0.19161931818181818,plain,file
70500,13505,0.19156028368794326,plain,file
70600,13512,0.19138810198300282,plain,file
70700,13527,0.19132956152758132,plain,file
70800,13532,0.19112994350282486,plain,file
70900,13540,0.19097320169252469,plain,file
71000,13559,0.1909718309859155,plain,file
71100,13572,0.1908860759493671,plain,file
71200,13587,0.19082865168539326,plain,file
71300,13595,0.19067321178120616,plain,file
71400,13614,0.19067226890756303,plain,file
71500,13619,0.1904755244755245,plain,file
71600,13635,0.19043296089385475,plain,file
71700,13648,0.1903486750348675,plain,file
71800,13657,0.19020891364902506,plain,file
71900,13664,0.19004172461752433,plain,file
72000,13671,0.189875,plain,file
72100,13681,0.189750346740638,plain,file
72200,13693,0.18965373961218837,plain,file
72300,13702,0.18951590594744122,plain,file
72400,13713,0.1894060773480663,plain,file
72500,13718,0.18921379310344827,plain,file
72600,13729,0.1891046831955923,plain,file
72700,13751,0.1891471801925722,plain,file
72800,13763,0.1890521978021978,plain,file
72900,13777,0.1889849108367627,plain,file
73000,13792,0.18893150684931506,plain,file
73100,13804,0.1888372093023256,plain,file
73200,13823,0.18883879781420765,plain,file
73300,13830,0.18867667121418827,plain,file
73400,13838,0.18852861035422344,plain,file
73500,13863,0.1886122448979592,plain,file
73600,13881,0.18860054347826086,plain,file
73700,13895,0.18853459972862957,plain,file
73800,13920,0.1886178861788618,plain,file
73900,13955,0.1888362652232747,plain,file
74000,13974,0.18883783783783784,plain,file
74100,13999,0.1889203778677463,plain,file
74200,14005,0.1887466307277628,plain,file
74300,14020,0.18869448183041723,plain,file
74400,14043,0.18875,plain,file
74500,14058,0.1886979865771812,plain,file
74600,14081,0.18875335120643433,plain,file
74700,14093,0.18866131191432398,plain,file
74800,14122,0.18879679144385025,plain,file
74900,14136,0.1887316421895861,plain,file
75000,14166,0.18888,plain,file
75100,14180,0.18881491344873502,plain,file
75200,14201,0.18884308510638298,plain,file
75300,14230,0.18897742363877823,plain,file
75400,14252,0.18901856763925728,plain,file
75500,14285,0.18920529801324504,plain,file
75600,14298,0.18912698412698412,plain,file
75700,14323,0.18920739762219288,plain,file
75800,14341,0.1891952506596306,plain,file
75900,14369,0.1893148880105402,plain,file
76000,14392,0.18936842105263157,plain,file
76100,14415,0.18942181340341654,plain,file
76200,14432,0.1893963254593176,plain,file
76300,14467,0.18960681520314548,plain,file
76400,14490,0.18965968586387436,plain,file
76500,14510,0.1896732026143791,plain,file
76600,14524,0.18960835509138382,plain,file
76700,14543,0.18960886571056063,plain,file
76800,14560,0.18958333333333333,plain,file
76900,14573,0.18950585175552664,plain,file
77000,14598,0.18958441558441558,plain,file
77100,14623,0.189662775616083,plain,file
77200,14650,0.18976683937823835,plain,file
77300,14674,0.18983182406209573,plain,file
77400,14701,0.18993540051679586,plain,file
77500,14721,0.1899483870967742,plain,file
77600,14747,0.19003865979381443,plain,file
77700,14764,0.19001287001287,plain,file
77800,14772,0.18987146529562982,plain,file
77900,14797,0.18994865211810014,plain,file
78000,14817,0.18996153846153846,plain,file
78100,14843,0.19005121638924455,plain,file
78200,14858,0.19,plain,file
78248,14868,0.19001124629383498,plain,file
