verse_a,verse_b,tokens_a,tokens_b,set_jaccard,sequence_matcher_ratio,differences_json,profile_id,scope
22:62,31:30,17,16,1.0,0.9696969696969697,"[{""operation"": ""delete"", ""a"": ""هو"", ""b"": """", ""a_start_token_1based"": 11, ""a_end_exclusive_1based"": 12, ""b_start_token_1based"": 11, ""b_end_exclusive_1based"": 11}]",plain,file
16:43,21:7,15,14,0.9333333333333333,0.9655172413793104,"[{""operation"": ""delete"", ""a"": ""من"", ""b"": """", ""a_start_token_1based"": 3, ""a_end_exclusive_1based"": 4, ""b_start_token_1based"": 3, ""b_end_exclusive_1based"": 3}]",plain,file
7:45,11:19,10,11,0.9090909090909091,0.9523809523809523,"[{""operation"": ""insert"", ""a"": """", ""b"": ""هم"", ""a_start_token_1based"": 10, ""a_end_exclusive_1based"": 10, ""b_start_token_1based"": 10, ""b_end_exclusive_1based"": 11}]",plain,file
12:22,28:14,9,10,0.9,0.9473684210526315,"[{""operation"": ""insert"", ""a"": """", ""b"": ""واستوى"", ""a_start_token_1based"": 4, ""a_end_exclusive_1based"": 4, ""b_start_token_1based"": 4, ""b_end_exclusive_1based"": 5}]",plain,file
3:51,43:64,8,9,0.8888888888888888,0.9411764705882353,"[{""operation"": ""insert"", ""a"": """", ""b"": ""هو"", ""a_start_token_1based"": 3, ""a_end_exclusive_1based"": 3, ""b_start_token_1based"": 3, ""b_end_exclusive_1based"": 4}]",plain,file
18:72,18:75,8,9,0.8888888888888888,0.9411764705882353,"[{""operation"": ""insert"", ""a"": """", ""b"": ""لك"", ""a_start_token_1based"": 4, ""a_end_exclusive_1based"": 4, ""b_start_token_1based"": 4, ""b_end_exclusive_1based"": 5}]",plain,file
26:24,44:7,9,8,0.8888888888888888,0.9411764705882353,"[{""operation"": ""delete"", ""a"": ""قال"", ""b"": """", ""a_start_token_1based"": 1, ""a_end_exclusive_1based"": 2, ""b_start_token_1based"": 1, ""b_end_exclusive_1based"": 1}]",plain,file
39:72,40:76,9,8,0.8888888888888888,0.9411764705882353,"[{""operation"": ""delete"", ""a"": ""قيل"", ""b"": """", ""a_start_token_1based"": 1, ""a_end_exclusive_1based"": 2, ""b_start_token_1based"": 1, ""b_end_exclusive_1based"": 1}]",plain,file
30:37,39:52,15,15,0.875,0.9333333333333333,"[{""operation"": ""replace"", ""a"": ""يروا"", ""b"": ""يعلموا"", ""a_start_token_1based"": 2, ""a_end_exclusive_1based"": 3, ""b_start_token_1based"": 2, ""b_end_exclusive_1based"": 3}]",plain,file
7:110,26:35,7,8,0.875,0.9333333333333333,"[{""operation"": ""insert"", ""a"": """", ""b"": ""بسحره"", ""a_start_token_1based"": 6, ""a_end_exclusive_1based"": 6, ""b_start_token_1based"": 6, ""b_end_exclusive_1based"": 7}]",plain,file
23:82,37:16,8,7,0.875,0.9333333333333333,"[{""operation"": ""delete"", ""a"": ""قالوا"", ""b"": """", ""a_start_token_1based"": 1, ""a_end_exclusive_1based"": 2, ""b_start_token_1based"": 1, ""b_end_exclusive_1based"": 1}]",plain,file
27:81,30:53,14,14,0.8666666666666667,0.9285714285714286,"[{""operation"": ""replace"", ""a"": ""بهادي"", ""b"": ""بهاد"", ""a_start_token_1based"": 3, ""a_end_exclusive_1based"": 4, ""b_start_token_1based"": 3, ""b_end_exclusive_1based"": 4}]",plain,file
7:78,29:37,6,7,0.8571428571428571,0.9230769230769231,"[{""operation"": ""insert"", ""a"": """", ""b"": ""فكذبوه"", ""a_start_token_1based"": 1, ""a_end_exclusive_1based"": 1, ""b_start_token_1based"": 1, ""b_end_exclusive_1based"": 2}]",plain,file
7:91,29:37,6,7,0.8571428571428571,0.9230769230769231,"[{""operation"": ""insert"", ""a"": """", ""b"": ""فكذبوه"", ""a_start_token_1based"": 1, ""a_end_exclusive_1based"": 1, ""b_start_token_1based"": 1, ""b_end_exclusive_1based"": 2}]",plain,file
23:83,27:68,12,12,1.0,0.9166666666666666,"[{""operation"": ""insert"", ""a"": """", ""b"": ""هذا"", ""a_start_token_1based"": 3, ""a_end_exclusive_1based"": 3, ""b_start_token_1based"": 3, ""b_end_exclusive_1based"": 4}, {""operation"": ""delete"", ""a"": ""هذا"", ""b"": """", ""a_start_token_1based"": 5, ""a_end_exclusive_1based"": 6, ""b_start_token_1based"": 6, ""b_end_exclusive_1based"": 6}]",plain,file
7:61,7:67,11,11,0.8333333333333334,0.9090909090909091,"[{""operation"": ""replace"", ""a"": ""ضلالة"", ""b"": ""سفاهة"", ""a_start_token_1based"": 6, ""a_end_exclusive_1based"": 7, ""b_start_token_1based"": 6, ""b_end_exclusive_1based"": 7}]",plain,file
27:80,30:52,11,11,0.8181818181818182,0.9090909090909091,"[{""operation"": ""replace"", ""a"": ""إنك"", ""b"": ""فإنك"", ""a_start_token_1based"": 1, ""a_end_exclusive_1based"": 2, ""b_start_token_1based"": 1, ""b_end_exclusive_1based"": 2}]",plain,file
39:48,45:33,11,11,0.8181818181818182,0.9090909090909091,"[{""operation"": ""replace"", ""a"": ""كسبوا"", ""b"": ""عملوا"", ""a_start_token_1based"": 5, ""a_end_exclusive_1based"": 6, ""b_start_token_1based"": 5, ""b_end_exclusive_1based"": 6}]",plain,file
7:114,26:42,5,6,0.8333333333333334,0.9090909090909091,"[{""operation"": ""insert"", ""a"": """", ""b"": ""إذا"", ""a_start_token_1based"": 4, ""a_end_exclusive_1based"": 4, ""b_start_token_1based"": 4, ""b_end_exclusive_1based"": 5}]",plain,file
29:22,42:31,17,14,0.9230769230769231,0.9032258064516129,"[{""operation"": ""delete"", ""a"": ""ولا في السماء"", ""b"": """", ""a_start_token_1based"": 6, ""a_end_exclusive_1based"": 9, ""b_start_token_1based"": 6, ""b_end_exclusive_1based"": 6}]",plain,file
2:49,7:141,18,18,0.7894736842105263,0.8888888888888888,"[{""operation"": ""replace"", ""a"": ""نجيناكم"", ""b"": ""أنجيناكم"", ""a_start_token_1based"": 2, ""a_end_exclusive_1based"": 3, ""b_start_token_1based"": 2, ""b_end_exclusive_1based"": 3}, {""operation"": ""replace"", ""a"": ""يذبحون"", ""b"": ""يقتلون"", ""a_start_token_1based"": 9, ""a_end_exclusive_1based"": 10, ""b_start_token_1based"": 9, ""b_end_exclusive_1based"": 10}]",plain,file
7:80,29:28,13,14,0.7857142857142857,0.8888888888888888,"[{""operation"": ""replace"", ""a"": ""أتأتون"", ""b"": ""إنكم لتأتون"", ""a_start_token_1based"": 5, ""a_end_exclusive_1based"": 6, ""b_start_token_1based"": 5, ""b_end_exclusive_1based"": 7}]",plain,file
3:182,22:10,9,9,0.8,0.8888888888888888,"[{""operation"": ""replace"", ""a"": ""أيديكم"", ""b"": ""يداك"", ""a_start_token_1based"": 4, ""a_end_exclusive_1based"": 5, ""b_start_token_1based"": 4, ""b_end_exclusive_1based"": 5}]",plain,file
8:51,22:10,9,9,0.8,0.8888888888888888,"[{""operation"": ""replace"", ""a"": ""أيديكم"", ""b"": ""يداك"", ""a_start_token_1based"": 4, ""a_end_exclusive_1based"": 5, ""b_start_token_1based"": 4, ""b_end_exclusive_1based"": 5}]",plain,file
10:1,12:1,9,9,0.8,0.8888888888888888,"[{""operation"": ""replace"", ""a"": ""الحكيم"", ""b"": ""المبين"", ""a_start_token_1based"": 9, ""a_end_exclusive_1based"": 10, ""b_start_token_1based"": 9, ""b_end_exclusive_1based"": 10}]",plain,file
11:39,39:40,10,8,0.7777777777777778,0.8888888888888888,"[{""operation"": ""delete"", ""a"": ""فسوف تعلمون"", ""b"": """", ""a_start_token_1based"": 1, ""a_end_exclusive_1based"": 3, ""b_start_token_1based"": 1, ""b_end_exclusive_1based"": 1}]",plain,file
26:8,26:139,8,10,0.8,0.8888888888888888,"[{""operation"": ""insert"", ""a"": """", ""b"": ""فكذبوه فأهلكناهم"", ""a_start_token_1based"": 1, ""a_end_exclusive_1based"": 1, ""b_start_token_1based"": 1, ""b_end_exclusive_1based"": 3}]",plain,file
26:8,26:158,8,10,0.8,0.8888888888888888,"[{""operation"": ""insert"", ""a"": """", ""b"": ""فأخذهم العذاب"", ""a_start_token_1based"": 1, ""a_end_exclusive_1based"": 1, ""b_start_token_1based"": 1, ""b_end_exclusive_1based"": 3}]",plain,file
26:67,26:139,8,10,0.8,0.8888888888888888,"[{""operation"": ""insert"", ""a"": """", ""b"": ""فكذبوه فأهلكناهم"", ""a_start_token_1based"": 1, ""a_end_exclusive_1based"": 1, ""b_start_token_1based"": 1, ""b_end_exclusive_1based"": 3}]",plain,file
26:67,26:158,8,10,0.8,0.8888888888888888,"[{""operation"": ""insert"", ""a"": """", ""b"": ""فأخذهم العذاب"", ""a_start_token_1based"": 1, ""a_end_exclusive_1based"": 1, ""b_start_token_1based"": 1, ""b_end_exclusive_1based"": 3}]",plain,file
26:103,26:139,8,10,0.8,0.8888888888888888,"[{""operation"": ""insert"", ""a"": """", ""b"": ""فكذبوه فأهلكناهم"", ""a_start_token_1based"": 1, ""a_end_exclusive_1based"": 1, ""b_start_token_1based"": 1, ""b_end_exclusive_1based"": 3}]",plain,file
26:103,26:158,8,10,0.8,0.8888888888888888,"[{""operation"": ""insert"", ""a"": """", ""b"": ""فأخذهم العذاب"", ""a_start_token_1based"": 1, ""a_end_exclusive_1based"": 1, ""b_start_token_1based"": 1, ""b_end_exclusive_1based"": 3}]",plain,file
26:121,26:139,8,10,0.8,0.8888888888888888,"[{""operation"": ""insert"", ""a"": """", ""b"": ""فكذبوه فأهلكناهم"", ""a_start_token_1based"": 1, ""a_end_exclusive_1based"": 1, ""b_start_token_1based"": 1, ""b_end_exclusive_1based"": 3}]",plain,file
26:121,26:158,8,10,0.8,0.8888888888888888,"[{""operation"": ""insert"", ""a"": """", ""b"": ""فأخذهم العذاب"", ""a_start_token_1based"": 1, ""a_end_exclusive_1based"": 1, ""b_start_token_1based"": 1, ""b_end_exclusive_1based"": 3}]",plain,file
26:139,26:174,10,8,0.8,0.8888888888888888,"[{""operation"": ""delete"", ""a"": ""فكذبوه فأهلكناهم"", ""b"": """", ""a_start_token_1based"": 1, ""a_end_exclusive_1based"": 3, ""b_start_token_1based"": 1, ""b_end_exclusive_1based"": 1}]",plain,file
26:139,26:190,10,8,0.8,0.8888888888888888,"[{""operation"": ""delete"", ""a"": ""فكذبوه فأهلكناهم"", ""b"": """", ""a_start_token_1based"": 1, ""a_end_exclusive_1based"": 3, ""b_start_token_1based"": 1, ""b_end_exclusive_1based"": 1}]",plain,file
26:158,26:174,10,8,0.8,0.8888888888888888,"[{""operation"": ""delete"", ""a"": ""فأخذهم العذاب"", ""b"": """", ""a_start_token_1based"": 1, ""a_end_exclusive_1based"": 3, ""b_start_token_1based"": 1, ""b_end_exclusive_1based"": 1}]",plain,file
26:158,26:190,10,8,0.8,0.8888888888888888,"[{""operation"": ""delete"", ""a"": ""فأخذهم العذاب"", ""b"": """", ""a_start_token_1based"": 1, ""a_end_exclusive_1based"": 3, ""b_start_token_1based"": 1, ""b_end_exclusive_1based"": 1}]",plain,file
41:8,84:25,9,9,0.8,0.8888888888888888,"[{""operation"": ""replace"", ""a"": ""إن"", ""b"": ""إلا"", ""a_start_token_1based"": 1, ""a_end_exclusive_1based"": 2, ""b_start_token_1based"": 1, ""b_end_exclusive_1based"": 2}]",plain,file
84:25,95:6,9,9,0.8,0.8888888888888888,"[{""operation"": ""replace"", ""a"": ""لهم"", ""b"": ""فلهم"", ""a_start_token_1based"": 6, ""a_end_exclusive_1based"": 7, ""b_start_token_1based"": 6, ""b_end_exclusive_1based"": 7}]",plain,file
10:38,11:13,16,18,0.7777777777777778,0.8823529411764706,"[{""operation"": ""replace"", ""a"": ""بسورة"", ""b"": ""بعشر سور"", ""a_start_token_1based"": 6, ""a_end_exclusive_1based"": 7, ""b_start_token_1based"": 6, ""b_end_exclusive_1based"": 8}, {""operation"": ""insert"", ""a"": """", ""b"": ""مفتريات"", ""a_start_token_1based"": 8, ""a_end_exclusive_1based"": 8, ""b_start_token_1based"": 9, ""b_end_exclusive_1based"": 10}]",plain,file
8:13,59:4,13,12,0.8181818181818182,0.88,"[{""operation"": ""replace"", ""a"": ""يشاقق"", ""b"": ""يشاق"", ""a_start_token_1based"": 7, ""a_end_exclusive_1based"": 8, ""b_start_token_1based"": 7, ""b_end_exclusive_1based"": 8}, {""operation"": ""delete"", ""a"": ""ورسوله"", ""b"": """", ""a_start_token_1based"": 9, ""a_end_exclusive_1based"": 10, ""b_start_token_1based"": 9, ""b_end_exclusive_1based"": 9}]",plain,file
3:51,19:36,8,8,0.7777777777777778,0.875,"[{""operation"": ""replace"", ""a"": ""إن"", ""b"": ""وإن"", ""a_start_token_1based"": 1, ""a_end_exclusive_1based"": 2, ""b_start_token_1based"": 1, ""b_end_exclusive_1based"": 2}]",plain,file
15:11,43:7,8,8,0.7777777777777778,0.875,"[{""operation"": ""replace"", ""a"": ""رسول"", ""b"": ""نبي"", ""a_start_token_1based"": 4, ""a_end_exclusive_1based"": 5, ""b_start_token_1based"": 4, ""b_end_exclusive_1based"": 5}]",plain,file
19:41,19:56,8,8,0.7777777777777778,0.875,"[{""operation"": ""replace"", ""a"": ""إبراهيم"", ""b"": ""إدريس"", ""a_start_token_1based"": 4, ""a_end_exclusive_1based"": 5, ""b_start_token_1based"": 4, ""b_end_exclusive_1based"": 5}]",plain,file
113:1,114:1,8,8,0.7777777777777778,0.875,"[{""operation"": ""replace"", ""a"": ""الفلق"", ""b"": ""الناس"", ""a_start_token_1based"": 8, ""a_end_exclusive_1based"": 9, ""b_start_token_1based"": 8, ""b_end_exclusive_1based"": 9}]",plain,file
6:21,10:17,14,14,0.75,0.8571428571428571,"[{""operation"": ""replace"", ""a"": ""ومن"", ""b"": ""فمن"", ""a_start_token_1based"": 1, ""a_end_exclusive_1based"": 2, ""b_start_token_1based"": 1, ""b_end_exclusive_1based"": 2}, {""operation"": ""replace"", ""a"": ""الظالمون"", ""b"": ""المجرمون"", ""a_start_token_1based"": 14, ""a_end_exclusive_1based"": 15, ""b_start_token_1based"": 14, ""b_end_exclusive_1based"": 15}]",plain,file
57:1,59:1,13,15,0.8,0.8571428571428571,"[{""operation"": ""replace"", ""a"": ""والأرض"", ""b"": ""وما في الأرض"", ""a_start_token_1based"": 10, ""a_end_exclusive_1based"": 11, ""b_start_token_1based"": 10, ""b_end_exclusive_1based"": 13}]",plain,file
57:1,61:1,13,15,0.8,0.8571428571428571,"[{""operation"": ""replace"", ""a"": ""والأرض"", ""b"": ""وما في الأرض"", ""a_start_token_1based"": 10, ""a_end_exclusive_1based"": 11, ""b_start_token_1based"": 10, ""b_end_exclusive_1based"": 13}]",plain,file
16:34,45:33,10,11,0.7272727272727273,0.8571428571428571,"[{""operation"": ""replace"", ""a"": ""فأصابهم"", ""b"": ""وبدا لهم"", ""a_start_token_1based"": 1, ""a_end_exclusive_1based"": 2, ""b_start_token_1based"": 1, ""b_end_exclusive_1based"": 3}]",plain,file
2:147,3:60,7,7,0.7142857142857143,0.8571428571428571,"[{""operation"": ""replace"", ""a"": ""تكونن"", ""b"": ""تكن"", ""a_start_token_1based"": 5, ""a_end_exclusive_1based"": 6, ""b_start_token_1based"": 5, ""b_end_exclusive_1based"": 6}]",plain,file
7:83,27:57,7,7,0.75,0.8571428571428571,"[{""operation"": ""replace"", ""a"": ""كانت"", ""b"": ""قدرناها"", ""a_start_token_1based"": 5, ""a_end_exclusive_1based"": 6, ""b_start_token_1based"": 5, ""b_end_exclusive_1based"": 6}]",plain,file
7:111,26:36,7,7,0.75,0.8571428571428571,"[{""operation"": ""replace"", ""a"": ""وأرسل"", ""b"": ""وابعث"", ""a_start_token_1based"": 4, ""a_end_exclusive_1based"": 5, ""b_start_token_1based"": 4, ""b_end_exclusive_1based"": 5}]",plain,file
10:48,32:28,7,7,0.75,0.8571428571428571,"[{""operation"": ""replace"", ""a"": ""الوعد"", ""b"": ""الفتح"", ""a_start_token_1based"": 4, ""a_end_exclusive_1based"": 5, ""b_start_token_1based"": 4, ""b_end_exclusive_1based"": 5}]",plain,file
11:22,16:109,7,7,0.75,0.8571428571428571,"[{""operation"": ""replace"", ""a"": ""الأخسرون"", ""b"": ""الخاسرون"", ""a_start_token_1based"": 7, ""a_end_exclusive_1based"": 8, ""b_start_token_1based"": 7, ""b_end_exclusive_1based"": 8}]",plain,file
18:67,18:72,6,8,0.75,0.8571428571428571,"[{""operation"": ""insert"", ""a"": """", ""b"": ""ألم أقل"", ""a_start_token_1based"": 2, ""a_end_exclusive_1based"": 2, ""b_start_token_1based"": 2, ""b_end_exclusive_1based"": 4}]",plain,file
21:16,44:38,7,7,0.7142857142857143,0.8571428571428571,"[{""operation"": ""replace"", ""a"": ""السماء"", ""b"": ""السماوات"", ""a_start_token_1based"": 3, ""a_end_exclusive_1based"": 4, ""b_start_token_1based"": 3, ""b_end_exclusive_1based"": 4}]",plain,file
21:38,32:28,7,7,0.75,0.8571428571428571,"[{""operation"": ""replace"", ""a"": ""الوعد"", ""b"": ""الفتح"", ""a_start_token_1based"": 4, ""a_end_exclusive_1based"": 5, ""b_start_token_1based"": 4, ""b_end_exclusive_1based"": 5}]",plain,file
26:106,26:124,7,7,0.75,0.8571428571428571,"[{""operation"": ""replace"", ""a"": ""نوح"", ""b"": ""هود"", ""a_start_token_1based"": 5, ""a_end_exclusive_1based"": 6, ""b_start_token_1based"": 5, ""b_end_exclusive_1based"": 6}]",plain,file
26:106,26:142,7,7,0.75,0.8571428571428571,"[{""operation"": ""replace"", ""a"": ""نوح"", ""b"": ""صالح"", ""a_start_token_1based"": 5, ""a_end_exclusive_1based"": 6, ""b_start_token_1based"": 5, ""b_end_exclusive_1based"": 6}]",plain,file
26:106,26:161,7,7,0.75,0.8571428571428571,"[{""operation"": ""replace"", ""a"": ""نوح"", ""b"": ""لوط"", ""a_start_token_1based"": 5, ""a_end_exclusive_1based"": 6, ""b_start_token_1based"": 5, ""b_end_exclusive_1based"": 6}]",plain,file
26:124,26:142,7,7,0.75,0.8571428571428571,"[{""operation"": ""replace"", ""a"": ""هود"", ""b"": ""صالح"", ""a_start_token_1based"": 5, ""a_end_exclusive_1based"": 6, ""b_start_token_1based"": 5, ""b_end_exclusive_1based"": 6}]",plain,file
26:124,26:161,7,7,0.75,0.8571428571428571,"[{""operation"": ""replace"", ""a"": ""هود"", ""b"": ""لوط"", ""a_start_token_1based"": 5, ""a_end_exclusive_1based"": 6, ""b_start_token_1based"": 5, ""b_end_exclusive_1based"": 6}]",plain,file
26:142,26:161,7,7,0.75,0.8571428571428571,"[{""operation"": ""replace"", ""a"": ""صالح"", ""b"": ""لوط"", ""a_start_token_1based"": 5, ""a_end_exclusive_1based"": 6, ""b_start_token_1based"": 5, ""b_end_exclusive_1based"": 6}]",plain,file
27:71,32:28,7,7,0.75,0.8571428571428571,"[{""operation"": ""replace"", ""a"": ""الوعد"", ""b"": ""الفتح"", ""a_start_token_1based"": 4, ""a_end_exclusive_1based"": 5, ""b_start_token_1based"": 4, ""b_end_exclusive_1based"": 5}]",plain,file
32:28,34:29,7,7,0.75,0.8571428571428571,"[{""operation"": ""replace"", ""a"": ""الفتح"", ""b"": ""الوعد"", ""a_start_token_1based"": 4, ""a_end_exclusive_1based"": 5, ""b_start_token_1based"": 4, ""b_end_exclusive_1based"": 5}]",plain,file
32:28,36:48,7,7,0.75,0.8571428571428571,"[{""operation"": ""replace"", ""a"": ""الفتح"", ""b"": ""الوعد"", ""a_start_token_1based"": 4, ""a_end_exclusive_1based"": 5, ""b_start_token_1based"": 4, ""b_end_exclusive_1based"": 5}]",plain,file
32:28,67:25,7,7,0.75,0.8571428571428571,"[{""operation"": ""replace"", ""a"": ""الفتح"", ""b"": ""الوعد"", ""a_start_token_1based"": 4, ""a_end_exclusive_1based"": 5, ""b_start_token_1based"": 4, ""b_end_exclusive_1based"": 5}]",plain,file
37:16,37:53,7,7,0.75,0.8571428571428571,"[{""operation"": ""replace"", ""a"": ""لمبعوثون"", ""b"": ""لمدينون"", ""a_start_token_1based"": 7, ""a_end_exclusive_1based"": 8, ""b_start_token_1based"": 7, ""b_end_exclusive_1based"": 8}]",plain,file
73:1,74:1,7,7,0.75,0.8571428571428571,"[{""operation"": ""replace"", ""a"": ""المزمل"", ""b"": ""المدثر"", ""a_start_token_1based"": 7, ""a_end_exclusive_1based"": 8, ""b_start_token_1based"": 7, ""b_end_exclusive_1based"": 8}]",plain,file
82:1,84:1,7,7,0.75,0.8571428571428571,"[{""operation"": ""replace"", ""a"": ""انفطرت"", ""b"": ""انشقت"", ""a_start_token_1based"": 7, ""a_end_exclusive_1based"": 8, ""b_start_token_1based"": 7, ""b_end_exclusive_1based"": 8}]",plain,file
2:173,16:115,25,22,0.8,0.851063829787234,"[{""operation"": ""delete"", ""a"": ""به"", ""b"": """", ""a_start_token_1based"": 10, ""a_end_exclusive_1based"": 11, ""b_start_token_1based"": 10, ""b_end_exclusive_1based"": 10}, {""operation"": ""insert"", ""a"": """", ""b"": ""به"", ""a_start_token_1based"": 13, ""a_end_exclusive_1based"": 13, ""b_start_token_1based"": 12, ""b_end_exclusive_1based"": 13}, {""operation"": ""replace"", ""a"": ""فلا إثم عليه إن"", ""b"": ""فإن"", ""a_start_token_1based"": 19, ""a_end_exclusive_1based"": 23, ""b_start_token_1based"": 19, ""b_end_exclusive_1based"": 20}]",plain,file
4:48,4:116,20,20,0.7272727272727273,0.85,"[{""operation"": ""replace"", ""a"": ""افترى إثما عظيما"", ""b"": ""ضل ضلالا بعيدا"", ""a_start_token_1based"": 18, ""a_end_exclusive_1based"": 21, ""b_start_token_1based"": 18, ""b_end_exclusive_1based"": 21}]",plain,file
3:116,58:17,18,15,0.7368421052631579,0.8484848484848485,"[{""operation"": ""delete"", ""a"": ""إن الذين كفروا"", ""b"": """", ""a_start_token_1based"": 1, ""a_end_exclusive_1based"": 4, ""b_start_token_1based"": 1, ""b_end_exclusive_1based"": 1}, {""operation"": ""replace"", ""a"": ""وأولئك"", ""b"": ""أولئك"", ""a_start_token_1based"": 13, ""a_end_exclusive_1based"": 14, ""b_start_token_1based"": 10, ""b_end_exclusive_1based"": 11}]",plain,file
6:29,23:37,9,10,0.7272727272727273,0.8421052631578947,"[{""operation"": ""delete"", ""a"": ""وقالوا"", ""b"": """", ""a_start_token_1based"": 1, ""a_end_exclusive_1based"": 2, ""b_start_token_1based"": 1, ""b_end_exclusive_1based"": 1}, {""operation"": ""insert"", ""a"": """", ""b"": ""نموت ونحيا"", ""a_start_token_1based"": 7, ""a_end_exclusive_1based"": 7, ""b_start_token_1based"": 6, ""b_end_exclusive_1based"": 8}]",plain,file
10:1,15:1,9,10,0.7272727272727273,0.8421052631578947,"[{""operation"": ""replace"", ""a"": ""الحكيم"", ""b"": ""وقرآن مبين"", ""a_start_token_1based"": 9, ""a_end_exclusive_1based"": 10, ""b_start_token_1based"": 9, ""b_end_exclusive_1based"": 11}]",plain,file
12:1,15:1,9,10,0.7272727272727273,0.8421052631578947,"[{""operation"": ""replace"", ""a"": ""المبين"", ""b"": ""وقرآن مبين"", ""a_start_token_1based"": 9, ""a_end_exclusive_1based"": 10, ""b_start_token_1based"": 9, ""b_end_exclusive_1based"": 11}]",plain,file
59:1,62:1,15,16,0.7058823529411765,0.8387096774193549,"[{""operation"": ""replace"", ""a"": ""سبح"", ""b"": ""يسبح"", ""a_start_token_1based"": 5, ""a_end_exclusive_1based"": 6, ""b_start_token_1based"": 5, ""b_end_exclusive_1based"": 6}, {""operation"": ""replace"", ""a"": ""وهو"", ""b"": ""الملك القدوس"", ""a_start_token_1based"": 13, ""a_end_exclusive_1based"": 14, ""b_start_token_1based"": 13, ""b_end_exclusive_1based"": 15}]",plain,file
61:1,62:1,15,16,0.7058823529411765,0.8387096774193549,"[{""operation"": ""replace"", ""a"": ""سبح"", ""b"": ""يسبح"", ""a_start_token_1based"": 5, ""a_end_exclusive_1based"": 6, ""b_start_token_1based"": 5, ""b_end_exclusive_1based"": 6}, {""operation"": ""replace"", ""a"": ""وهو"", ""b"": ""الملك القدوس"", ""a_start_token_1based"": 13, ""a_end_exclusive_1based"": 14, ""b_start_token_1based"": 13, ""b_end_exclusive_1based"": 15}]",plain,file
2:136,3:84,31,29,0.7333333333333333,0.8333333333333334,"[{""operation"": ""replace"", ""a"": ""قولوا"", ""b"": ""قل"", ""a_start_token_1based"": 1, ""a_end_exclusive_1based"": 2, ""b_start_token_1based"": 1, ""b_end_exclusive_1based"": 2}, {""operation"": ""replace"", ""a"": ""إلينا"", ""b"": ""علينا"", ""a_start_token_1based"": 6, ""a_end_exclusive_1based"": 7, ""b_start_token_1based"": 6, ""b_end_exclusive_1based"": 7}, {""operation"": ""replace"", ""a"": ""إلى"", ""b"": ""على"", ""a_start_token_1based"": 9, ""a_end_exclusive_1based"": 10, ""b_start_token_1based"": 9, ""b_end_exclusive_1based"": 10}, {""operation"": ""replace"", ""a"": ""وما أوتي النبيون"", ""b"": ""والنبيون"", ""a_start_token_1based"": 19, ""a_end_exclusive_1based"": 22, ""b_start_token_1based"": 19, ""b_end_exclusive_1based"": 20}]",plain,file
5:92,64:12,13,11,0.6923076923076923,0.8333333333333334,"[{""operation"": ""delete"", ""a"": ""واحذروا"", ""b"": """", ""a_start_token_1based"": 5, ""a_end_exclusive_1based"": 6, ""b_start_token_1based"": 5, ""b_end_exclusive_1based"": 5}, {""operation"": ""replace"", ""a"": ""فاعلموا أنما"", ""b"": ""فإنما"", ""a_start_token_1based"": 8, ""a_end_exclusive_1based"": 10, ""b_start_token_1based"": 7, ""b_end_exclusive_1based"": 8}]",plain,file
7:125,26:50,5,7,0.7142857142857143,0.8333333333333334,"[{""operation"": ""insert"", ""a"": """", ""b"": ""لا ضير"", ""a_start_token_1based"": 2, ""a_end_exclusive_1based"": 2, ""b_start_token_1based"": 2, ""b_end_exclusive_1based"": 4}]",plain,file
12:2,43:3,6,6,0.7142857142857143,0.8333333333333334,"[{""operation"": ""replace"", ""a"": ""أنزلناه"", ""b"": ""جعلناه"", ""a_start_token_1based"": 2, ""a_end_exclusive_1based"": 3, ""b_start_token_1based"": 2, ""b_end_exclusive_1based"": 3}]",plain,file
15:35,38:78,6,6,0.7142857142857143,0.8333333333333334,"[{""operation"": ""replace"", ""a"": ""اللعنة"", ""b"": ""لعنتي"", ""a_start_token_1based"": 3, ""a_end_exclusive_1based"": 4, ""b_start_token_1based"": 3, ""b_end_exclusive_1based"": 4}]",plain,file
21:14,68:31,6,6,0.7142857142857143,0.8333333333333334,"[{""operation"": ""replace"", ""a"": ""ظالمين"", ""b"": ""طاغين"", ""a_start_token_1based"": 6, ""a_end_exclusive_1based"": 7, ""b_start_token_1based"": 6, ""b_end_exclusive_1based"": 7}]",plain,file
23:31,23:42,6,6,0.7142857142857143,0.8333333333333334,"[{""operation"": ""replace"", ""a"": ""قرنا"", ""b"": ""قرونا"", ""a_start_token_1based"": 5, ""a_end_exclusive_1based"": 6, ""b_start_token_1based"": 5, ""b_end_exclusive_1based"": 6}]",plain,file
26:70,37:85,6,6,0.7142857142857143,0.8333333333333334,"[{""operation"": ""replace"", ""a"": ""ما"", ""b"": ""ماذا"", ""a_start_token_1based"": 5, ""a_end_exclusive_1based"": 6, ""b_start_token_1based"": 5, ""b_end_exclusive_1based"": 6}]",plain,file
40:2,45:2,6,6,0.7142857142857143,0.8333333333333334,"[{""operation"": ""replace"", ""a"": ""العليم"", ""b"": ""الحكيم"", ""a_start_token_1based"": 6, ""a_end_exclusive_1based"": 7, ""b_start_token_1based"": 6, ""b_end_exclusive_1based"": 7}]",plain,file
40:2,46:2,6,6,0.7142857142857143,0.8333333333333334,"[{""operation"": ""replace"", ""a"": ""العليم"", ""b"": ""الحكيم"", ""a_start_token_1based"": 6, ""a_end_exclusive_1based"": 7, ""b_start_token_1based"": 6, ""b_end_exclusive_1based"": 7}]",plain,file
56:25,78:35,6,6,0.7142857142857143,0.8333333333333334,"[{""operation"": ""replace"", ""a"": ""تأثيما"", ""b"": ""كذابا"", ""a_start_token_1based"": 6, ""a_end_exclusive_1based"": 7, ""b_start_token_1based"": 6, ""b_end_exclusive_1based"": 7}]",plain,file
2:107,9:116,17,17,0.6666666666666666,0.8235294117647058,"[{""operation"": ""replace"", ""a"": ""ألم تعلم أن"", ""b"": ""إن"", ""a_start_token_1based"": 1, ""a_end_exclusive_1based"": 4, ""b_start_token_1based"": 1, ""b_end_exclusive_1based"": 2}, {""operation"": ""insert"", ""a"": """", ""b"": ""يحيي ويميت"", ""a_start_token_1based"": 9, ""a_end_exclusive_1based"": 9, ""b_start_token_1based"": 7, ""b_end_exclusive_1based"": 9}]",plain,file
3:10,3:116,16,18,0.7894736842105263,0.8235294117647058,"[{""operation"": ""insert"", ""a"": """", ""b"": ""أصحاب النار"", ""a_start_token_1based"": 14, ""a_end_exclusive_1based"": 14, ""b_start_token_1based"": 14, ""b_end_exclusive_1based"": 16}, {""operation"": ""replace"", ""a"": ""وقود النار"", ""b"": ""فيها خالدون"", ""a_start_token_1based"": 15, ""a_end_exclusive_1based"": 17, ""b_start_token_1based"": 17, ""b_end_exclusive_1based"": 19}]",plain,file
7:65,11:50,16,18,0.7,0.8235294117647058,"[{""operation"": ""replace"", ""a"": ""أفلا تتقون"", ""b"": ""إن أنتم إلا مفترون"", ""a_start_token_1based"": 15, ""a_end_exclusive_1based"": 17, ""b_start_token_1based"": 15, ""b_end_exclusive_1based"": 19}]",plain,file
10:80,26:43,10,7,0.7,0.8235294117647058,"[{""operation"": ""delete"", ""a"": ""فلما جاء السحرة"", ""b"": """", ""a_start_token_1based"": 1, ""a_end_exclusive_1based"": 4, ""b_start_token_1based"": 1, ""b_end_exclusive_1based"": 1}]",plain,file
19:36,43:64,8,9,0.7,0.8235294117647058,"[{""operation"": ""replace"", ""a"": ""وإن"", ""b"": ""إن"", ""a_start_token_1based"": 1, ""a_end_exclusive_1based"": 2, ""b_start_token_1based"": 1, ""b_end_exclusive_1based"": 2}, {""operation"": ""insert"", ""a"": """", ""b"": ""هو"", ""a_start_token_1based"": 3, ""a_end_exclusive_1based"": 3, ""b_start_token_1based"": 3, ""b_end_exclusive_1based"": 4}]",plain,file
2:62,5:69,24,20,0.72,0.8181818181818182,"[{""operation"": ""insert"", ""a"": """", ""b"": ""والصابئون"", ""a_start_token_1based"": 6, ""a_end_exclusive_1based"": 6, ""b_start_token_1based"": 6, ""b_end_exclusive_1based"": 7}, {""operation"": ""delete"", ""a"": ""والصابئين"", ""b"": """", ""a_start_token_1based"": 7, ""a_end_exclusive_1based"": 8, ""b_start_token_1based"": 8, ""b_end_exclusive_1based"": 8}, {""operation"": ""replace"", ""a"": ""فلهم أجرهم عند ربهم ولا"", ""b"": ""فلا"", ""a_start_token_1based"": 15, ""a_end_exclusive_1based"": 20, ""b_start_token_1based"": 15, ""b_end_exclusive_1based"": 16}]",plain,file
2:34,20:116,13,9,0.6923076923076923,0.8181818181818182,"[{""operation"": ""delete"", ""a"": ""واستكبر وكان من الكافرين"", ""b"": """", ""a_start_token_1based"": 10, ""a_end_exclusive_1based"": 14, ""b_start_token_1based"": 10, ""b_end_exclusive_1based"": 10}]",plain,file
6:117,68:7,11,11,0.6666666666666666,0.8181818181818182,"[{""operation"": ""replace"", ""a"": ""من يضل"", ""b"": ""بمن ضل"", ""a_start_token_1based"": 5, ""a_end_exclusive_1based"": 7, ""b_start_token_1based"": 5, ""b_end_exclusive_1based"": 7}]",plain,file
7:81,27:55,11,11,0.6923076923076923,0.8181818181818182,"[{""operation"": ""replace"", ""a"": ""إنكم"", ""b"": ""أئنكم"", ""a_start_token_1based"": 1, ""a_end_exclusive_1based"": 2, ""b_start_token_1based"": 1, ""b_end_exclusive_1based"": 2}, {""operation"": ""replace"", ""a"": ""مسرفون"", ""b"": ""تجهلون"", ""a_start_token_1based"": 11, ""a_end_exclusive_1based"": 12, ""b_start_token_1based"": 11, ""b_end_exclusive_1based"": 12}]",plain,file
15:19,50:7,11,11,0.6666666666666666,0.8181818181818182,"[{""operation"": ""replace"", ""a"": ""شيء موزون"", ""b"": ""زوج بهيج"", ""a_start_token_1based"": 10, ""a_end_exclusive_1based"": 12, ""b_start_token_1based"": 10, ""b_end_exclusive_1based"": 12}]",plain,file
2:48,2:123,19,18,0.875,0.8108108108108109,"[{""operation"": ""insert"", ""a"": """", ""b"": ""عدل ولا تنفعها"", ""a_start_token_1based"": 12, ""a_end_exclusive_1based"": 12, ""b_start_token_1based"": 12, ""b_end_exclusive_1based"": 15}, {""operation"": ""delete"", ""a"": ""ولا يؤخذ منها عدل"", ""b"": """", ""a_start_token_1based"": 13, ""a_end_exclusive_1based"": 17, ""b_start_token_1based"": 16, ""b_end_exclusive_1based"": 16}]",plain,file
28:71,28:72,19,21,0.6521739130434783,0.8,"[{""operation"": ""replace"", ""a"": ""الليل"", ""b"": ""النهار"", ""a_start_token_1based"": 7, ""a_end_exclusive_1based"": 8, ""b_start_token_1based"": 7, ""b_end_exclusive_1based"": 8}, {""operation"": ""replace"", ""a"": ""بضياء"", ""b"": ""بليل تسكنون فيه"", ""a_start_token_1based"": 17, ""a_end_exclusive_1based"": 18, ""b_start_token_1based"": 17, ""b_end_exclusive_1based"": 20}, {""operation"": ""replace"", ""a"": ""تسمعون"", ""b"": ""تبصرون"", ""a_start_token_1based"": 19, ""a_end_exclusive_1based"": 20, ""b_start_token_1based"": 21, ""b_end_exclusive_1based"": 22}]",plain,file
20:128,32:26,17,18,0.6842105263157895,0.8,"[{""operation"": ""replace"", ""a"": ""أفلم"", ""b"": ""أولم"", ""a_start_token_1based"": 1, ""a_end_exclusive_1based"": 2, ""b_start_token_1based"": 1, ""b_end_exclusive_1based"": 2}, {""operation"": ""insert"", ""a"": """", ""b"": ""من"", ""a_start_token_1based"": 6, ""a_end_exclusive_1based"": 6, ""b_start_token_1based"": 6, ""b_end_exclusive_1based"": 7}, {""operation"": ""replace"", ""a"": ""لأولي النهى"", ""b"": ""أفلا يسمعون"", ""a_start_token_1based"": 16, ""a_end_exclusive_1based"": 18, ""b_start_token_1based"": 17, ""b_end_exclusive_1based"": 19}]",plain,file
2:82,7:42,10,15,0.6666666666666666,0.8,"[{""operation"": ""insert"", ""a"": """", ""b"": ""لا نكلف نفسا إلا وسعها"", ""a_start_token_1based"": 5, ""a_end_exclusive_1based"": 5, ""b_start_token_1based"": 5, ""b_end_exclusive_1based"": 10}]",plain,file
17:83,41:51,12,13,0.6428571428571429,0.8,"[{""operation"": ""replace"", ""a"": ""كان يئوسا"", ""b"": ""فذو دعاء عريض"", ""a_start_token_1based"": 11, ""a_end_exclusive_1based"": 13, ""b_start_token_1based"": 11, ""b_end_exclusive_1based"": 14}]",plain,file
26:139,26:158,10,10,0.6666666666666666,0.8,"[{""operation"": ""replace"", ""a"": ""فكذبوه فأهلكناهم"", ""b"": ""فأخذهم العذاب"", ""a_start_token_1based"": 1, ""a_end_exclusive_1based"": 3, ""b_start_token_1based"": 1, ""b_end_exclusive_1based"": 3}]",plain,file
7:8,23:102,9,6,0.6666666666666666,0.8,"[{""operation"": ""delete"", ""a"": ""والوزن يومئذ الحق"", ""b"": """", ""a_start_token_1based"": 1, ""a_end_exclusive_1based"": 4, ""b_start_token_1based"": 1, ""b_end_exclusive_1based"": 1}]",plain,file
18:67,18:75,6,9,0.6666666666666666,0.8,"[{""operation"": ""insert"", ""a"": """", ""b"": ""ألم أقل لك"", ""a_start_token_1based"": 2, ""a_end_exclusive_1based"": 2, ""b_start_token_1based"": 2, ""b_end_exclusive_1based"": 5}]",plain,file
23:79,67:24,7,8,0.6666666666666666,0.8,"[{""operation"": ""replace"", ""a"": ""وهو"", ""b"": ""قل هو"", ""a_start_token_1based"": 1, ""a_end_exclusive_1based"": 2, ""b_start_token_1based"": 1, ""b_end_exclusive_1based"": 3}]",plain,file
23:82,37:53,8,7,0.6666666666666666,0.8,"[{""operation"": ""delete"", ""a"": ""قالوا"", ""b"": """", ""a_start_token_1based"": 1, ""a_end_exclusive_1based"": 2, ""b_start_token_1based"": 1, ""b_end_exclusive_1based"": 1}, {""operation"": ""replace"", ""a"": ""لمبعوثون"", ""b"": ""لمدينون"", ""a_start_token_1based"": 8, ""a_end_exclusive_1based"": 9, ""b_start_token_1based"": 7, ""b_end_exclusive_1based"": 8}]",plain,file
38:25,38:40,9,6,0.75,0.8,"[{""operation"": ""delete"", ""a"": ""فغفرنا له ذلك"", ""b"": """", ""a_start_token_1based"": 1, ""a_end_exclusive_1based"": 4, ""b_start_token_1based"": 1, ""b_end_exclusive_1based"": 1}]",plain,file
55:56,55:74,9,6,0.6666666666666666,0.8,"[{""operation"": ""delete"", ""a"": ""فيهن قاصرات الطرف"", ""b"": """", ""a_start_token_1based"": 1, ""a_end_exclusive_1based"": 4, ""b_start_token_1based"": 1, ""b_end_exclusive_1based"": 1}]",plain,file
15:12,26:200,5,5,0.6666666666666666,0.8,"[{""operation"": ""replace"", ""a"": ""نسلكه"", ""b"": ""سلكناه"", ""a_start_token_1based"": 2, ""a_end_exclusive_1based"": 3, ""b_start_token_1based"": 2, ""b_end_exclusive_1based"": 3}]",plain,file
15:45,52:17,5,5,0.6666666666666666,0.8,"[{""operation"": ""replace"", ""a"": ""وعيون"", ""b"": ""ونعيم"", ""a_start_token_1based"": 5, ""a_end_exclusive_1based"": 6, ""b_start_token_1based"": 5, ""b_end_exclusive_1based"": 6}]",plain,file
15:45,54:54,5,5,0.6666666666666666,0.8,"[{""operation"": ""replace"", ""a"": ""وعيون"", ""b"": ""ونهر"", ""a_start_token_1based"": 5, ""a_end_exclusive_1based"": 6, ""b_start_token_1based"": 5, ""b_end_exclusive_1based"": 6}]",plain,file
15:45,77:41,5,5,0.6666666666666666,0.8,"[{""operation"": ""replace"", ""a"": ""جنات"", ""b"": ""ظلال"", ""a_start_token_1based"": 4, ""a_end_exclusive_1based"": 5, ""b_start_token_1based"": 4, ""b_end_exclusive_1based"": 5}]",plain,file
20:24,20:43,5,5,0.6666666666666666,0.8,"[{""operation"": ""replace"", ""a"": ""اذهب"", ""b"": ""اذهبا"", ""a_start_token_1based"": 1, ""a_end_exclusive_1based"": 2, ""b_start_token_1based"": 1, ""b_end_exclusive_1based"": 2}]",plain,file
20:43,79:17,5,5,0.6666666666666666,0.8,"[{""operation"": ""replace"", ""a"": ""اذهبا"", ""b"": ""اذهب"", ""a_start_token_1based"": 1, ""a_end_exclusive_1based"": 2, ""b_start_token_1based"": 1, ""b_end_exclusive_1based"": 2}]",plain,file
23:9,70:34,5,5,0.6666666666666666,0.8,"[{""operation"": ""replace"", ""a"": ""صلواتهم"", ""b"": ""صلاتهم"", ""a_start_token_1based"": 4, ""a_end_exclusive_1based"": 5, ""b_start_token_1based"": 4, ""b_end_exclusive_1based"": 5}]",plain,file
23:85,23:87,5,5,0.6666666666666666,0.8,"[{""operation"": ""replace"", ""a"": ""تذكرون"", ""b"": ""تتقون"", ""a_start_token_1based"": 5, ""a_end_exclusive_1based"": 6, ""b_start_token_1based"": 5, ""b_end_exclusive_1based"": 6}]",plain,file
26:26,37:126,5,5,0.6666666666666666,0.8,"[{""operation"": ""replace"", ""a"": ""قال"", ""b"": ""الله"", ""a_start_token_1based"": 1, ""a_end_exclusive_1based"": 2, ""b_start_token_1based"": 1, ""b_end_exclusive_1based"": 2}]",plain,file
27:53,41:18,5,5,0.6666666666666666,0.8,"[{""operation"": ""replace"", ""a"": ""وأنجينا"", ""b"": ""ونجينا"", ""a_start_token_1based"": 1, ""a_end_exclusive_1based"": 2, ""b_start_token_1based"": 1, ""b_end_exclusive_1based"": 2}]",plain,file
37:27,37:50,5,5,0.6666666666666666,0.8,"[{""operation"": ""replace"", ""a"": ""وأقبل"", ""b"": ""فأقبل"", ""a_start_token_1based"": 1, ""a_end_exclusive_1based"": 2, ""b_start_token_1based"": 1, ""b_end_exclusive_1based"": 2}]",plain,file
37:50,52:25,5,5,0.6666666666666666,0.8,"[{""operation"": ""replace"", ""a"": ""فأقبل"", ""b"": ""وأقبل"", ""a_start_token_1based"": 1, ""a_end_exclusive_1based"": 2, ""b_start_token_1based"": 1, ""b_end_exclusive_1based"": 2}]",plain,file
37:50,68:30,5,5,0.6666666666666666,0.8,"[{""operation"": ""replace"", ""a"": ""يتساءلون"", ""b"": ""يتلاومون"", ""a_start_token_1based"": 5, ""a_end_exclusive_1based"": 6, ""b_start_token_1based"": 5, ""b_end_exclusive_1based"": 6}]",plain,file
38:87,68:52,5,5,0.6666666666666666,0.8,"[{""operation"": ""replace"", ""a"": ""إن"", ""b"": ""وما"", ""a_start_token_1based"": 1, ""a_end_exclusive_1based"": 2, ""b_start_token_1based"": 1, ""b_end_exclusive_1based"": 2}]",plain,file
51:15,52:17,5,5,0.6666666666666666,0.8,"[{""operation"": ""replace"", ""a"": ""وعيون"", ""b"": ""ونعيم"", ""a_start_token_1based"": 5, ""a_end_exclusive_1based"": 6, ""b_start_token_1based"": 5, ""b_end_exclusive_1based"": 6}]",plain,file
51:15,54:54,5,5,0.6666666666666666,0.8,"[{""operation"": ""replace"", ""a"": ""وعيون"", ""b"": ""ونهر"", ""a_start_token_1based"": 5, ""a_end_exclusive_1based"": 6, ""b_start_token_1based"": 5, ""b_end_exclusive_1based"": 6}]",plain,file
51:15,77:41,5,5,0.6666666666666666,0.8,"[{""operation"": ""replace"", ""a"": ""جنات"", ""b"": ""ظلال"", ""a_start_token_1based"": 4, ""a_end_exclusive_1based"": 5, ""b_start_token_1based"": 4, ""b_end_exclusive_1based"": 5}]",plain,file
52:17,54:54,5,5,0.6666666666666666,0.8,"[{""operation"": ""replace"", ""a"": ""ونعيم"", ""b"": ""ونهر"", ""a_start_token_1based"": 5, ""a_end_exclusive_1based"": 6, ""b_start_token_1based"": 5, ""b_end_exclusive_1based"": 6}]",plain,file
68:52,81:27,5,5,0.6666666666666666,0.8,"[{""operation"": ""replace"", ""a"": ""وما"", ""b"": ""إن"", ""a_start_token_1based"": 1, ""a_end_exclusive_1based"": 2, ""b_start_token_1based"": 1, ""b_end_exclusive_1based"": 2}]",plain,file
69:34,89:18,5,5,0.6666666666666666,0.8,"[{""operation"": ""replace"", ""a"": ""يحض"", ""b"": ""تحاضون"", ""a_start_token_1based"": 2, ""a_end_exclusive_1based"": 3, ""b_start_token_1based"": 2, ""b_end_exclusive_1based"": 3}]",plain,file
77:14,82:17,5,5,0.6666666666666666,0.8,"[{""operation"": ""replace"", ""a"": ""الفصل"", ""b"": ""الدين"", ""a_start_token_1based"": 5, ""a_end_exclusive_1based"": 6, ""b_start_token_1based"": 5, ""b_end_exclusive_1based"": 6}]",plain,file
89:18,107:3,5,5,0.6666666666666666,0.8,"[{""operation"": ""replace"", ""a"": ""تحاضون"", ""b"": ""يحض"", ""a_start_token_1based"": 2, ""a_end_exclusive_1based"": 3, ""b_start_token_1based"": 2, ""b_end_exclusive_1based"": 3}]",plain,file
