surah_id,start_token_id,end_token_id,tokens,types,type_token_ratio,entropy_bits,profile_id,scope
2,2:1:1,2:33:18,500,318,0.636,7.901061754437903,plain,file
2,2:33:19,2:65:2,500,348,0.696,8.11253576957732,plain,file
2,2:65:3,2:90:19,500,315,0.63,7.86432960351377,plain,file
2,2:90:20,2:114:7,500,309,0.618,7.782083055112966,plain,file
2,2:114:8,2:141:7,500,320,0.64,7.915385544537854,plain,file
2,2:141:8,2:167:22,500,316,0.632,7.83027073184145,plain,file
2,2:167:23,2:189:3,500,330,0.66,7.953191832713774,plain,file
2,2:189:4,2:213:30,500,310,0.62,7.717383110411355,plain,file
2,2:213:31,2:231:33,500,307,0.614,7.7616242898324765,plain,file
2,2:231:34,2:249:16,500,304,0.608,7.795982781281383,plain,file
2,2:249:17,2:264:25,500,320,0.64,7.841256296003033,plain,file
2,2:264:26,2:282:120,500,311,0.622,7.79554257119342,plain,file
3,3:1:1,3:29:6,500,310,0.62,7.743794843700112,plain,file
3,3:29:7,3:58:7,500,322,0.644,7.85742691101684,plain,file
3,3:59:1,3:86:9,500,301,0.602,7.691721989723811,plain,file
3,3:86:10,3:117:14,500,305,0.61,7.787386834449405,plain,file
3,3:117:15,3:151:8,500,324,0.648,7.8786730673756225,plain,file
3,3:151:9,3:174:2,500,306,0.612,7.704339619936186,plain,file
3,3:174:3,3:200:6,500,320,0.64,7.832920560718434,plain,file
4,4:1:1,4:19:26,500,308,0.616,7.822412339126164,plain,file
4,4:19:27,4:41:5,500,320,0.64,7.835790002166574,plain,file
4,4:41:6,4:66:13,500,321,0.642,7.841770091538078,plain,file
4,4:66:14,4:90:26,500,308,0.616,7.777495530067754,plain,file
4,4:90:27,4:111:5,500,300,0.6,7.695924405273902,plain,file
4,4:111:6,4:137:4,500,291,0.582,7.614946902965133,plain,file
4,4:137:5,4:164:8,500,309,0.618,7.851724303773064,plain,file
5,5:1:1,5:16:9,500,329,0.658,7.872978396636317,plain,file
5,5:16:10,5:40:17,500,311,0.622,7.79290039869736,plain,file
5,5:40:18,5:59:17,500,298,0.596,7.688992870075092,plain,file
5,5:59:18,5:83:11,500,304,0.608,7.8154685066169725,plain,file
5,5:83:12,5:106:47,500,303,0.606,7.761228020388549,plain,file
6,6:1:1,6:32:12,500,330,0.66,7.962480235136174,plain,file
6,6:32:13,6:60:20,500,308,0.616,7.741475204610254,plain,file
6,6:60:21,6:90:14,500,338,0.676,8.033096502412642,plain,file
6,6:90:15,6:115:6,500,339,0.678,8.02617206756179,plain,file
6,6:115:7,6:141:25,500,330,0.66,7.982748063598158,plain,file
6,6:141:26,6:162:7,500,322,0.644,7.94324263446253,plain,file
7,7:1:1,7:36:2,500,346,0.692,8.091911810105886,plain,file
7,7:36:3,7:60:9,500,337,0.674,8.013124015899459,plain,file
7,7:61:1,7:89:38,500,283,0.566,7.5928095604901005,plain,file
7,7:89:39,7:133:8,500,332,0.664,7.981869340584066,plain,file
7,7:133:9,7:157:7,500,345,0.69,8.090322064781029,plain,file
7,7:157:8,7:182:8,500,356,0.712,8.19264053590074,plain,file
8,8:1:1,8:34:16,500,326,0.652,7.867247511522051,plain,file
8,8:34:17,8:63:12,500,324,0.648,7.844392908952894,plain,file
9,9:1:1,9:28:15,500,312,0.624,7.820401563498268,plain,file
9,9:28:16,9:52:8,500,333,0.666,7.914329207977243,plain,file
9,9:52:9,9:79:11,500,319,0.638,7.871939739582567,plain,file
9,9:79:12,9:105:14,500,294,0.588,7.7514840410028425,plain,file
9,9:105:15,9:129:10,500,319,0.638,7.814160506944828,plain,file
10,10:1:1,10:24:27,500,341,0.682,8.02533171730015,plain,file
10,10:24:28,10:55:15,500,312,0.624,7.826355697910261,plain,file
10,10:55:16,10:88:16,500,306,0.612,7.712625304973031,plain,file
11,11:1:1,11:30:1,500,318,0.636,7.868372585822336,plain,file
11,11:30:2,11:59:12,500,323,0.646,7.852579053444637,plain,file
11,11:60:1,11:89:19,500,312,0.624,7.842884074972711,plain,file
12,12:1:1,12:33:7,500,344,0.688,8.066452721649357,plain,file
12,12:33:8,12:64:7,500,336,0.672,8.072880228207437,plain,file
12,12:64:8,12:93:1,500,311,0.622,7.7671771512123495,plain,file
13,13:1:1,13:25:19,500,345,0.69,8.033347217730018,plain,file
14,14:1:1,14:27:14,500,324,0.648,7.8372244954667485,plain,file
15,15:1:1,15:71:4,500,334,0.668,7.942218767937291,plain,file
16,16:1:1,16:38:3,500,345,0.69,7.987381992915868,plain,file
16,16:38:4,16:74:1,500,333,0.666,7.915914451402641,plain,file
16,16:74:2,16:104:4,500,325,0.65,7.933632291901067,plain,file
17,17:1:1,17:37:1,500,378,0.756,8.30073550051754,plain,file
17,17:37:2,17:71:3,500,342,0.684,8.077701519490835,plain,file
17,17:71:4,17:107:12,500,338,0.676,8.048035493388296,plain,file
18,18:1:1,18:30:8,500,352,0.704,8.13946519650271,plain,file
18,18:30:9,18:63:3,500,365,0.73,8.252466980130743,plain,file
18,18:63:4,18:104:5,500,320,0.64,7.898649944620175,plain,file
19,19:1:1,19:48:12,500,333,0.666,8.012150195704109,plain,file
20,20:1:1,20:64:1,500,352,0.704,8.095008834268342,plain,file
20,20:64:2,20:105:3,500,345,0.69,8.046173008585933,plain,file
21,21:1:1,21:45:11,500,331,0.662,7.9503895041083394,plain,file
21,21:46:1,21:95:4,500,345,0.69,8.069707733296967,plain,file
22,22:1:1,22:29:8,500,311,0.622,7.672337262232015,plain,file
22,22:30:1,22:62:11,500,336,0.672,7.917596579635075,plain,file
23,23:1:1,23:54:2,500,340,0.68,8.046898643327719,plain,file
23,23:54:3,23:113:5,500,341,0.682,8.097690853699763,plain,file
24,24:1:1,24:31:31,500,301,0.602,7.795621492504962,plain,file
24,24:31:32,24:54:13,500,323,0.646,7.791178340867886,plain,file
25,25:1:1,25:42:2,500,364,0.728,8.279512018067098,plain,file
26,26:1:1,26:77:6,500,329,0.658,7.923074503309737,plain,file
26,26:78:1,26:169:3,500,262,0.524,7.488034774537656,plain,file
27,27:1:1,27:40:31,500,347,0.694,8.113091991037452,plain,file
27,27:40:32,27:82:3,500,335,0.67,8.007534715747967,plain,file
28,28:1:1,28:30:17,500,331,0.662,7.893746068744661,plain,file
28,28:30:18,28:61:16,500,343,0.686,8.028451793070028,plain,file
29,29:1:1,29:35:5,500,321,0.642,7.853753631435868,plain,file
30,30:1:1,30:39:16,500,302,0.604,7.721446711271448,plain,file
31,31:1:1,31:33:4,500,318,0.636,7.772458055870858,plain,file
33,33:1:1,33:29:3,500,328,0.656,7.844439919340544,plain,file
33,33:29:4,33:53:34,500,318,0.636,7.788925718485404,plain,file
34,34:1:1,34:30:6,500,328,0.656,7.907466173052837,plain,file
35,35:1:1,35:32:6,500,339,0.678,7.910921446645549,plain,file
36,36:1:1,36:56:4,500,325,0.65,7.912196518165073,plain,file
37,37:1:1,37:102:3,500,362,0.724,8.201829379217589,plain,file
38,38:1:1,38:53:2,500,355,0.71,8.20209864780714,plain,file
39,39:1:1,39:29:3,500,325,0.65,7.834597481612591,plain,file
39,39:29:4,39:64:5,500,307,0.614,7.765825558365843,plain,file
40,40:1:1,40:34:11,500,329,0.658,7.903642170371813,plain,file
40,40:34:12,40:67:28,500,319,0.638,7.871820563128487,plain,file
41,41:1:1,41:38:4,500,351,0.702,8.14642202807377,plain,file
42,42:1:1,42:29:4,500,295,0.59,7.695048296531394,plain,file
43,43:1:1,43:51:9,500,358,0.716,8.180440804960519,plain,file
46,46:1:1,46:28:6,500,346,0.692,8.025692972120568,plain,file
47,47:1:1,47:36:3,500,311,0.622,7.751317318369497,plain,file
48,48:1:1,48:28:4,500,318,0.636,7.888937379230679,plain,file
57,57:1:1,57:27:4,500,329,0.658,7.95715089479717,plain,file
