profile_id,scope,sequence,frequency,verse_ids,token_count
nfc,file,فَبِأَيِّ آلَاءِ رَبِّكُمَا تُكَذِّبَانِ,31,55:13|55:16|55:18|55:21|55:23|55:25|55:28|55:30|55:32|55:34|55:36|55:38|55:40|55:42|55:45|55:47|55:49|55:51|55:53|55:55|55:57|55:59|55:61|55:63|55:65|55:67|55:69|55:71|55:73|55:75|55:77,4
nfc,numbered,فَبِأَيِّ آلَاءِ رَبِّكُمَا تُكَذِّبَانِ,31,55:13|55:16|55:18|55:21|55:23|55:25|55:28|55:30|55:32|55:34|55:36|55:38|55:40|55:42|55:45|55:47|55:49|55:51|55:53|55:55|55:57|55:59|55:61|55:63|55:65|55:67|55:69|55:71|55:73|55:75|55:77,4
plain,file,فبأي آلاء ربكما تكذبان,31,55:13|55:16|55:18|55:21|55:23|55:25|55:28|55:30|55:32|55:34|55:36|55:38|55:40|55:42|55:45|55:47|55:49|55:51|55:53|55:55|55:57|55:59|55:61|55:63|55:65|55:67|55:69|55:71|55:73|55:75|55:77,4
plain,numbered,فبأي آلاء ربكما تكذبان,31,55:13|55:16|55:18|55:21|55:23|55:25|55:28|55:30|55:32|55:34|55:36|55:38|55:40|55:42|55:45|55:47|55:49|55:51|55:53|55:55|55:57|55:59|55:61|55:63|55:65|55:67|55:69|55:71|55:73|55:75|55:77,4
raw,file,فَبِأَيِّ آلَاءِ رَبِّكُمَا تُكَذِّبَانِ,31,55:13|55:16|55:18|55:21|55:23|55:25|55:28|55:30|55:32|55:34|55:36|55:38|55:40|55:42|55:45|55:47|55:49|55:51|55:53|55:55|55:57|55:59|55:61|55:63|55:65|55:67|55:69|55:71|55:73|55:75|55:77,4
raw,numbered,فَبِأَيِّ آلَاءِ رَبِّكُمَا تُكَذِّبَانِ,31,55:13|55:16|55:18|55:21|55:23|55:25|55:28|55:30|55:32|55:34|55:36|55:38|55:40|55:42|55:45|55:47|55:49|55:51|55:53|55:55|55:57|55:59|55:61|55:63|55:65|55:67|55:69|55:71|55:73|55:75|55:77,4
search,file,فباي الاء ربكما تكذبان,31,55:13|55:16|55:18|55:21|55:23|55:25|55:28|55:30|55:32|55:34|55:36|55:38|55:40|55:42|55:45|55:47|55:49|55:51|55:53|55:55|55:57|55:59|55:61|55:63|55:65|55:67|55:69|55:71|55:73|55:75|55:77,4
search,numbered,فباي الاء ربكما تكذبان,31,55:13|55:16|55:18|55:21|55:23|55:25|55:28|55:30|55:32|55:34|55:36|55:38|55:40|55:42|55:45|55:47|55:49|55:51|55:53|55:55|55:57|55:59|55:61|55:63|55:65|55:67|55:69|55:71|55:73|55:75|55:77,4
nfc,file,وَيْلٌ يَوْمَئِذٍ لِّلْمُكَذِّبِينَ,11,77:15|77:19|77:24|77:28|77:34|77:37|77:40|77:45|77:47|77:49|83:10,3
nfc,numbered,وَيْلٌ يَوْمَئِذٍ لِّلْمُكَذِّبِينَ,11,77:15|77:19|77:24|77:28|77:34|77:37|77:40|77:45|77:47|77:49|83:10,3
plain,file,ويل يومئذ للمكذبين,11,77:15|77:19|77:24|77:28|77:34|77:37|77:40|77:45|77:47|77:49|83:10,3
plain,numbered,ويل يومئذ للمكذبين,11,77:15|77:19|77:24|77:28|77:34|77:37|77:40|77:45|77:47|77:49|83:10,3
raw,file,وَيْلٌ يَوْمَئِذٍ لِّلْمُكَذِّبِينَ,11,77:15|77:19|77:24|77:28|77:34|77:37|77:40|77:45|77:47|77:49|83:10,3
raw,numbered,وَيْلٌ يَوْمَئِذٍ لِّلْمُكَذِّبِينَ,11,77:15|77:19|77:24|77:28|77:34|77:37|77:40|77:45|77:47|77:49|83:10,3
search,file,ويل يومئذ للمكذبين,11,77:15|77:19|77:24|77:28|77:34|77:37|77:40|77:45|77:47|77:49|83:10,3
search,numbered,ويل يومئذ للمكذبين,11,77:15|77:19|77:24|77:28|77:34|77:37|77:40|77:45|77:47|77:49|83:10,3
nfc,file,فَاتَّقُوا اللَّهَ وَأَطِيعُونِ,8,26:108|26:110|26:126|26:131|26:144|26:150|26:163|26:179,3
nfc,file,وَإِنَّ رَبَّكَ لَهُوَ الْعَزِيزُ الرَّحِيمُ,8,26:9|26:68|26:104|26:122|26:140|26:159|26:175|26:191,5
nfc,numbered,فَاتَّقُوا اللَّهَ وَأَطِيعُونِ,8,26:108|26:110|26:126|26:131|26:144|26:150|26:163|26:179,3
nfc,numbered,وَإِنَّ رَبَّكَ لَهُوَ الْعَزِيزُ الرَّحِيمُ,8,26:9|26:68|26:104|26:122|26:140|26:159|26:175|26:191,5
plain,file,فاتقوا الله وأطيعون,8,26:108|26:110|26:126|26:131|26:144|26:150|26:163|26:179,3
plain,file,وإن ربك لهو العزيز الرحيم,8,26:9|26:68|26:104|26:122|26:140|26:159|26:175|26:191,5
plain,numbered,فاتقوا الله وأطيعون,8,26:108|26:110|26:126|26:131|26:144|26:150|26:163|26:179,3
plain,numbered,وإن ربك لهو العزيز الرحيم,8,26:9|26:68|26:104|26:122|26:140|26:159|26:175|26:191,5
raw,file,فَاتَّقُوا اللَّهَ وَأَطِيعُونِ,8,26:108|26:110|26:126|26:131|26:144|26:150|26:163|26:179,3
raw,file,وَإِنَّ رَبَّكَ لَهُوَ الْعَزِيزُ الرَّحِيمُ,8,26:9|26:68|26:104|26:122|26:140|26:159|26:175|26:191,5
raw,numbered,فَاتَّقُوا اللَّهَ وَأَطِيعُونِ,8,26:108|26:110|26:126|26:131|26:144|26:150|26:163|26:179,3
raw,numbered,وَإِنَّ رَبَّكَ لَهُوَ الْعَزِيزُ الرَّحِيمُ,8,26:9|26:68|26:104|26:122|26:140|26:159|26:175|26:191,5
search,file,فاتقوا الله واطيعون,8,26:108|26:110|26:126|26:131|26:144|26:150|26:163|26:179,3
search,file,وان ربك لهو العزيز الرحيم,8,26:9|26:68|26:104|26:122|26:140|26:159|26:175|26:191,5
search,numbered,فاتقوا الله واطيعون,8,26:108|26:110|26:126|26:131|26:144|26:150|26:163|26:179,3
search,numbered,وان ربك لهو العزيز الرحيم,8,26:9|26:68|26:104|26:122|26:140|26:159|26:175|26:191,5
nfc,file,بِسْمِ اللَّهِ الرَّحْمَـٰنِ الرَّحِيمِ حم,7,40:1|41:1|42:1|43:1|44:1|45:1|46:1,5
nfc,numbered,حم,7,40:1|41:1|42:1|43:1|44:1|45:1|46:1,1
plain,file,بسم الله الرحمن الرحيم حم,7,40:1|41:1|42:1|43:1|44:1|45:1|46:1,5
plain,numbered,حم,7,40:1|41:1|42:1|43:1|44:1|45:1|46:1,1
raw,file,بِسْمِ اللَّهِ الرَّحْمَـٰنِ الرَّحِيمِ حم,7,40:1|41:1|42:1|43:1|44:1|45:1|46:1,5
raw,numbered,حم,7,40:1|41:1|42:1|43:1|44:1|45:1|46:1,1
search,file,بسم الله الرحمن الرحيم حم,7,40:1|41:1|42:1|43:1|44:1|45:1|46:1,5
search,numbered,حم,7,40:1|41:1|42:1|43:1|44:1|45:1|46:1,1
nfc,file,إِنَّ فِي ذَٰلِكَ لَآيَةً وَمَا كَانَ أَكْثَرُهُم مُّؤْمِنِينَ,6,26:8|26:67|26:103|26:121|26:174|26:190,8
nfc,file,بِسْمِ اللَّهِ الرَّحْمَـٰنِ الرَّحِيمِ الم,6,2:1|3:1|29:1|30:1|31:1|32:1,5
nfc,file,وَيَقُولُونَ مَتَىٰ هَـٰذَا الْوَعْدُ إِن كُنتُمْ صَادِقِينَ,6,10:48|21:38|27:71|34:29|36:48|67:25,7
nfc,numbered,إِنَّ فِي ذَٰلِكَ لَآيَةً وَمَا كَانَ أَكْثَرُهُم مُّؤْمِنِينَ,6,26:8|26:67|26:103|26:121|26:174|26:190,8
nfc,numbered,الم,6,2:1|3:1|29:1|30:1|31:1|32:1,1
nfc,numbered,وَيَقُولُونَ مَتَىٰ هَـٰذَا الْوَعْدُ إِن كُنتُمْ صَادِقِينَ,6,10:48|21:38|27:71|34:29|36:48|67:25,7
plain,file,إن في ذلك لآية وما كان أكثرهم مؤمنين,6,26:8|26:67|26:103|26:121|26:174|26:190,8
plain,file,بسم الله الرحمن الرحيم الم,6,2:1|3:1|29:1|30:1|31:1|32:1,5
plain,file,ويقولون متى هذا الوعد إن كنتم صادقين,6,10:48|21:38|27:71|34:29|36:48|67:25,7
plain,numbered,إن في ذلك لآية وما كان أكثرهم مؤمنين,6,26:8|26:67|26:103|26:121|26:174|26:190,8
plain,numbered,الم,6,2:1|3:1|29:1|30:1|31:1|32:1,1
plain,numbered,ويقولون متى هذا الوعد إن كنتم صادقين,6,10:48|21:38|27:71|34:29|36:48|67:25,7
raw,file,إِنَّ فِي ذَٰلِكَ لَآيَةً ۖ وَمَا كَانَ أَكْثَرُهُم مُّؤْمِنِينَ,6,26:8|26:67|26:103|26:121|26:174|26:190,8
raw,file,بِسْمِ اللَّهِ الرَّحْمَـٰنِ الرَّحِيمِ الم,6,2:1|3:1|29:1|30:1|31:1|32:1,5
raw,file,وَيَقُولُونَ مَتَىٰ هَـٰذَا الْوَعْدُ إِن كُنتُمْ صَادِقِينَ,6,10:48|21:38|27:71|34:29|36:48|67:25,7
raw,numbered,إِنَّ فِي ذَٰلِكَ لَآيَةً وَمَا كَانَ أَكْثَرُهُم مُّؤْمِنِينَ,6,26:8|26:67|26:103|26:121|26:174|26:190,8
raw,numbered,الم,6,2:1|3:1|29:1|30:1|31:1|32:1,1
raw,numbered,وَيَقُولُونَ مَتَىٰ هَـٰذَا الْوَعْدُ إِن كُنتُمْ صَادِقِينَ,6,10:48|21:38|27:71|34:29|36:48|67:25,7
search,file,ان في ذلك لاية وما كان اكثرهم مؤمنين,6,26:8|26:67|26:103|26:121|26:174|26:190,8
search,file,بسم الله الرحمن الرحيم الم,6,2:1|3:1|29:1|30:1|31:1|32:1,5
search,file,ويقولون متي هذا الوعد ان كنتم صادقين,6,10:48|21:38|27:71|34:29|36:48|67:25,7
search,numbered,الم,6,2:1|3:1|29:1|30:1|31:1|32:1,1
search,numbered,ان في ذلك لاية وما كان اكثرهم مؤمنين,6,26:8|26:67|26:103|26:121|26:174|26:190,8
search,numbered,ويقولون متي هذا الوعد ان كنتم صادقين,6,10:48|21:38|27:71|34:29|36:48|67:25,7
nfc,file,إِنِّي لَكُمْ رَسُولٌ أَمِينٌ,5,26:107|26:125|26:143|26:162|26:178,4
nfc,file,وَمَا أَسْأَلُكُمْ عَلَيْهِ مِنْ أَجْرٍ إِنْ أَجْرِيَ إِلَّا عَلَىٰ رَبِّ الْعَالَمِينَ,5,26:109|26:127|26:145|26:164|26:180,11
nfc,numbered,إِنِّي لَكُمْ رَسُولٌ أَمِينٌ,5,26:107|26:125|26:143|26:162|26:178,4
nfc,numbered,وَمَا أَسْأَلُكُمْ عَلَيْهِ مِنْ أَجْرٍ إِنْ أَجْرِيَ إِلَّا عَلَىٰ رَبِّ الْعَالَمِينَ,5,26:109|26:127|26:145|26:164|26:180,11
plain,file,إني لكم رسول أمين,5,26:107|26:125|26:143|26:162|26:178,4
plain,file,وما أسألكم عليه من أجر إن أجري إلا على رب العالمين,5,26:109|26:127|26:145|26:164|26:180,11
plain,numbered,إني لكم رسول أمين,5,26:107|26:125|26:143|26:162|26:178,4
plain,numbered,وما أسألكم عليه من أجر إن أجري إلا على رب العالمين,5,26:109|26:127|26:145|26:164|26:180,11
raw,file,إِنِّي لَكُمْ رَسُولٌ أَمِينٌ,5,26:107|26:125|26:143|26:162|26:178,4
raw,file,وَمَا أَسْأَلُكُمْ عَلَيْهِ مِنْ أَجْرٍ ۖ إِنْ أَجْرِيَ إِلَّا عَلَىٰ رَبِّ الْعَالَمِينَ,5,26:109|26:127|26:145|26:164|26:180,11
raw,numbered,إِنِّي لَكُمْ رَسُولٌ أَمِينٌ,5,26:107|26:125|26:143|26:162|26:178,4
raw,numbered,وَمَا أَسْأَلُكُمْ عَلَيْهِ مِنْ أَجْرٍ إِنْ أَجْرِيَ إِلَّا عَلَىٰ رَبِّ الْعَالَمِينَ,5,26:109|26:127|26:145|26:164|26:180,11
search,file,اني لكم رسول امين,5,26:107|26:125|26:143|26:162|26:178,4
search,file,وما اسالكم عليه من اجر ان اجري الا علي رب العالمين,5,26:109|26:127|26:145|26:164|26:180,11
search,numbered,اني لكم رسول امين,5,26:107|26:125|26:143|26:162|26:178,4
search,numbered,وما اسالكم عليه من اجر ان اجري الا علي رب العالمين,5,26:109|26:127|26:145|26:164|26:180,11
nfc,file,إِلَّا عِبَادَ اللَّهِ الْمُخْلَصِينَ,4,37:40|37:74|37:128|37:160,4
nfc,file,إِنَّا كَذَٰلِكَ نَجْزِي الْمُحْسِنِينَ,4,37:80|37:121|37:131|77:44,4
nfc,file,وَلَقَدْ يَسَّرْنَا الْقُرْآنَ لِلذِّكْرِ فَهَلْ مِن مُّدَّكِرٍ,4,54:17|54:22|54:32|54:40,7
nfc,numbered,إِلَّا عِبَادَ اللَّهِ الْمُخْلَصِينَ,4,37:40|37:74|37:128|37:160,4
nfc,numbered,إِنَّا كَذَٰلِكَ نَجْزِي الْمُحْسِنِينَ,4,37:80|37:121|37:131|77:44,4
nfc,numbered,وَلَقَدْ يَسَّرْنَا الْقُرْآنَ لِلذِّكْرِ فَهَلْ مِن مُّدَّكِرٍ,4,54:17|54:22|54:32|54:40,7
plain,file,إلا عباد الله المخلصين,4,37:40|37:74|37:128|37:160,4
plain,file,إنا كذلك نجزي المحسنين,4,37:80|37:121|37:131|77:44,4
plain,file,ولقد يسرنا القرآن للذكر فهل من مدكر,4,54:17|54:22|54:32|54:40,7
plain,numbered,إلا عباد الله المخلصين,4,37:40|37:74|37:128|37:160,4
plain,numbered,إنا كذلك نجزي المحسنين,4,37:80|37:121|37:131|77:44,4
plain,numbered,ولقد يسرنا القرآن للذكر فهل من مدكر,4,54:17|54:22|54:32|54:40,7
raw,file,إِلَّا عِبَادَ اللَّهِ الْمُخْلَصِينَ,4,37:40|37:74|37:128|37:160,4
raw,file,إِنَّا كَذَٰلِكَ نَجْزِي الْمُحْسِنِينَ,4,37:80|37:121|37:131|77:44,4
raw,file,وَلَقَدْ يَسَّرْنَا الْقُرْآنَ لِلذِّكْرِ فَهَلْ مِن مُّدَّكِرٍ,4,54:17|54:22|54:32|54:40,7
raw,numbered,إِلَّا عِبَادَ اللَّهِ الْمُخْلَصِينَ,4,37:40|37:74|37:128|37:160,4
raw,numbered,إِنَّا كَذَٰلِكَ نَجْزِي الْمُحْسِنِينَ,4,37:80|37:121|37:131|77:44,4
raw,numbered,وَلَقَدْ يَسَّرْنَا الْقُرْآنَ لِلذِّكْرِ فَهَلْ مِن مُّدَّكِرٍ,4,54:17|54:22|54:32|54:40,7
search,file,الا عباد الله المخلصين,4,37:40|37:74|37:128|37:160,4
search,file,انا كذلك نجزي المحسنين,4,37:80|37:121|37:131|77:44,4
search,file,ولقد يسرنا القران للذكر فهل من مدكر,4,54:17|54:22|54:32|54:40,7
search,numbered,الا عباد الله المخلصين,4,37:40|37:74|37:128|37:160,4
search,numbered,انا كذلك نجزي المحسنين,4,37:80|37:121|37:131|77:44,4
search,numbered,ولقد يسرنا القران للذكر فهل من مدكر,4,54:17|54:22|54:32|54:40,7
nfc,file,إِنَّهُ مِنْ عِبَادِنَا الْمُؤْمِنِينَ,3,37:81|37:111|37:132,4
nfc,file,فَسَبِّحْ بِاسْمِ رَبِّكَ الْعَظِيمِ,3,56:74|56:96|69:52,4
nfc,file,فَكَيْفَ كَانَ عَذَابِي وَنُذُرِ,3,54:16|54:21|54:30,4
nfc,file,وَتَرَكْنَا عَلَيْهِ فِي الْآخِرِينَ,3,37:78|37:108|37:129,4
nfc,numbered,إِنَّهُ مِنْ عِبَادِنَا الْمُؤْمِنِينَ,3,37:81|37:111|37:132,4
nfc,numbered,تَنزِيلُ الْكِتَابِ مِنَ اللَّهِ الْعَزِيزِ الْحَكِيمِ,3,39:1|45:2|46:2,6
nfc,numbered,فَسَبِّحْ بِاسْمِ رَبِّكَ الْعَظِيمِ,3,56:74|56:96|69:52,4
nfc,numbered,فَكَيْفَ كَانَ عَذَابِي وَنُذُرِ,3,54:16|54:21|54:30,4
nfc,numbered,وَتَرَكْنَا عَلَيْهِ فِي الْآخِرِينَ,3,37:78|37:108|37:129,4
plain,file,إنه من عبادنا المؤمنين,3,37:81|37:111|37:132,4
plain,file,فسبح باسم ربك العظيم,3,56:74|56:96|69:52,4
plain,file,فكيف كان عذابي ونذر,3,54:16|54:21|54:30,4
plain,file,وتركنا عليه في الآخرين,3,37:78|37:108|37:129,4
plain,numbered,إنه من عبادنا المؤمنين,3,37:81|37:111|37:132,4
plain,numbered,تنزيل الكتاب من الله العزيز الحكيم,3,39:1|45:2|46:2,6
plain,numbered,فسبح باسم ربك العظيم,3,56:74|56:96|69:52,4
plain,numbered,فكيف كان عذابي ونذر,3,54:16|54:21|54:30,4
plain,numbered,وتركنا عليه في الآخرين,3,37:78|37:108|37:129,4
raw,file,إِنَّهُ مِنْ عِبَادِنَا الْمُؤْمِنِينَ,3,37:81|37:111|37:132,4
raw,file,فَسَبِّحْ بِاسْمِ رَبِّكَ الْعَظِيمِ,3,56:74|56:96|69:52,4
raw,file,فَكَيْفَ كَانَ عَذَابِي وَنُذُرِ,3,54:16|54:21|54:30,4
raw,file,وَتَرَكْنَا عَلَيْهِ فِي الْآخِرِينَ,3,37:78|37:108|37:129,4
raw,numbered,إِنَّهُ مِنْ عِبَادِنَا الْمُؤْمِنِينَ,3,37:81|37:111|37:132,4
raw,numbered,تَنزِيلُ الْكِتَابِ مِنَ اللَّهِ الْعَزِيزِ الْحَكِيمِ,3,39:1|45:2|46:2,6
raw,numbered,فَسَبِّحْ بِاسْمِ رَبِّكَ الْعَظِيمِ,3,56:74|56:96|69:52,4
raw,numbered,فَكَيْفَ كَانَ عَذَابِي وَنُذُرِ,3,54:16|54:21|54:30,4
raw,numbered,وَتَرَكْنَا عَلَيْهِ فِي الْآخِرِينَ,3,37:78|37:108|37:129,4
search,file,انه من عبادنا المؤمنين,3,37:81|37:111|37:132,4
search,file,فسبح باسم ربك العظيم,3,56:74|56:96|69:52,4
search,file,فكيف كان عذابي ونذر,3,54:16|54:21|54:30,4
search,file,وتركنا عليه في الاخرين,3,37:78|37:108|37:129,4
search,numbered,انه من عبادنا المؤمنين,3,37:81|37:111|37:132,4
search,numbered,تنزيل الكتاب من الله العزيز الحكيم,3,39:1|45:2|46:2,6
search,numbered,فسبح باسم ربك العظيم,3,56:74|56:96|69:52,4
search,numbered,فكيف كان عذابي ونذر,3,54:16|54:21|54:30,4
search,numbered,وتركنا عليه في الاخرين,3,37:78|37:108|37:129,4
nfc,file,أَفَبِعَذَابِنَا يَسْتَعْجِلُونَ,2,26:204|37:176,2
nfc,file,أَمْ تَسْأَلُهُمْ أَجْرًا فَهُم مِّن مَّغْرَمٍ مُّثْقَلُونَ,2,52:40|68:46,7
nfc,file,أَمْ عِندَهُمُ الْغَيْبُ فَهُمْ يَكْتُبُونَ,2,52:41|68:47,5
nfc,file,أَوَآبَاؤُنَا الْأَوَّلُونَ,2,37:17|56:48,2
nfc,file,أُولَـٰئِكَ عَلَىٰ هُدًى مِّن رَّبِّهِمْ وَأُولَـٰئِكَ هُمُ الْمُفْلِحُونَ,2,2:5|31:5,8
nfc,file,إِذَا تُتْلَىٰ عَلَيْهِ آيَاتُنَا قَالَ أَسَاطِيرُ الْأَوَّلِينَ,2,68:15|83:13,7
nfc,file,إِلَىٰ يَوْمِ الْوَقْتِ الْمَعْلُومِ,2,15:38|38:81,4
nfc,file,إِلَّا الَّذِينَ تَابُوا مِن بَعْدِ ذَٰلِكَ وَأَصْلَحُوا فَإِنَّ اللَّهَ غَفُورٌ رَّحِيمٌ,2,3:89|24:5,11
nfc,file,إِلَّا عَجُوزًا فِي الْغَابِرِينَ,2,26:171|37:135,4
nfc,file,إِلَّا عَلَىٰ أَزْوَاجِهِمْ أَوْ مَا مَلَكَتْ أَيْمَانُهُمْ فَإِنَّهُمْ غَيْرُ مَلُومِينَ,2,23:6|70:30,10
nfc,file,إِلَّا عِبَادَكَ مِنْهُمُ الْمُخْلَصِينَ,2,15:40|38:83,4
nfc,file,إِنَّ الْأَبْرَارَ لَفِي نَعِيمٍ,2,82:13|83:22,4
nfc,file,إِنَّ الْمُتَّقِينَ فِي جَنَّاتٍ وَعُيُونٍ,2,15:45|51:15,5
nfc,file,إِنَّ هَـٰذِهِ تَذْكِرَةٌ فَمَن شَاءَ اتَّخَذَ إِلَىٰ رَبِّهِ سَبِيلًا,2,73:19|76:29,9
nfc,file,إِنَّهُ لَقَوْلُ رَسُولٍ كَرِيمٍ,2,69:40|81:19,4
nfc,file,إِنْ هُوَ إِلَّا ذِكْرٌ لِّلْعَالَمِينَ,2,38:87|81:27,5
nfc,file,اذْهَبْ إِلَىٰ فِرْعَوْنَ إِنَّهُ طَغَىٰ,2,20:24|79:17,5
nfc,file,الَّذِينَ صَبَرُوا وَعَلَىٰ رَبِّهِمْ يَتَوَكَّلُونَ,2,16:42|29:59,5
nfc,file,الَّذِينَ يُقِيمُونَ الصَّلَاةَ وَيُؤْتُونَ الزَّكَاةَ وَهُم بِالْآخِرَةِ هُمْ يُوقِنُونَ,2,27:3|31:4,9
nfc,file,انظُرْ كَيْفَ ضَرَبُوا لَكَ الْأَمْثَالَ فَضَلُّوا فَلَا يَسْتَطِيعُونَ سَبِيلًا,2,17:48|25:9,9
nfc,file,بَلْ نَحْنُ مَحْرُومُونَ,2,56:67|68:27,3
nfc,file,بِسْمِ اللَّهِ الرَّحْمَـٰنِ الرَّحِيمِ سَبَّحَ لِلَّهِ مَا فِي السَّمَاوَاتِ وَمَا فِي الْأَرْضِ وَهُوَ الْعَزِيزُ الْحَكِيمُ,2,59:1|61:1,15
nfc,file,بِسْمِ اللَّهِ الرَّحْمَـٰنِ الرَّحِيمِ طسم,2,26:1|28:1,5
nfc,file,تَنزِيلٌ مِّن رَّبِّ الْعَالَمِينَ,2,56:80|69:43,4
nfc,file,تَنزِيلُ الْكِتَابِ مِنَ اللَّهِ الْعَزِيزِ الْحَكِيمِ,2,45:2|46:2,6
nfc,file,تِلْكَ آيَاتُ الْكِتَابِ الْمُبِينِ,2,26:2|28:2,4
nfc,file,تِلْكَ أُمَّةٌ قَدْ خَلَتْ لَهَا مَا كَسَبَتْ وَلَكُم مَّا كَسَبْتُمْ وَلَا تُسْأَلُونَ عَمَّا كَانُوا يَعْمَلُونَ,2,2:134|2:141,15
nfc,file,ثُلَّةٌ مِّنَ الْأَوَّلِينَ,2,56:13|56:39,3
nfc,file,ثُمَّ أَتْبَعَ سَبَبًا,2,18:89|18:92,3
nfc,file,ثُمَّ أَغْرَقْنَا الْآخَرِينَ,2,26:66|37:82,3
nfc,file,ثُمَّ دَمَّرْنَا الْآخَرِينَ,2,26:172|37:136,3
nfc,file,خَالِدِينَ فِيهَا لَا يُخَفَّفُ عَنْهُمُ الْعَذَابُ وَلَا هُمْ يُنظَرُونَ,2,2:162|3:88,9
nfc,file,ذَٰلِكَ بِمَا قَدَّمَتْ أَيْدِيكُمْ وَأَنَّ اللَّهَ لَيْسَ بِظَلَّامٍ لِّلْعَبِيدِ,2,3:182|8:51,9
nfc,file,رَبِّ مُوسَىٰ وَهَارُونَ,2,7:122|26:48,3
nfc,file,عَلَى الْأَرَائِكِ يَنظُرُونَ,2,83:23|83:35,3
nfc,file,فَأَخَذَتْهُمُ الرَّجْفَةُ فَأَصْبَحُوا فِي دَارِهِمْ جَاثِمِينَ,2,7:78|7:91,6
nfc,file,فَأَلْقَىٰ عَصَاهُ فَإِذَا هِيَ ثُعْبَانٌ مُّبِينٌ,2,7:107|26:32,6
nfc,file,فَإِذَا سَوَّيْتُهُ وَنَفَخْتُ فِيهِ مِن رُّوحِي فَقَعُوا لَهُ سَاجِدِينَ,2,15:29|38:72,9
nfc,file,فَذَرْهُمْ يَخُوضُوا وَيَلْعَبُوا حَتَّىٰ يُلَاقُوا يَوْمَهُمُ الَّذِي يُوعَدُونَ,2,43:83|70:42,8
nfc,file,فَسَجَدَ الْمَلَائِكَةُ كُلُّهُمْ أَجْمَعُونَ,2,15:30|38:73,4
nfc,file,فَمَن شَاءَ ذَكَرَهُ,2,74:55|80:12,3
nfc,file,فَمَنِ ابْتَغَىٰ وَرَاءَ ذَٰلِكَ فَأُولَـٰئِكَ هُمُ الْعَادُونَ,2,23:7|70:31,7
nfc,file,فَهُوَ فِي عِيشَةٍ رَّاضِيَةٍ,2,69:21|101:7,4
nfc,file,فِي جَنَّاتٍ وَعُيُونٍ,2,26:147|44:52,3
nfc,file,فِي جَنَّاتِ النَّعِيمِ,2,37:43|56:12,3
nfc,file,فِي جَنَّةٍ عَالِيَةٍ,2,69:22|88:10,3
nfc,file,قَالَ رَبِّ انصُرْنِي بِمَا كَذَّبُونِ,2,23:26|23:39,5
nfc,file,قَالَ رَبِّ فَأَنظِرْنِي إِلَىٰ يَوْمِ يُبْعَثُونَ,2,15:36|38:79,6
nfc,file,قَالَ فَإِنَّكَ مِنَ الْمُنظَرِينَ,2,15:37|38:80,4
nfc,file,قَالَ فَاخْرُجْ مِنْهَا فَإِنَّكَ رَجِيمٌ,2,15:34|38:77,5
nfc,file,قَالَ فَمَا خَطْبُكُمْ أَيُّهَا الْمُرْسَلُونَ,2,15:57|51:31,5
nfc,file,قَالُوا آمَنَّا بِرَبِّ الْعَالَمِينَ,2,7:121|26:47,4
nfc,file,قَالُوا إِنَّا أُرْسِلْنَا إِلَىٰ قَوْمٍ مُّجْرِمِينَ,2,15:58|51:32,6
nfc,file,قَالُوا إِنَّمَا أَنتَ مِنَ الْمُسَحَّرِينَ,2,26:153|26:185,5
nfc,file,قُلْ إِنِّي أَخَافُ إِنْ عَصَيْتُ رَبِّي عَذَابَ يَوْمٍ عَظِيمٍ,2,6:15|39:13,9
nfc,file,كُلُوا وَاشْرَبُوا هَنِيئًا بِمَا كُنتُمْ تَعْمَلُونَ,2,52:19|77:43,6
nfc,file,كِتَابٌ مَّرْقُومٌ,2,83:9|83:20,2
nfc,file,لِيَكْفُرُوا بِمَا آتَيْنَاهُمْ فَتَمَتَّعُوا فَسَوْفَ تَعْلَمُونَ,2,16:55|30:34,6
nfc,file,مَا لَكُمْ كَيْفَ تَحْكُمُونَ,2,37:154|68:36,4
nfc,file,هُوَ الَّذِي أَرْسَلَ رَسُولَهُ بِالْهُدَىٰ وَدِينِ الْحَقِّ لِيُظْهِرَهُ عَلَى الدِّينِ كُلِّهِ وَلَوْ كَرِهَ الْمُشْرِكُونَ,2,9:33|61:9,14
nfc,file,وَأَذِنَتْ لِرَبِّهَا وَحُقَّتْ,2,84:2|84:5,3
nfc,file,وَأَقْبَلَ بَعْضُهُمْ عَلَىٰ بَعْضٍ يَتَسَاءَلُونَ,2,37:27|52:25,5
nfc,file,وَأَمْطَرْنَا عَلَيْهِم مَّطَرًا فَسَاءَ مَطَرُ الْمُنذَرِينَ,2,26:173|27:58,6
nfc,file,وَأُمْلِي لَهُمْ إِنَّ كَيْدِي مَتِينٌ,2,7:183|68:45,5
nfc,file,وَالَّذِينَ كَفَرُوا وَكَذَّبُوا بِآيَاتِنَا أُولَـٰئِكَ أَصْحَابُ الْجَحِيمِ,2,5:10|5:86,7
nfc,file,وَالَّذِينَ هُمْ لِأَمَانَاتِهِمْ وَعَهْدِهِمْ رَاعُونَ,2,23:8|70:32,5
nfc,file,وَالَّذِينَ هُمْ لِفُرُوجِهِمْ حَافِظُونَ,2,23:5|70:29,4
nfc,file,وَالْكِتَابِ الْمُبِينِ,2,43:2|44:2,2
nfc,file,وَلَا أَنتُمْ عَابِدُونَ مَا أَعْبُدُ,2,109:3|109:5,5
nfc,file,وَلَا يَحُضُّ عَلَىٰ طَعَامِ الْمِسْكِينِ,2,69:34|107:3,5
nfc,file,وَلَقَدِ اسْتُهْزِئَ بِرُسُلٍ مِّن قَبْلِكَ فَحَاقَ بِالَّذِينَ سَخِرُوا مِنْهُم مَّا كَانُوا بِهِ يَسْتَهْزِئُونَ,2,6:10|21:41,13
nfc,file,وَلَقَدْ آتَيْنَا مُوسَى الْكِتَابَ فَاخْتُلِفَ فِيهِ وَلَوْلَا كَلِمَةٌ سَبَقَتْ مِن رَّبِّكَ لَقُضِيَ بَيْنَهُمْ وَإِنَّهُمْ لَفِي شَكٍّ مِّنْهُ مُرِيبٍ,2,11:110|41:45,18
nfc,file,وَلَقَدْ أَرْسَلْنَا مُوسَىٰ بِآيَاتِنَا وَسُلْطَانٍ مُّبِينٍ,2,11:96|40:23,6
nfc,file,وَمَا تَأْتِيهِم مِّنْ آيَةٍ مِّنْ آيَاتِ رَبِّهِمْ إِلَّا كَانُوا عَنْهَا مُعْرِضِينَ,2,6:4|36:46,11
nfc,file,وَمَا ذَٰلِكَ عَلَى اللَّهِ بِعَزِيزٍ,2,14:20|35:17,5
nfc,file,وَنَزَعَ يَدَهُ فَإِذَا هِيَ بَيْضَاءُ لِلنَّاظِرِينَ,2,7:108|26:33,6
nfc,file,وَيَوْمَ يُنَادِيهِمْ فَيَقُولُ أَيْنَ شُرَكَائِيَ الَّذِينَ كُنتُمْ تَزْعُمُونَ,2,28:62|28:74,8
nfc,file,يَا أَيُّهَا النَّبِيُّ جَاهِدِ الْكُفَّارَ وَالْمُنَافِقِينَ وَاغْلُظْ عَلَيْهِمْ وَمَأْوَاهُمْ جَهَنَّمُ وَبِئْسَ الْمَصِيرُ,2,9:73|66:9,12
nfc,file,يَا بَنِي إِسْرَائِيلَ اذْكُرُوا نِعْمَتِيَ الَّتِي أَنْعَمْتُ عَلَيْكُمْ وَأَنِّي فَضَّلْتُكُمْ عَلَى الْعَالَمِينَ,2,2:47|2:122,12
nfc,numbered,أَفَبِعَذَابِنَا يَسْتَعْجِلُونَ,2,26:204|37:176,2
nfc,numbered,أَمْ تَسْأَلُهُمْ أَجْرًا فَهُم مِّن مَّغْرَمٍ مُّثْقَلُونَ,2,52:40|68:46,7
nfc,numbered,أَمْ عِندَهُمُ الْغَيْبُ فَهُمْ يَكْتُبُونَ,2,52:41|68:47,5
nfc,numbered,أَوَآبَاؤُنَا الْأَوَّلُونَ,2,37:17|56:48,2
nfc,numbered,أُولَـٰئِكَ عَلَىٰ هُدًى مِّن رَّبِّهِمْ وَأُولَـٰئِكَ هُمُ الْمُفْلِحُونَ,2,2:5|31:5,8
nfc,numbered,إِذَا تُتْلَىٰ عَلَيْهِ آيَاتُنَا قَالَ أَسَاطِيرُ الْأَوَّلِينَ,2,68:15|83:13,7
nfc,numbered,إِلَىٰ يَوْمِ الْوَقْتِ الْمَعْلُومِ,2,15:38|38:81,4
nfc,numbered,إِلَّا الَّذِينَ تَابُوا مِن بَعْدِ ذَٰلِكَ وَأَصْلَحُوا فَإِنَّ اللَّهَ غَفُورٌ رَّحِيمٌ,2,3:89|24:5,11
nfc,numbered,إِلَّا عَجُوزًا فِي الْغَابِرِينَ,2,26:171|37:135,4
nfc,numbered,إِلَّا عَلَىٰ أَزْوَاجِهِمْ أَوْ مَا مَلَكَتْ أَيْمَانُهُمْ فَإِنَّهُمْ غَيْرُ مَلُومِينَ,2,23:6|70:30,10
nfc,numbered,إِلَّا عِبَادَكَ مِنْهُمُ الْمُخْلَصِينَ,2,15:40|38:83,4
nfc,numbered,إِنَّ الْأَبْرَارَ لَفِي نَعِيمٍ,2,82:13|83:22,4
nfc,numbered,إِنَّ الْمُتَّقِينَ فِي جَنَّاتٍ وَعُيُونٍ,2,15:45|51:15,5
nfc,numbered,إِنَّ هَـٰذِهِ تَذْكِرَةٌ فَمَن شَاءَ اتَّخَذَ إِلَىٰ رَبِّهِ سَبِيلًا,2,73:19|76:29,9
nfc,numbered,إِنَّهُ لَقَوْلُ رَسُولٍ كَرِيمٍ,2,69:40|81:19,4
nfc,numbered,إِنْ هُوَ إِلَّا ذِكْرٌ لِّلْعَالَمِينَ,2,38:87|81:27,5
nfc,numbered,اذْهَبْ إِلَىٰ فِرْعَوْنَ إِنَّهُ طَغَىٰ,2,20:24|79:17,5
nfc,numbered,الَّذِينَ صَبَرُوا وَعَلَىٰ رَبِّهِمْ يَتَوَكَّلُونَ,2,16:42|29:59,5
nfc,numbered,الَّذِينَ يُقِيمُونَ الصَّلَاةَ وَيُؤْتُونَ الزَّكَاةَ وَهُم بِالْآخِرَةِ هُمْ يُوقِنُونَ,2,27:3|31:4,9
nfc,numbered,انظُرْ كَيْفَ ضَرَبُوا لَكَ الْأَمْثَالَ فَضَلُّوا فَلَا يَسْتَطِيعُونَ سَبِيلًا,2,17:48|25:9,9
nfc,numbered,بَلْ نَحْنُ مَحْرُومُونَ,2,56:67|68:27,3
nfc,numbered,تَنزِيلٌ مِّن رَّبِّ الْعَالَمِينَ,2,56:80|69:43,4
nfc,numbered,تِلْكَ آيَاتُ الْكِتَابِ الْمُبِينِ,2,26:2|28:2,4
nfc,numbered,تِلْكَ أُمَّةٌ قَدْ خَلَتْ لَهَا مَا كَسَبَتْ وَلَكُم مَّا كَسَبْتُمْ وَلَا تُسْأَلُونَ عَمَّا كَانُوا يَعْمَلُونَ,2,2:134|2:141,15
nfc,numbered,ثُلَّةٌ مِّنَ الْأَوَّلِينَ,2,56:13|56:39,3
nfc,numbered,ثُمَّ أَتْبَعَ سَبَبًا,2,18:89|18:92,3
nfc,numbered,ثُمَّ أَغْرَقْنَا الْآخَرِينَ,2,26:66|37:82,3
nfc,numbered,ثُمَّ دَمَّرْنَا الْآخَرِينَ,2,26:172|37:136,3
nfc,numbered,خَالِدِينَ فِيهَا لَا يُخَفَّفُ عَنْهُمُ الْعَذَابُ وَلَا هُمْ يُنظَرُونَ,2,2:162|3:88,9
nfc,numbered,ذَٰلِكَ بِمَا قَدَّمَتْ أَيْدِيكُمْ وَأَنَّ اللَّهَ لَيْسَ بِظَلَّامٍ لِّلْعَبِيدِ,2,3:182|8:51,9
nfc,numbered,رَبِّ مُوسَىٰ وَهَارُونَ,2,7:122|26:48,3
nfc,numbered,سَبَّحَ لِلَّهِ مَا فِي السَّمَاوَاتِ وَمَا فِي الْأَرْضِ وَهُوَ الْعَزِيزُ الْحَكِيمُ,2,59:1|61:1,11
nfc,numbered,طسم,2,26:1|28:1,1
nfc,numbered,عَلَى الْأَرَائِكِ يَنظُرُونَ,2,83:23|83:35,3
nfc,numbered,فَأَخَذَتْهُمُ الرَّجْفَةُ فَأَصْبَحُوا فِي دَارِهِمْ جَاثِمِينَ,2,7:78|7:91,6
nfc,numbered,فَأَلْقَىٰ عَصَاهُ فَإِذَا هِيَ ثُعْبَانٌ مُّبِينٌ,2,7:107|26:32,6
nfc,numbered,فَإِذَا سَوَّيْتُهُ وَنَفَخْتُ فِيهِ مِن رُّوحِي فَقَعُوا لَهُ سَاجِدِينَ,2,15:29|38:72,9
nfc,numbered,فَذَرْهُمْ يَخُوضُوا وَيَلْعَبُوا حَتَّىٰ يُلَاقُوا يَوْمَهُمُ الَّذِي يُوعَدُونَ,2,43:83|70:42,8
nfc,numbered,فَسَجَدَ الْمَلَائِكَةُ كُلُّهُمْ أَجْمَعُونَ,2,15:30|38:73,4
nfc,numbered,فَمَن شَاءَ ذَكَرَهُ,2,74:55|80:12,3
nfc,numbered,فَمَنِ ابْتَغَىٰ وَرَاءَ ذَٰلِكَ فَأُولَـٰئِكَ هُمُ الْعَادُونَ,2,23:7|70:31,7
nfc,numbered,فَهُوَ فِي عِيشَةٍ رَّاضِيَةٍ,2,69:21|101:7,4
nfc,numbered,فِي جَنَّاتٍ وَعُيُونٍ,2,26:147|44:52,3
nfc,numbered,فِي جَنَّاتِ النَّعِيمِ,2,37:43|56:12,3
nfc,numbered,فِي جَنَّةٍ عَالِيَةٍ,2,69:22|88:10,3
nfc,numbered,قَالَ رَبِّ انصُرْنِي بِمَا كَذَّبُونِ,2,23:26|23:39,5
nfc,numbered,قَالَ رَبِّ فَأَنظِرْنِي إِلَىٰ يَوْمِ يُبْعَثُونَ,2,15:36|38:79,6
nfc,numbered,قَالَ فَإِنَّكَ مِنَ الْمُنظَرِينَ,2,15:37|38:80,4
nfc,numbered,قَالَ فَاخْرُجْ مِنْهَا فَإِنَّكَ رَجِيمٌ,2,15:34|38:77,5
nfc,numbered,قَالَ فَمَا خَطْبُكُمْ أَيُّهَا الْمُرْسَلُونَ,2,15:57|51:31,5
nfc,numbered,قَالُوا آمَنَّا بِرَبِّ الْعَالَمِينَ,2,7:121|26:47,4
nfc,numbered,قَالُوا إِنَّا أُرْسِلْنَا إِلَىٰ قَوْمٍ مُّجْرِمِينَ,2,15:58|51:32,6
nfc,numbered,قَالُوا إِنَّمَا أَنتَ مِنَ الْمُسَحَّرِينَ,2,26:153|26:185,5
nfc,numbered,قُلْ إِنِّي أَخَافُ إِنْ عَصَيْتُ رَبِّي عَذَابَ يَوْمٍ عَظِيمٍ,2,6:15|39:13,9
nfc,numbered,كُلُوا وَاشْرَبُوا هَنِيئًا بِمَا كُنتُمْ تَعْمَلُونَ,2,52:19|77:43,6
nfc,numbered,كِتَابٌ مَّرْقُومٌ,2,83:9|83:20,2
nfc,numbered,لِيَكْفُرُوا بِمَا آتَيْنَاهُمْ فَتَمَتَّعُوا فَسَوْفَ تَعْلَمُونَ,2,16:55|30:34,6
nfc,numbered,مَا لَكُمْ كَيْفَ تَحْكُمُونَ,2,37:154|68:36,4
nfc,numbered,هُوَ الَّذِي أَرْسَلَ رَسُولَهُ بِالْهُدَىٰ وَدِينِ الْحَقِّ لِيُظْهِرَهُ عَلَى الدِّينِ كُلِّهِ وَلَوْ كَرِهَ الْمُشْرِكُونَ,2,9:33|61:9,14
nfc,numbered,وَأَذِنَتْ لِرَبِّهَا وَحُقَّتْ,2,84:2|84:5,3
nfc,numbered,وَأَقْبَلَ بَعْضُهُمْ عَلَىٰ بَعْضٍ يَتَسَاءَلُونَ,2,37:27|52:25,5
nfc,numbered,وَأَمْطَرْنَا عَلَيْهِم مَّطَرًا فَسَاءَ مَطَرُ الْمُنذَرِينَ,2,26:173|27:58,6
nfc,numbered,وَأُمْلِي لَهُمْ إِنَّ كَيْدِي مَتِينٌ,2,7:183|68:45,5
nfc,numbered,وَالَّذِينَ كَفَرُوا وَكَذَّبُوا بِآيَاتِنَا أُولَـٰئِكَ أَصْحَابُ الْجَحِيمِ,2,5:10|5:86,7
nfc,numbered,وَالَّذِينَ هُمْ لِأَمَانَاتِهِمْ وَعَهْدِهِمْ رَاعُونَ,2,23:8|70:32,5
nfc,numbered,وَالَّذِينَ هُمْ لِفُرُوجِهِمْ حَافِظُونَ,2,23:5|70:29,4
nfc,numbered,وَالْكِتَابِ الْمُبِينِ,2,43:2|44:2,2
nfc,numbered,وَلَا أَنتُمْ عَابِدُونَ مَا أَعْبُدُ,2,109:3|109:5,5
nfc,numbered,وَلَا يَحُضُّ عَلَىٰ طَعَامِ الْمِسْكِينِ,2,69:34|107:3,5
nfc,numbered,وَلَقَدِ اسْتُهْزِئَ بِرُسُلٍ مِّن قَبْلِكَ فَحَاقَ بِالَّذِينَ سَخِرُوا مِنْهُم مَّا كَانُوا بِهِ يَسْتَهْزِئُونَ,2,6:10|21:41,13
nfc,numbered,وَلَقَدْ آتَيْنَا مُوسَى الْكِتَابَ فَاخْتُلِفَ فِيهِ وَلَوْلَا كَلِمَةٌ سَبَقَتْ مِن رَّبِّكَ لَقُضِيَ بَيْنَهُمْ وَإِنَّهُمْ لَفِي شَكٍّ مِّنْهُ مُرِيبٍ,2,11:110|41:45,18
nfc,numbered,وَلَقَدْ أَرْسَلْنَا مُوسَىٰ بِآيَاتِنَا وَسُلْطَانٍ مُّبِينٍ,2,11:96|40:23,6
nfc,numbered,وَمَا تَأْتِيهِم مِّنْ آيَةٍ مِّنْ آيَاتِ رَبِّهِمْ إِلَّا كَانُوا عَنْهَا مُعْرِضِينَ,2,6:4|36:46,11
nfc,numbered,وَمَا ذَٰلِكَ عَلَى اللَّهِ بِعَزِيزٍ,2,14:20|35:17,5
nfc,numbered,وَنَزَعَ يَدَهُ فَإِذَا هِيَ بَيْضَاءُ لِلنَّاظِرِينَ,2,7:108|26:33,6
nfc,numbered,وَيَوْمَ يُنَادِيهِمْ فَيَقُولُ أَيْنَ شُرَكَائِيَ الَّذِينَ كُنتُمْ تَزْعُمُونَ,2,28:62|28:74,8
nfc,numbered,يَا أَيُّهَا النَّبِيُّ جَاهِدِ الْكُفَّارَ وَالْمُنَافِقِينَ وَاغْلُظْ عَلَيْهِمْ وَمَأْوَاهُمْ جَهَنَّمُ وَبِئْسَ الْمَصِيرُ,2,9:73|66:9,12
nfc,numbered,يَا بَنِي إِسْرَائِيلَ اذْكُرُوا نِعْمَتِيَ الَّتِي أَنْعَمْتُ عَلَيْكُمْ وَأَنِّي فَضَّلْتُكُمْ عَلَى الْعَالَمِينَ,2,2:47|2:122,12
plain,file,أفبعذابنا يستعجلون,2,26:204|37:176,2
plain,file,أم تسألهم أجرا فهم من مغرم مثقلون,2,52:40|68:46,7
plain,file,أم عندهم الغيب فهم يكتبون,2,52:41|68:47,5
plain,file,أوآباؤنا الأولون,2,37:17|56:48,2
plain,file,أولئك على هدى من ربهم وأولئك هم المفلحون,2,2:5|31:5,8
plain,file,إذا تتلى عليه آياتنا قال أساطير الأولين,2,68:15|83:13,7
plain,file,إلا الذين تابوا من بعد ذلك وأصلحوا فإن الله غفور رحيم,2,3:89|24:5,11
plain,file,إلا عبادك منهم المخلصين,2,15:40|38:83,4
plain,file,إلا عجوزا في الغابرين,2,26:171|37:135,4
plain,file,إلا على أزواجهم أو ما ملكت أيمانهم فإنهم غير ملومين,2,23:6|70:30,10
plain,file,إلى يوم الوقت المعلوم,2,15:38|38:81,4
plain,file,إن الأبرار لفي نعيم,2,82:13|83:22,4
plain,file,إن المتقين في جنات وعيون,2,15:45|51:15,5
plain,file,إن هذه تذكرة فمن شاء اتخذ إلى ربه سبيلا,2,73:19|76:29,9
plain,file,إن هو إلا ذكر للعالمين,2,38:87|81:27,5
plain,file,إنه لقول رسول كريم,2,69:40|81:19,4
plain,file,اذهب إلى فرعون إنه طغى,2,20:24|79:17,5
plain,file,الذين صبروا وعلى ربهم يتوكلون,2,16:42|29:59,5
plain,file,الذين يقيمون الصلاة ويؤتون الزكاة وهم بالآخرة هم يوقنون,2,27:3|31:4,9
plain,file,انظر كيف ضربوا لك الأمثال فضلوا فلا يستطيعون سبيلا,2,17:48|25:9,9
plain,file,بسم الله الرحمن الرحيم سبح لله ما في السماوات وما في الأرض وهو العزيز الحكيم,2,59:1|61:1,15
plain,file,بسم الله الرحمن الرحيم طسم,2,26:1|28:1,5
plain,file,بل نحن محرومون,2,56:67|68:27,3
plain,file,تلك آيات الكتاب المبين,2,26:2|28:2,4
plain,file,تلك أمة قد خلت لها ما كسبت ولكم ما كسبتم ولا تسألون عما كانوا يعملون,2,2:134|2:141,15
plain,file,تنزيل الكتاب من الله العزيز الحكيم,2,45:2|46:2,6
plain,file,تنزيل من رب العالمين,2,56:80|69:43,4
plain,file,ثلة من الأولين,2,56:13|56:39,3
plain,file,ثم أتبع سببا,2,18:89|18:92,3
plain,file,ثم أغرقنا الآخرين,2,26:66|37:82,3
plain,file,ثم دمرنا الآخرين,2,26:172|37:136,3
plain,file,خالدين فيها لا يخفف عنهم العذاب ولا هم ينظرون,2,2:162|3:88,9
plain,file,ذلك بما قدمت أيديكم وأن الله ليس بظلام للعبيد,2,3:182|8:51,9
plain,file,رب موسى وهارون,2,7:122|26:48,3
plain,file,على الأرائك ينظرون,2,83:23|83:35,3
plain,file,فأخذتهم الرجفة فأصبحوا في دارهم جاثمين,2,7:78|7:91,6
plain,file,فألقى عصاه فإذا هي ثعبان مبين,2,7:107|26:32,6
plain,file,فإذا سويته ونفخت فيه من روحي فقعوا له ساجدين,2,15:29|38:72,9
plain,file,فذرهم يخوضوا ويلعبوا حتى يلاقوا يومهم الذي يوعدون,2,43:83|70:42,8
plain,file,فسجد الملائكة كلهم أجمعون,2,15:30|38:73,4
plain,file,فمن ابتغى وراء ذلك فأولئك هم العادون,2,23:7|70:31,7
plain,file,فمن شاء ذكره,2,74:55|80:12,3
plain,file,فهو في عيشة راضية,2,69:21|101:7,4
plain,file,في جنات النعيم,2,37:43|56:12,3
plain,file,في جنات وعيون,2,26:147|44:52,3
plain,file,في جنة عالية,2,69:22|88:10,3
plain,file,قال رب انصرني بما كذبون,2,23:26|23:39,5
plain,file,قال رب فأنظرني إلى يوم يبعثون,2,15:36|38:79,6
plain,file,قال فإنك من المنظرين,2,15:37|38:80,4
plain,file,قال فاخرج منها فإنك رجيم,2,15:34|38:77,5
plain,file,قال فما خطبكم أيها المرسلون,2,15:57|51:31,5
plain,file,قالوا آمنا برب العالمين,2,7:121|26:47,4
plain,file,قالوا إنا أرسلنا إلى قوم مجرمين,2,15:58|51:32,6
plain,file,قالوا إنما أنت من المسحرين,2,26:153|26:185,5
plain,file,قل إني أخاف إن عصيت ربي عذاب يوم عظيم,2,6:15|39:13,9
plain,file,كتاب مرقوم,2,83:9|83:20,2
plain,file,كلوا واشربوا هنيئا بما كنتم تعملون,2,52:19|77:43,6
plain,file,ليكفروا بما آتيناهم فتمتعوا فسوف تعلمون,2,16:55|30:34,6
plain,file,ما تسبق من أمة أجلها وما يستأخرون,2,15:5|23:43,7
plain,file,ما لكم كيف تحكمون,2,37:154|68:36,4
plain,file,متاعا لكم ولأنعامكم,2,79:33|80:32,3
plain,file,هو الذي أرسل رسوله بالهدى ودين الحق ليظهره على الدين كله ولو كره المشركون,2,9:33|61:9,14
plain,file,وأذنت لربها وحقت,2,84:2|84:5,3
plain,file,وأقبل بعضهم على بعض يتساءلون,2,37:27|52:25,5
plain,file,وأمطرنا عليهم مطرا فساء مطر المنذرين,2,26:173|27:58,6
plain,file,وأملي لهم إن كيدي متين,2,7:183|68:45,5
plain,file,والذين كفروا وكذبوا بآياتنا أولئك أصحاب الجحيم,2,5:10|5:86,7
plain,file,والذين هم لأماناتهم وعهدهم راعون,2,23:8|70:32,5
plain,file,والذين هم لفروجهم حافظون,2,23:5|70:29,4
plain,file,والكتاب المبين,2,43:2|44:2,2
plain,file,ولا أنتم عابدون ما أعبد,2,109:3|109:5,5
plain,file,ولا يحض على طعام المسكين,2,69:34|107:3,5
plain,file,ولقد آتينا موسى الكتاب فاختلف فيه ولولا كلمة سبقت من ربك لقضي بينهم وإنهم لفي شك منه مريب,2,11:110|41:45,18
plain,file,ولقد أرسلنا موسى بآياتنا وسلطان مبين,2,11:96|40:23,6
plain,file,ولقد استهزئ برسل من قبلك فحاق بالذين سخروا منهم ما كانوا به يستهزئون,2,6:10|21:41,13
plain,file,وما تأتيهم من آية من آيات ربهم إلا كانوا عنها معرضين,2,6:4|36:46,11
plain,file,وما ذلك على الله بعزيز,2,14:20|35:17,5
plain,file,ونزع يده فإذا هي بيضاء للناظرين,2,7:108|26:33,6
plain,file,ويوم يناديهم فيقول أين شركائي الذين كنتم تزعمون,2,28:62|28:74,8
plain,file,يا أيها النبي جاهد الكفار والمنافقين واغلظ عليهم ومأواهم جهنم وبئس المصير,2,9:73|66:9,12
plain,file,يا بني إسرائيل اذكروا نعمتي التي أنعمت عليكم وأني فضلتكم على العالمين,2,2:47|2:122,12
plain,numbered,أفبعذابنا يستعجلون,2,26:204|37:176,2
plain,numbered,أم تسألهم أجرا فهم من مغرم مثقلون,2,52:40|68:46,7
plain,numbered,أم عندهم الغيب فهم يكتبون,2,52:41|68:47,5
plain,numbered,أوآباؤنا الأولون,2,37:17|56:48,2
plain,numbered,أولئك على هدى من ربهم وأولئك هم المفلحون,2,2:5|31:5,8
plain,numbered,إذا تتلى عليه آياتنا قال أساطير الأولين,2,68:15|83:13,7
plain,numbered,إلا الذين تابوا من بعد ذلك وأصلحوا فإن الله غفور رحيم,2,3:89|24:5,11
plain,numbered,إلا عبادك منهم المخلصين,2,15:40|38:83,4
plain,numbered,إلا عجوزا في الغابرين,2,26:171|37:135,4
plain,numbered,إلا على أزواجهم أو ما ملكت أيمانهم فإنهم غير ملومين,2,23:6|70:30,10
plain,numbered,إلى يوم الوقت المعلوم,2,15:38|38:81,4
plain,numbered,إن الأبرار لفي نعيم,2,82:13|83:22,4
plain,numbered,إن المتقين في جنات وعيون,2,15:45|51:15,5
plain,numbered,إن هذه تذكرة فمن شاء اتخذ إلى ربه سبيلا,2,73:19|76:29,9
plain,numbered,إن هو إلا ذكر للعالمين,2,38:87|81:27,5
plain,numbered,إنه لقول رسول كريم,2,69:40|81:19,4
plain,numbered,اذهب إلى فرعون إنه طغى,2,20:24|79:17,5
plain,numbered,الذين صبروا وعلى ربهم يتوكلون,2,16:42|29:59,5
plain,numbered,الذين يقيمون الصلاة ويؤتون الزكاة وهم بالآخرة هم يوقنون,2,27:3|31:4,9
plain,numbered,انظر كيف ضربوا لك الأمثال فضلوا فلا يستطيعون سبيلا,2,17:48|25:9,9
plain,numbered,بل نحن محرومون,2,56:67|68:27,3
plain,numbered,تلك آيات الكتاب المبين,2,26:2|28:2,4
plain,numbered,تلك أمة قد خلت لها ما كسبت ولكم ما كسبتم ولا تسألون عما كانوا يعملون,2,2:134|2:141,15
plain,numbered,تنزيل من رب العالمين,2,56:80|69:43,4
plain,numbered,ثلة من الأولين,2,56:13|56:39,3
plain,numbered,ثم أتبع سببا,2,18:89|18:92,3
plain,numbered,ثم أغرقنا الآخرين,2,26:66|37:82,3
plain,numbered,ثم دمرنا الآخرين,2,26:172|37:136,3
plain,numbered,خالدين فيها لا يخفف عنهم العذاب ولا هم ينظرون,2,2:162|3:88,9
plain,numbered,ذلك بما قدمت أيديكم وأن الله ليس بظلام للعبيد,2,3:182|8:51,9
plain,numbered,رب موسى وهارون,2,7:122|26:48,3
plain,numbered,سبح لله ما في السماوات وما في الأرض وهو العزيز الحكيم,2,59:1|61:1,11
plain,numbered,طسم,2,26:1|28:1,1
plain,numbered,على الأرائك ينظرون,2,83:23|83:35,3
plain,numbered,فأخذتهم الرجفة فأصبحوا في دارهم جاثمين,2,7:78|7:91,6
plain,numbered,فألقى عصاه فإذا هي ثعبان مبين,2,7:107|26:32,6
plain,numbered,فإذا سويته ونفخت فيه من روحي فقعوا له ساجدين,2,15:29|38:72,9
plain,numbered,فذرهم يخوضوا ويلعبوا حتى يلاقوا يومهم الذي يوعدون,2,43:83|70:42,8
plain,numbered,فسجد الملائكة كلهم أجمعون,2,15:30|38:73,4
plain,numbered,فمن ابتغى وراء ذلك فأولئك هم العادون,2,23:7|70:31,7
plain,numbered,فمن شاء ذكره,2,74:55|80:12,3
plain,numbered,فهو في عيشة راضية,2,69:21|101:7,4
plain,numbered,في جنات النعيم,2,37:43|56:12,3
plain,numbered,في جنات وعيون,2,26:147|44:52,3
plain,numbered,في جنة عالية,2,69:22|88:10,3
plain,numbered,قال رب انصرني بما كذبون,2,23:26|23:39,5
plain,numbered,قال رب فأنظرني إلى يوم يبعثون,2,15:36|38:79,6
plain,numbered,قال فإنك من المنظرين,2,15:37|38:80,4
plain,numbered,قال فاخرج منها فإنك رجيم,2,15:34|38:77,5
plain,numbered,قال فما خطبكم أيها المرسلون,2,15:57|51:31,5
plain,numbered,قالوا آمنا برب العالمين,2,7:121|26:47,4
plain,numbered,قالوا إنا أرسلنا إلى قوم مجرمين,2,15:58|51:32,6
plain,numbered,قالوا إنما أنت من المسحرين,2,26:153|26:185,5
plain,numbered,قل إني أخاف إن عصيت ربي عذاب يوم عظيم,2,6:15|39:13,9
plain,numbered,كتاب مرقوم,2,83:9|83:20,2
plain,numbered,كلوا واشربوا هنيئا بما كنتم تعملون,2,52:19|77:43,6
plain,numbered,ليكفروا بما آتيناهم فتمتعوا فسوف تعلمون,2,16:55|30:34,6
plain,numbered,ما تسبق من أمة أجلها وما يستأخرون,2,15:5|23:43,7
plain,numbered,ما لكم كيف تحكمون,2,37:154|68:36,4
plain,numbered,متاعا لكم ولأنعامكم,2,79:33|80:32,3
plain,numbered,هو الذي أرسل رسوله بالهدى ودين الحق ليظهره على الدين كله ولو كره المشركون,2,9:33|61:9,14
plain,numbered,وأذنت لربها وحقت,2,84:2|84:5,3
plain,numbered,وأقبل بعضهم على بعض يتساءلون,2,37:27|52:25,5
plain,numbered,وأمطرنا عليهم مطرا فساء مطر المنذرين,2,26:173|27:58,6
plain,numbered,وأملي لهم إن كيدي متين,2,7:183|68:45,5
plain,numbered,والذين كفروا وكذبوا بآياتنا أولئك أصحاب الجحيم,2,5:10|5:86,7
plain,numbered,والذين هم لأماناتهم وعهدهم راعون,2,23:8|70:32,5
plain,numbered,والذين هم لفروجهم حافظون,2,23:5|70:29,4
plain,numbered,والكتاب المبين,2,43:2|44:2,2
plain,numbered,ولا أنتم عابدون ما أعبد,2,109:3|109:5,5
plain,numbered,ولا يحض على طعام المسكين,2,69:34|107:3,5
plain,numbered,ولقد آتينا موسى الكتاب فاختلف فيه ولولا كلمة سبقت من ربك لقضي بينهم وإنهم لفي شك منه مريب,2,11:110|41:45,18
plain,numbered,ولقد أرسلنا موسى بآياتنا وسلطان مبين,2,11:96|40:23,6
plain,numbered,ولقد استهزئ برسل من قبلك فحاق بالذين سخروا منهم ما كانوا به يستهزئون,2,6:10|21:41,13
plain,numbered,وما تأتيهم من آية من آيات ربهم إلا كانوا عنها معرضين,2,6:4|36:46,11
plain,numbered,وما ذلك على الله بعزيز,2,14:20|35:17,5
plain,numbered,ونزع يده فإذا هي بيضاء للناظرين,2,7:108|26:33,6
plain,numbered,ويوم يناديهم فيقول أين شركائي الذين كنتم تزعمون,2,28:62|28:74,8
plain,numbered,يا أيها النبي جاهد الكفار والمنافقين واغلظ عليهم ومأواهم جهنم وبئس المصير,2,9:73|66:9,12
plain,numbered,يا بني إسرائيل اذكروا نعمتي التي أنعمت عليكم وأني فضلتكم على العالمين,2,2:47|2:122,12
raw,file,أَفَبِعَذَابِنَا يَسْتَعْجِلُونَ,2,26:204|37:176,2
raw,file,أَمْ تَسْأَلُهُمْ أَجْرًا فَهُم مِّن مَّغْرَمٍ مُّثْقَلُونَ,2,52:40|68:46,7
raw,file,أَمْ عِندَهُمُ الْغَيْبُ فَهُمْ يَكْتُبُونَ,2,52:41|68:47,5
raw,file,أَوَآبَاؤُنَا الْأَوَّلُونَ,2,37:17|56:48,2
raw,file,أُولَـٰئِكَ عَلَىٰ هُدًى مِّن رَّبِّهِمْ ۖ وَأُولَـٰئِكَ هُمُ الْمُفْلِحُونَ,2,2:5|31:5,8
raw,file,إِذَا تُتْلَىٰ عَلَيْهِ آيَاتُنَا قَالَ أَسَاطِيرُ الْأَوَّلِينَ,2,68:15|83:13,7
raw,file,إِلَىٰ يَوْمِ الْوَقْتِ الْمَعْلُومِ,2,15:38|38:81,4
raw,file,إِلَّا الَّذِينَ تَابُوا مِن بَعْدِ ذَٰلِكَ وَأَصْلَحُوا فَإِنَّ اللَّهَ غَفُورٌ رَّحِيمٌ,2,3:89|24:5,11
raw,file,إِلَّا عَجُوزًا فِي الْغَابِرِينَ,2,26:171|37:135,4
raw,file,إِلَّا عَلَىٰ أَزْوَاجِهِمْ أَوْ مَا مَلَكَتْ أَيْمَانُهُمْ فَإِنَّهُمْ غَيْرُ مَلُومِينَ,2,23:6|70:30,10
raw,file,إِلَّا عِبَادَكَ مِنْهُمُ الْمُخْلَصِينَ,2,15:40|38:83,4
raw,file,إِنَّ الْأَبْرَارَ لَفِي نَعِيمٍ,2,82:13|83:22,4
raw,file,إِنَّ الْمُتَّقِينَ فِي جَنَّاتٍ وَعُيُونٍ,2,15:45|51:15,5
raw,file,إِنَّ هَـٰذِهِ تَذْكِرَةٌ ۖ فَمَن شَاءَ اتَّخَذَ إِلَىٰ رَبِّهِ سَبِيلًا,2,73:19|76:29,9
raw,file,إِنَّهُ لَقَوْلُ رَسُولٍ كَرِيمٍ,2,69:40|81:19,4
raw,file,إِنْ هُوَ إِلَّا ذِكْرٌ لِّلْعَالَمِينَ,2,38:87|81:27,5
raw,file,اذْهَبْ إِلَىٰ فِرْعَوْنَ إِنَّهُ طَغَىٰ,2,20:24|79:17,5
raw,file,الَّذِينَ صَبَرُوا وَعَلَىٰ رَبِّهِمْ يَتَوَكَّلُونَ,2,16:42|29:59,5
raw,file,الَّذِينَ يُقِيمُونَ الصَّلَاةَ وَيُؤْتُونَ الزَّكَاةَ وَهُم بِالْآخِرَةِ هُمْ يُوقِنُونَ,2,27:3|31:4,9
raw,file,انظُرْ كَيْفَ ضَرَبُوا لَكَ الْأَمْثَالَ فَضَلُّوا فَلَا يَسْتَطِيعُونَ سَبِيلًا,2,17:48|25:9,9
raw,file,بَلْ نَحْنُ مَحْرُومُونَ,2,56:67|68:27,3
raw,file,بِسْمِ اللَّهِ الرَّحْمَـٰنِ الرَّحِيمِ سَبَّحَ لِلَّهِ مَا فِي السَّمَاوَاتِ وَمَا فِي الْأَرْضِ ۖ وَهُوَ الْعَزِيزُ الْحَكِيمُ,2,59:1|61:1,15
raw,file,بِسْمِ اللَّهِ الرَّحْمَـٰنِ الرَّحِيمِ طسم,2,26:1|28:1,5
raw,file,تَنزِيلٌ مِّن رَّبِّ الْعَالَمِينَ,2,56:80|69:43,4
raw,file,تَنزِيلُ الْكِتَابِ مِنَ اللَّهِ الْعَزِيزِ الْحَكِيمِ,2,45:2|46:2,6
raw,file,تِلْكَ آيَاتُ الْكِتَابِ الْمُبِينِ,2,26:2|28:2,4
raw,file,تِلْكَ أُمَّةٌ قَدْ خَلَتْ ۖ لَهَا مَا كَسَبَتْ وَلَكُم مَّا كَسَبْتُمْ ۖ وَلَا تُسْأَلُونَ عَمَّا كَانُوا يَعْمَلُونَ,2,2:134|2:141,15
raw,file,ثُلَّةٌ مِّنَ الْأَوَّلِينَ,2,56:13|56:39,3
raw,file,ثُمَّ أَتْبَعَ سَبَبًا,2,18:89|18:92,3
raw,file,ثُمَّ أَغْرَقْنَا الْآخَرِينَ,2,26:66|37:82,3
raw,file,ثُمَّ دَمَّرْنَا الْآخَرِينَ,2,26:172|37:136,3
raw,file,ذَٰلِكَ بِمَا قَدَّمَتْ أَيْدِيكُمْ وَأَنَّ اللَّهَ لَيْسَ بِظَلَّامٍ لِّلْعَبِيدِ,2,3:182|8:51,9
raw,file,رَبِّ مُوسَىٰ وَهَارُونَ,2,7:122|26:48,3
raw,file,عَلَى الْأَرَائِكِ يَنظُرُونَ,2,83:23|83:35,3
raw,file,فَأَخَذَتْهُمُ الرَّجْفَةُ فَأَصْبَحُوا فِي دَارِهِمْ جَاثِمِينَ,2,7:78|7:91,6
raw,file,فَأَلْقَىٰ عَصَاهُ فَإِذَا هِيَ ثُعْبَانٌ مُّبِينٌ,2,7:107|26:32,6
raw,file,فَإِذَا سَوَّيْتُهُ وَنَفَخْتُ فِيهِ مِن رُّوحِي فَقَعُوا لَهُ سَاجِدِينَ,2,15:29|38:72,9
raw,file,فَذَرْهُمْ يَخُوضُوا وَيَلْعَبُوا حَتَّىٰ يُلَاقُوا يَوْمَهُمُ الَّذِي يُوعَدُونَ,2,43:83|70:42,8
raw,file,فَسَجَدَ الْمَلَائِكَةُ كُلُّهُمْ أَجْمَعُونَ,2,15:30|38:73,4
raw,file,فَمَن شَاءَ ذَكَرَهُ,2,74:55|80:12,3
raw,file,فَمَنِ ابْتَغَىٰ وَرَاءَ ذَٰلِكَ فَأُولَـٰئِكَ هُمُ الْعَادُونَ,2,23:7|70:31,7
raw,file,فَهُوَ فِي عِيشَةٍ رَّاضِيَةٍ,2,69:21|101:7,4
raw,file,فِي جَنَّاتٍ وَعُيُونٍ,2,26:147|44:52,3
raw,file,فِي جَنَّاتِ النَّعِيمِ,2,37:43|56:12,3
raw,file,فِي جَنَّةٍ عَالِيَةٍ,2,69:22|88:10,3
raw,file,قَالَ رَبِّ انصُرْنِي بِمَا كَذَّبُونِ,2,23:26|23:39,5
raw,file,قَالَ رَبِّ فَأَنظِرْنِي إِلَىٰ يَوْمِ يُبْعَثُونَ,2,15:36|38:79,6
raw,file,قَالَ فَإِنَّكَ مِنَ الْمُنظَرِينَ,2,15:37|38:80,4
raw,file,قَالَ فَاخْرُجْ مِنْهَا فَإِنَّكَ رَجِيمٌ,2,15:34|38:77,5
raw,file,قَالُوا آمَنَّا بِرَبِّ الْعَالَمِينَ,2,7:121|26:47,4
raw,file,قَالُوا إِنَّا أُرْسِلْنَا إِلَىٰ قَوْمٍ مُّجْرِمِينَ,2,15:58|51:32,6
raw,file,قَالُوا إِنَّمَا أَنتَ مِنَ الْمُسَحَّرِينَ,2,26:153|26:185,5
raw,file,قُلْ إِنِّي أَخَافُ إِنْ عَصَيْتُ رَبِّي عَذَابَ يَوْمٍ عَظِيمٍ,2,6:15|39:13,9
raw,file,كُلُوا وَاشْرَبُوا هَنِيئًا بِمَا كُنتُمْ تَعْمَلُونَ,2,52:19|77:43,6
raw,file,كِتَابٌ مَّرْقُومٌ,2,83:9|83:20,2
raw,file,مَا لَكُمْ كَيْفَ تَحْكُمُونَ,2,37:154|68:36,4
raw,file,هُوَ الَّذِي أَرْسَلَ رَسُولَهُ بِالْهُدَىٰ وَدِينِ الْحَقِّ لِيُظْهِرَهُ عَلَى الدِّينِ كُلِّهِ وَلَوْ كَرِهَ الْمُشْرِكُونَ,2,9:33|61:9,14
raw,file,وَأَذِنَتْ لِرَبِّهَا وَحُقَّتْ,2,84:2|84:5,3
raw,file,وَأَقْبَلَ بَعْضُهُمْ عَلَىٰ بَعْضٍ يَتَسَاءَلُونَ,2,37:27|52:25,5
raw,file,وَأَمْطَرْنَا عَلَيْهِم مَّطَرًا ۖ فَسَاءَ مَطَرُ الْمُنذَرِينَ,2,26:173|27:58,6
raw,file,وَأُمْلِي لَهُمْ ۚ إِنَّ كَيْدِي مَتِينٌ,2,7:183|68:45,5
raw,file,وَالَّذِينَ كَفَرُوا وَكَذَّبُوا بِآيَاتِنَا أُولَـٰئِكَ أَصْحَابُ الْجَحِيمِ,2,5:10|5:86,7
raw,file,وَالَّذِينَ هُمْ لِأَمَانَاتِهِمْ وَعَهْدِهِمْ رَاعُونَ,2,23:8|70:32,5
raw,file,وَالَّذِينَ هُمْ لِفُرُوجِهِمْ حَافِظُونَ,2,23:5|70:29,4
raw,file,وَالْكِتَابِ الْمُبِينِ,2,43:2|44:2,2
raw,file,وَلَا أَنتُمْ عَابِدُونَ مَا أَعْبُدُ,2,109:3|109:5,5
raw,file,وَلَا يَحُضُّ عَلَىٰ طَعَامِ الْمِسْكِينِ,2,69:34|107:3,5
raw,file,وَلَقَدِ اسْتُهْزِئَ بِرُسُلٍ مِّن قَبْلِكَ فَحَاقَ بِالَّذِينَ سَخِرُوا مِنْهُم مَّا كَانُوا بِهِ يَسْتَهْزِئُونَ,2,6:10|21:41,13
raw,file,وَلَقَدْ أَرْسَلْنَا مُوسَىٰ بِآيَاتِنَا وَسُلْطَانٍ مُّبِينٍ,2,11:96|40:23,6
raw,file,وَمَا تَأْتِيهِم مِّنْ آيَةٍ مِّنْ آيَاتِ رَبِّهِمْ إِلَّا كَانُوا عَنْهَا مُعْرِضِينَ,2,6:4|36:46,11
raw,file,وَمَا ذَٰلِكَ عَلَى اللَّهِ بِعَزِيزٍ,2,14:20|35:17,5
raw,file,وَنَزَعَ يَدَهُ فَإِذَا هِيَ بَيْضَاءُ لِلنَّاظِرِينَ,2,7:108|26:33,6
raw,file,وَيَوْمَ يُنَادِيهِمْ فَيَقُولُ أَيْنَ شُرَكَائِيَ الَّذِينَ كُنتُمْ تَزْعُمُونَ,2,28:62|28:74,8
raw,file,يَا أَيُّهَا النَّبِيُّ جَاهِدِ الْكُفَّارَ وَالْمُنَافِقِينَ وَاغْلُظْ عَلَيْهِمْ ۚ وَمَأْوَاهُمْ جَهَنَّمُ ۖ وَبِئْسَ الْمَصِيرُ,2,9:73|66:9,12
raw,file,يَا بَنِي إِسْرَائِيلَ اذْكُرُوا نِعْمَتِيَ الَّتِي أَنْعَمْتُ عَلَيْكُمْ وَأَنِّي فَضَّلْتُكُمْ عَلَى الْعَالَمِينَ,2,2:47|2:122,12
raw,numbered,أَفَبِعَذَابِنَا يَسْتَعْجِلُونَ,2,26:204|37:176,2
raw,numbered,أَمْ تَسْأَلُهُمْ أَجْرًا فَهُم مِّن مَّغْرَمٍ مُّثْقَلُونَ,2,52:40|68:46,7
raw,numbered,أَمْ عِندَهُمُ الْغَيْبُ فَهُمْ يَكْتُبُونَ,2,52:41|68:47,5
raw,numbered,أَوَآبَاؤُنَا الْأَوَّلُونَ,2,37:17|56:48,2
raw,numbered,أُولَـٰئِكَ عَلَىٰ هُدًى مِّن رَّبِّهِمْ وَأُولَـٰئِكَ هُمُ الْمُفْلِحُونَ,2,2:5|31:5,8
raw,numbered,إِذَا تُتْلَىٰ عَلَيْهِ آيَاتُنَا قَالَ أَسَاطِيرُ الْأَوَّلِينَ,2,68:15|83:13,7
raw,numbered,إِلَىٰ يَوْمِ الْوَقْتِ الْمَعْلُومِ,2,15:38|38:81,4
raw,numbered,إِلَّا الَّذِينَ تَابُوا مِن بَعْدِ ذَٰلِكَ وَأَصْلَحُوا فَإِنَّ اللَّهَ غَفُورٌ رَّحِيمٌ,2,3:89|24:5,11
raw,numbered,إِلَّا عَجُوزًا فِي الْغَابِرِينَ,2,26:171|37:135,4
raw,numbered,إِلَّا عَلَىٰ أَزْوَاجِهِمْ أَوْ مَا مَلَكَتْ أَيْمَانُهُمْ فَإِنَّهُمْ غَيْرُ مَلُومِينَ,2,23:6|70:30,10
raw,numbered,إِلَّا عِبَادَكَ مِنْهُمُ الْمُخْلَصِينَ,2,15:40|38:83,4
raw,numbered,إِنَّ الْأَبْرَارَ لَفِي نَعِيمٍ,2,82:13|83:22,4
raw,numbered,إِنَّ الْمُتَّقِينَ فِي جَنَّاتٍ وَعُيُونٍ,2,15:45|51:15,5
raw,numbered,إِنَّ هَـٰذِهِ تَذْكِرَةٌ فَمَن شَاءَ اتَّخَذَ إِلَىٰ رَبِّهِ سَبِيلًا,2,73:19|76:29,9
raw,numbered,إِنَّهُ لَقَوْلُ رَسُولٍ كَرِيمٍ,2,69:40|81:19,4
raw,numbered,إِنْ هُوَ إِلَّا ذِكْرٌ لِّلْعَالَمِينَ,2,38:87|81:27,5
raw,numbered,اذْهَبْ إِلَىٰ فِرْعَوْنَ إِنَّهُ طَغَىٰ,2,20:24|79:17,5
raw,numbered,الَّذِينَ صَبَرُوا وَعَلَىٰ رَبِّهِمْ يَتَوَكَّلُونَ,2,16:42|29:59,5
raw,numbered,الَّذِينَ يُقِيمُونَ الصَّلَاةَ وَيُؤْتُونَ الزَّكَاةَ وَهُم بِالْآخِرَةِ هُمْ يُوقِنُونَ,2,27:3|31:4,9
raw,numbered,انظُرْ كَيْفَ ضَرَبُوا لَكَ الْأَمْثَالَ فَضَلُّوا فَلَا يَسْتَطِيعُونَ سَبِيلًا,2,17:48|25:9,9
raw,numbered,بَلْ نَحْنُ مَحْرُومُونَ,2,56:67|68:27,3
raw,numbered,تَنزِيلٌ مِّن رَّبِّ الْعَالَمِينَ,2,56:80|69:43,4
raw,numbered,تِلْكَ آيَاتُ الْكِتَابِ الْمُبِينِ,2,26:2|28:2,4
raw,numbered,تِلْكَ أُمَّةٌ قَدْ خَلَتْ لَهَا مَا كَسَبَتْ وَلَكُم مَّا كَسَبْتُمْ وَلَا تُسْأَلُونَ عَمَّا كَانُوا يَعْمَلُونَ,2,2:134|2:141,15
raw,numbered,ثُلَّةٌ مِّنَ الْأَوَّلِينَ,2,56:13|56:39,3
raw,numbered,ثُمَّ أَتْبَعَ سَبَبًا,2,18:89|18:92,3
raw,numbered,ثُمَّ أَغْرَقْنَا الْآخَرِينَ,2,26:66|37:82,3
raw,numbered,ثُمَّ دَمَّرْنَا الْآخَرِينَ,2,26:172|37:136,3
raw,numbered,خَالِدِينَ فِيهَا لَا يُخَفَّفُ عَنْهُمُ الْعَذَابُ وَلَا هُمْ يُنظَرُونَ,2,2:162|3:88,9
raw,numbered,ذَٰلِكَ بِمَا قَدَّمَتْ أَيْدِيكُمْ وَأَنَّ اللَّهَ لَيْسَ بِظَلَّامٍ لِّلْعَبِيدِ,2,3:182|8:51,9
raw,numbered,رَبِّ مُوسَىٰ وَهَارُونَ,2,7:122|26:48,3
raw,numbered,سَبَّحَ لِلَّهِ مَا فِي السَّمَاوَاتِ وَمَا فِي الْأَرْضِ وَهُوَ الْعَزِيزُ الْحَكِيمُ,2,59:1|61:1,11
raw,numbered,طسم,2,26:1|28:1,1
raw,numbered,عَلَى الْأَرَائِكِ يَنظُرُونَ,2,83:23|83:35,3
raw,numbered,فَأَخَذَتْهُمُ الرَّجْفَةُ فَأَصْبَحُوا فِي دَارِهِمْ جَاثِمِينَ,2,7:78|7:91,6
raw,numbered,فَأَلْقَىٰ عَصَاهُ فَإِذَا هِيَ ثُعْبَانٌ مُّبِينٌ,2,7:107|26:32,6
raw,numbered,فَإِذَا سَوَّيْتُهُ وَنَفَخْتُ فِيهِ مِن رُّوحِي فَقَعُوا لَهُ سَاجِدِينَ,2,15:29|38:72,9
raw,numbered,فَذَرْهُمْ يَخُوضُوا وَيَلْعَبُوا حَتَّىٰ يُلَاقُوا يَوْمَهُمُ الَّذِي يُوعَدُونَ,2,43:83|70:42,8
raw,numbered,فَسَجَدَ الْمَلَائِكَةُ كُلُّهُمْ أَجْمَعُونَ,2,15:30|38:73,4
raw,numbered,فَمَن شَاءَ ذَكَرَهُ,2,74:55|80:12,3
raw,numbered,فَمَنِ ابْتَغَىٰ وَرَاءَ ذَٰلِكَ فَأُولَـٰئِكَ هُمُ الْعَادُونَ,2,23:7|70:31,7
raw,numbered,فَهُوَ فِي عِيشَةٍ رَّاضِيَةٍ,2,69:21|101:7,4
raw,numbered,فِي جَنَّاتٍ وَعُيُونٍ,2,26:147|44:52,3
raw,numbered,فِي جَنَّاتِ النَّعِيمِ,2,37:43|56:12,3
raw,numbered,فِي جَنَّةٍ عَالِيَةٍ,2,69:22|88:10,3
raw,numbered,قَالَ رَبِّ انصُرْنِي بِمَا كَذَّبُونِ,2,23:26|23:39,5
raw,numbered,قَالَ رَبِّ فَأَنظِرْنِي إِلَىٰ يَوْمِ يُبْعَثُونَ,2,15:36|38:79,6
raw,numbered,قَالَ فَإِنَّكَ مِنَ الْمُنظَرِينَ,2,15:37|38:80,4
raw,numbered,قَالَ فَاخْرُجْ مِنْهَا فَإِنَّكَ رَجِيمٌ,2,15:34|38:77,5
raw,numbered,قَالَ فَمَا خَطْبُكُمْ أَيُّهَا الْمُرْسَلُونَ,2,15:57|51:31,5
raw,numbered,قَالُوا آمَنَّا بِرَبِّ الْعَالَمِينَ,2,7:121|26:47,4
raw,numbered,قَالُوا إِنَّا أُرْسِلْنَا إِلَىٰ قَوْمٍ مُّجْرِمِينَ,2,15:58|51:32,6
raw,numbered,قَالُوا إِنَّمَا أَنتَ مِنَ الْمُسَحَّرِينَ,2,26:153|26:185,5
raw,numbered,قُلْ إِنِّي أَخَافُ إِنْ عَصَيْتُ رَبِّي عَذَابَ يَوْمٍ عَظِيمٍ,2,6:15|39:13,9
raw,numbered,كُلُوا وَاشْرَبُوا هَنِيئًا بِمَا كُنتُمْ تَعْمَلُونَ,2,52:19|77:43,6
raw,numbered,كِتَابٌ مَّرْقُومٌ,2,83:9|83:20,2
raw,numbered,لِيَكْفُرُوا بِمَا آتَيْنَاهُمْ فَتَمَتَّعُوا فَسَوْفَ تَعْلَمُونَ,2,16:55|30:34,6
raw,numbered,مَا لَكُمْ كَيْفَ تَحْكُمُونَ,2,37:154|68:36,4
raw,numbered,هُوَ الَّذِي أَرْسَلَ رَسُولَهُ بِالْهُدَىٰ وَدِينِ الْحَقِّ لِيُظْهِرَهُ عَلَى الدِّينِ كُلِّهِ وَلَوْ كَرِهَ الْمُشْرِكُونَ,2,9:33|61:9,14
raw,numbered,وَأَذِنَتْ لِرَبِّهَا وَحُقَّتْ,2,84:2|84:5,3
raw,numbered,وَأَقْبَلَ بَعْضُهُمْ عَلَىٰ بَعْضٍ يَتَسَاءَلُونَ,2,37:27|52:25,5
raw,numbered,وَأَمْطَرْنَا عَلَيْهِم مَّطَرًا فَسَاءَ مَطَرُ الْمُنذَرِينَ,2,26:173|27:58,6
raw,numbered,وَأُمْلِي لَهُمْ إِنَّ كَيْدِي مَتِينٌ,2,7:183|68:45,5
raw,numbered,وَالَّذِينَ كَفَرُوا وَكَذَّبُوا بِآيَاتِنَا أُولَـٰئِكَ أَصْحَابُ الْجَحِيمِ,2,5:10|5:86,7
raw,numbered,وَالَّذِينَ هُمْ لِأَمَانَاتِهِمْ وَعَهْدِهِمْ رَاعُونَ,2,23:8|70:32,5
raw,numbered,وَالَّذِينَ هُمْ لِفُرُوجِهِمْ حَافِظُونَ,2,23:5|70:29,4
raw,numbered,وَالْكِتَابِ الْمُبِينِ,2,43:2|44:2,2
raw,numbered,وَلَا أَنتُمْ عَابِدُونَ مَا أَعْبُدُ,2,109:3|109:5,5
raw,numbered,وَلَا يَحُضُّ عَلَىٰ طَعَامِ الْمِسْكِينِ,2,69:34|107:3,5
raw,numbered,وَلَقَدِ اسْتُهْزِئَ بِرُسُلٍ مِّن قَبْلِكَ فَحَاقَ بِالَّذِينَ سَخِرُوا مِنْهُم مَّا كَانُوا بِهِ يَسْتَهْزِئُونَ,2,6:10|21:41,13
raw,numbered,وَلَقَدْ آتَيْنَا مُوسَى الْكِتَابَ فَاخْتُلِفَ فِيهِ وَلَوْلَا كَلِمَةٌ سَبَقَتْ مِن رَّبِّكَ لَقُضِيَ بَيْنَهُمْ وَإِنَّهُمْ لَفِي شَكٍّ مِّنْهُ مُرِيبٍ,2,11:110|41:45,18
raw,numbered,وَلَقَدْ أَرْسَلْنَا مُوسَىٰ بِآيَاتِنَا وَسُلْطَانٍ مُّبِينٍ,2,11:96|40:23,6
raw,numbered,وَمَا تَأْتِيهِم مِّنْ آيَةٍ مِّنْ آيَاتِ رَبِّهِمْ إِلَّا كَانُوا عَنْهَا مُعْرِضِينَ,2,6:4|36:46,11
raw,numbered,وَمَا ذَٰلِكَ عَلَى اللَّهِ بِعَزِيزٍ,2,14:20|35:17,5
raw,numbered,وَنَزَعَ يَدَهُ فَإِذَا هِيَ بَيْضَاءُ لِلنَّاظِرِينَ,2,7:108|26:33,6
raw,numbered,وَيَوْمَ يُنَادِيهِمْ فَيَقُولُ أَيْنَ شُرَكَائِيَ الَّذِينَ كُنتُمْ تَزْعُمُونَ,2,28:62|28:74,8
raw,numbered,يَا أَيُّهَا النَّبِيُّ جَاهِدِ الْكُفَّارَ وَالْمُنَافِقِينَ وَاغْلُظْ عَلَيْهِمْ وَمَأْوَاهُمْ جَهَنَّمُ وَبِئْسَ الْمَصِيرُ,2,9:73|66:9,12
raw,numbered,يَا بَنِي إِسْرَائِيلَ اذْكُرُوا نِعْمَتِيَ الَّتِي أَنْعَمْتُ عَلَيْكُمْ وَأَنِّي فَضَّلْتُكُمْ عَلَى الْعَالَمِينَ,2,2:47|2:122,12
search,file,اذا تتلي عليه اياتنا قال اساطير الاولين,2,68:15|83:13,7
search,file,اذهب الي فرعون انه طغي,2,20:24|79:17,5
search,file,افبعذابنا يستعجلون,2,26:204|37:176,2
search,file,الا الذين تابوا من بعد ذلك واصلحوا فان الله غفور رحيم,2,3:89|24:5,11
search,file,الا عبادك منهم المخلصين,2,15:40|38:83,4
search,file,الا عجوزا في الغابرين,2,26:171|37:135,4
search,file,الا علي ازواجهم او ما ملكت ايمانهم فانهم غير ملومين,2,23:6|70:30,10
search,file,الذين صبروا وعلي ربهم يتوكلون,2,16:42|29:59,5
search,file,الذين يقيمون الصلاة ويؤتون الزكاة وهم بالاخرة هم يوقنون,2,27:3|31:4,9
search,file,الي يوم الوقت المعلوم,2,15:38|38:81,4
search,file,ام تسالهم اجرا فهم من مغرم مثقلون,2,52:40|68:46,7
search,file,ام عندهم الغيب فهم يكتبون,2,52:41|68:47,5
search,file,ان الابرار لفي نعيم,2,82:13|83:22,4
search,file,ان المتقين في جنات وعيون,2,15:45|51:15,5
search,file,ان هذه تذكرة فمن شاء اتخذ الي ربه سبيلا,2,73:19|76:29,9
search,file,ان هو الا ذكر للعالمين,2,38:87|81:27,5
search,file,انظر كيف ضربوا لك الامثال فضلوا فلا يستطيعون سبيلا,2,17:48|25:9,9
search,file,انه لقول رسول كريم,2,69:40|81:19,4
search,file,اواباؤنا الاولون,2,37:17|56:48,2
search,file,اولئك علي هدي من ربهم واولئك هم المفلحون,2,2:5|31:5,8
search,file,بسم الله الرحمن الرحيم سبح لله ما في السماوات وما في الارض وهو العزيز الحكيم,2,59:1|61:1,15
search,file,بسم الله الرحمن الرحيم طسم,2,26:1|28:1,5
search,file,بل نحن محرومون,2,56:67|68:27,3
search,file,تلك امة قد خلت لها ما كسبت ولكم ما كسبتم ولا تسالون عما كانوا يعملون,2,2:134|2:141,15
search,file,تلك ايات الكتاب المبين,2,26:2|28:2,4
search,file,تنزيل الكتاب من الله العزيز الحكيم,2,45:2|46:2,6
search,file,تنزيل من رب العالمين,2,56:80|69:43,4
search,file,ثلة من الاولين,2,56:13|56:39,3
search,file,ثم اتبع سببا,2,18:89|18:92,3
search,file,ثم اغرقنا الاخرين,2,26:66|37:82,3
search,file,ثم دمرنا الاخرين,2,26:172|37:136,3
search,file,خالدين فيها لا يخفف عنهم العذاب ولا هم ينظرون,2,2:162|3:88,9
search,file,ذلك بما قدمت ايديكم وان الله ليس بظلام للعبيد,2,3:182|8:51,9
search,file,رب موسي وهارون,2,7:122|26:48,3
search,file,علي الارائك ينظرون,2,83:23|83:35,3
search,file,فاخذتهم الرجفة فاصبحوا في دارهم جاثمين,2,7:78|7:91,6
search,file,فاذا سويته ونفخت فيه من روحي فقعوا له ساجدين,2,15:29|38:72,9
search,file,فالقي عصاه فاذا هي ثعبان مبين,2,7:107|26:32,6
search,file,فذرهم يخوضوا ويلعبوا حتي يلاقوا يومهم الذي يوعدون,2,43:83|70:42,8
search,file,فسجد الملائكة كلهم اجمعون,2,15:30|38:73,4
search,file,فمن ابتغي وراء ذلك فاولئك هم العادون,2,23:7|70:31,7
search,file,فمن شاء ذكره,2,74:55|80:12,3
search,file,فهو في عيشة راضية,2,69:21|101:7,4
search,file,في جنات النعيم,2,37:43|56:12,3
search,file,في جنات وعيون,2,26:147|44:52,3
search,file,في جنة عالية,2,69:22|88:10,3
search,file,قال رب انصرني بما كذبون,2,23:26|23:39,5
search,file,قال رب فانظرني الي يوم يبعثون,2,15:36|38:79,6
search,file,قال فاخرج منها فانك رجيم,2,15:34|38:77,5
search,file,قال فانك من المنظرين,2,15:37|38:80,4
search,file,قال فما خطبكم ايها المرسلون,2,15:57|51:31,5
search,file,قالوا امنا برب العالمين,2,7:121|26:47,4
search,file,قالوا انا ارسلنا الي قوم مجرمين,2,15:58|51:32,6
search,file,قالوا انما انت من المسحرين,2,26:153|26:185,5
search,file,قل اني اخاف ان عصيت ربي عذاب يوم عظيم,2,6:15|39:13,9
search,file,كتاب مرقوم,2,83:9|83:20,2
search,file,كلوا واشربوا هنيئا بما كنتم تعملون,2,52:19|77:43,6
search,file,ليكفروا بما اتيناهم فتمتعوا فسوف تعلمون,2,16:55|30:34,6
search,file,ما تسبق من امة اجلها وما يستاخرون,2,15:5|23:43,7
search,file,ما لكم كيف تحكمون,2,37:154|68:36,4
search,file,متاعا لكم ولانعامكم,2,79:33|80:32,3
search,file,هو الذي ارسل رسوله بالهدي ودين الحق ليظهره علي الدين كله ولو كره المشركون,2,9:33|61:9,14
search,file,واذنت لربها وحقت,2,84:2|84:5,3
search,file,واقبل بعضهم علي بعض يتساءلون,2,37:27|52:25,5
search,file,والذين كفروا وكذبوا باياتنا اولئك اصحاب الجحيم,2,5:10|5:86,7
search,file,والذين هم لاماناتهم وعهدهم راعون,2,23:8|70:32,5
search,file,والذين هم لفروجهم حافظون,2,23:5|70:29,4
search,file,والكتاب المبين,2,43:2|44:2,2
search,file,وامطرنا عليهم مطرا فساء مطر المنذرين,2,26:173|27:58,6
search,file,واملي لهم ان كيدي متين,2,7:183|68:45,5
search,file,ولا انتم عابدون ما اعبد,2,109:3|109:5,5
search,file,ولا يحض علي طعام المسكين,2,69:34|107:3,5
search,file,ولقد اتينا موسي الكتاب فاختلف فيه ولولا كلمة سبقت من ربك لقضي بينهم وانهم لفي شك منه مريب,2,11:110|41:45,18
search,file,ولقد ارسلنا موسي باياتنا وسلطان مبين,2,11:96|40:23,6
search,file,ولقد استهزئ برسل من قبلك فحاق بالذين سخروا منهم ما كانوا به يستهزئون,2,6:10|21:41,13
search,file,وما تاتيهم من اية من ايات ربهم الا كانوا عنها معرضين,2,6:4|36:46,11
search,file,وما ذلك علي الله بعزيز,2,14:20|35:17,5
search,file,ونزع يده فاذا هي بيضاء للناظرين,2,7:108|26:33,6
search,file,ويوم يناديهم فيقول اين شركائي الذين كنتم تزعمون,2,28:62|28:74,8
search,file,يا ايها النبي جاهد الكفار والمنافقين واغلظ عليهم وماواهم جهنم وبئس المصير,2,9:73|66:9,12
search,file,يا بني اسرائيل اذكروا نعمتي التي انعمت عليكم واني فضلتكم علي العالمين,2,2:47|2:122,12
search,numbered,اذا تتلي عليه اياتنا قال اساطير الاولين,2,68:15|83:13,7
search,numbered,اذهب الي فرعون انه طغي,2,20:24|79:17,5
search,numbered,افبعذابنا يستعجلون,2,26:204|37:176,2
search,numbered,الا الذين تابوا من بعد ذلك واصلحوا فان الله غفور رحيم,2,3:89|24:5,11
search,numbered,الا عبادك منهم المخلصين,2,15:40|38:83,4
search,numbered,الا عجوزا في الغابرين,2,26:171|37:135,4
search,numbered,الا علي ازواجهم او ما ملكت ايمانهم فانهم غير ملومين,2,23:6|70:30,10
search,numbered,الذين صبروا وعلي ربهم يتوكلون,2,16:42|29:59,5
search,numbered,الذين يقيمون الصلاة ويؤتون الزكاة وهم بالاخرة هم يوقنون,2,27:3|31:4,9
search,numbered,الي يوم الوقت المعلوم,2,15:38|38:81,4
search,numbered,ام تسالهم اجرا فهم من مغرم مثقلون,2,52:40|68:46,7
search,numbered,ام عندهم الغيب فهم يكتبون,2,52:41|68:47,5
search,numbered,ان الابرار لفي نعيم,2,82:13|83:22,4
search,numbered,ان المتقين في جنات وعيون,2,15:45|51:15,5
search,numbered,ان هذه تذكرة فمن شاء اتخذ الي ربه سبيلا,2,73:19|76:29,9
search,numbered,ان هو الا ذكر للعالمين,2,38:87|81:27,5
search,numbered,انظر كيف ضربوا لك الامثال فضلوا فلا يستطيعون سبيلا,2,17:48|25:9,9
search,numbered,انه لقول رسول كريم,2,69:40|81:19,4
search,numbered,اواباؤنا الاولون,2,37:17|56:48,2
search,numbered,اولئك علي هدي من ربهم واولئك هم المفلحون,2,2:5|31:5,8
search,numbered,بل نحن محرومون,2,56:67|68:27,3
search,numbered,تلك امة قد خلت لها ما كسبت ولكم ما كسبتم ولا تسالون عما كانوا يعملون,2,2:134|2:141,15
search,numbered,تلك ايات الكتاب المبين,2,26:2|28:2,4
search,numbered,تنزيل من رب العالمين,2,56:80|69:43,4
search,numbered,ثلة من الاولين,2,56:13|56:39,3
search,numbered,ثم اتبع سببا,2,18:89|18:92,3
search,numbered,ثم اغرقنا الاخرين,2,26:66|37:82,3
search,numbered,ثم دمرنا الاخرين,2,26:172|37:136,3
search,numbered,خالدين فيها لا يخفف عنهم العذاب ولا هم ينظرون,2,2:162|3:88,9
search,numbered,ذلك بما قدمت ايديكم وان الله ليس بظلام للعبيد,2,3:182|8:51,9
search,numbered,رب موسي وهارون,2,7:122|26:48,3
search,numbered,سبح لله ما في السماوات وما في الارض وهو العزيز الحكيم,2,59:1|61:1,11
search,numbered,طسم,2,26:1|28:1,1
search,numbered,علي الارائك ينظرون,2,83:23|83:35,3
search,numbered,فاخذتهم الرجفة فاصبحوا في دارهم جاثمين,2,7:78|7:91,6
search,numbered,فاذا سويته ونفخت فيه من روحي فقعوا له ساجدين,2,15:29|38:72,9
search,numbered,فالقي عصاه فاذا هي ثعبان مبين,2,7:107|26:32,6
search,numbered,فذرهم يخوضوا ويلعبوا حتي يلاقوا يومهم الذي يوعدون,2,43:83|70:42,8
search,numbered,فسجد الملائكة كلهم اجمعون,2,15:30|38:73,4
search,numbered,فمن ابتغي وراء ذلك فاولئك هم العادون,2,23:7|70:31,7
search,numbered,فمن شاء ذكره,2,74:55|80:12,3
search,numbered,فهو في عيشة راضية,2,69:21|101:7,4
search,numbered,في جنات النعيم,2,37:43|56:12,3
search,numbered,في جنات وعيون,2,26:147|44:52,3
search,numbered,في جنة عالية,2,69:22|88:10,3
search,numbered,قال رب انصرني بما كذبون,2,23:26|23:39,5
search,numbered,قال رب فانظرني الي يوم يبعثون,2,15:36|38:79,6
search,numbered,قال فاخرج منها فانك رجيم,2,15:34|38:77,5
search,numbered,قال فانك من المنظرين,2,15:37|38:80,4
search,numbered,قال فما خطبكم ايها المرسلون,2,15:57|51:31,5
search,numbered,قالوا امنا برب العالمين,2,7:121|26:47,4
search,numbered,قالوا انا ارسلنا الي قوم مجرمين,2,15:58|51:32,6
search,numbered,قالوا انما انت من المسحرين,2,26:153|26:185,5
search,numbered,قل اني اخاف ان عصيت ربي عذاب يوم عظيم,2,6:15|39:13,9
search,numbered,كتاب مرقوم,2,83:9|83:20,2
search,numbered,كلوا واشربوا هنيئا بما كنتم تعملون,2,52:19|77:43,6
search,numbered,ليكفروا بما اتيناهم فتمتعوا فسوف تعلمون,2,16:55|30:34,6
search,numbered,ما تسبق من امة اجلها وما يستاخرون,2,15:5|23:43,7
search,numbered,ما لكم كيف تحكمون,2,37:154|68:36,4
search,numbered,متاعا لكم ولانعامكم,2,79:33|80:32,3
search,numbered,هو الذي ارسل رسوله بالهدي ودين الحق ليظهره علي الدين كله ولو كره المشركون,2,9:33|61:9,14
search,numbered,واذنت لربها وحقت,2,84:2|84:5,3
search,numbered,واقبل بعضهم علي بعض يتساءلون,2,37:27|52:25,5
search,numbered,والذين كفروا وكذبوا باياتنا اولئك اصحاب الجحيم,2,5:10|5:86,7
search,numbered,والذين هم لاماناتهم وعهدهم راعون,2,23:8|70:32,5
search,numbered,والذين هم لفروجهم حافظون,2,23:5|70:29,4
search,numbered,والكتاب المبين,2,43:2|44:2,2
search,numbered,وامطرنا عليهم مطرا فساء مطر المنذرين,2,26:173|27:58,6
search,numbered,واملي لهم ان كيدي متين,2,7:183|68:45,5
search,numbered,ولا انتم عابدون ما اعبد,2,109:3|109:5,5
search,numbered,ولا يحض علي طعام المسكين,2,69:34|107:3,5
search,numbered,ولقد اتينا موسي الكتاب فاختلف فيه ولولا كلمة سبقت من ربك لقضي بينهم وانهم لفي شك منه مريب,2,11:110|41:45,18
search,numbered,ولقد ارسلنا موسي باياتنا وسلطان مبين,2,11:96|40:23,6
search,numbered,ولقد استهزئ برسل من قبلك فحاق بالذين سخروا منهم ما كانوا به يستهزئون,2,6:10|21:41,13
search,numbered,وما تاتيهم من اية من ايات ربهم الا كانوا عنها معرضين,2,6:4|36:46,11
search,numbered,وما ذلك علي الله بعزيز,2,14:20|35:17,5
search,numbered,ونزع يده فاذا هي بيضاء للناظرين,2,7:108|26:33,6
search,numbered,ويوم يناديهم فيقول اين شركائي الذين كنتم تزعمون,2,28:62|28:74,8
search,numbered,يا ايها النبي جاهد الكفار والمنافقين واغلظ عليهم وماواهم جهنم وبئس المصير,2,9:73|66:9,12
search,numbered,يا بني اسرائيل اذكروا نعمتي التي انعمت عليكم واني فضلتكم علي العالمين,2,2:47|2:122,12
