control_id,ordering,utf8_bytes,compressed_bytes,compression_ratio,seed
0,observed,743921,185366,0.2491743074869509,20261007
1,global_token_shuffle,743921,214873,0.2888384653746836,20261007
2,global_token_shuffle,743921,215020,0.28903606700173806,20261007
3,global_token_shuffle,743921,214942,0.2889312171588112,20261007
4,global_token_shuffle,743921,214777,0.28870941941415823,20261007
5,global_token_shuffle,743921,215031,0.28905085351804827,20261007
6,global_token_shuffle,743921,215212,0.28929415892278887,20261007
7,global_token_shuffle,743921,214930,0.2889150864137455,20261007
8,global_token_shuffle,743921,214835,0.2887873846819756,20261007
9,global_token_shuffle,743921,214910,0.2888882018386361,20261007
10,global_token_shuffle,743921,214728,0.28864355220514004,20261007
11,global_token_shuffle,743921,214887,0.28885728457726023,20261007
12,global_token_shuffle,743921,214849,0.28880620388455225,20261007
13,global_token_shuffle,743921,215252,0.28934792807300774,20261007
14,global_token_shuffle,743921,214901,0.28887610377983686,20261007
15,global_token_shuffle,743921,214970,0.28896885556396446,20261007
16,global_token_shuffle,743921,214823,0.28877125393690994,20261007
17,global_token_shuffle,743921,215098,0.289140916844665,20261007
18,global_token_shuffle,743921,215019,0.2890347227729826,20261007
19,global_token_shuffle,743921,214862,0.2888236788583734,20261007
