level,unit_id,tokens,types,entropy_bits,perplexity,type_token_ratio,profile_id,scope
corpus,file,78248,14868,11.050188491103137,2120.4995936050486,0.19001124629383498,plain,file
surah,1,29,26,4.651084443403434,25.125570397040416,0.896551724137931,plain,file
surah,2,6145,2279,9.767530045464664,871.6046273174394,0.3708706265256306,plain,file
surah,3,3505,1472,9.300802441080888,630.6966417273799,0.4199714693295292,plain,file
surah,4,3767,1516,9.313370381532538,636.214914073652,0.4024422617467481,plain,file
surah,5,2841,1252,9.20956940707313,592.0476187245703,0.44068989792326646,plain,file
surah,6,3060,1367,9.389506428058038,670.6919277396117,0.4467320261437909,plain,file
surah,7,3345,1561,9.620083771912922,786.9257853342376,0.4666666666666667,plain,file
surah,8,1247,643,8.534252087068756,370.73694661224215,0.5156375300721732,plain,file
surah,9,2505,1126,9.094229129062834,546.5573705148445,0.449500998003992,plain,file
surah,10,1843,890,8.882566731687623,471.97503215270194,0.48290830168204013,plain,file
surah,11,1950,941,9.009582262611278,515.4119806811216,0.48256410256410254,plain,file
surah,12,1799,927,9.05630310674876,532.3765100815929,0.5152862701500833,plain,file
surah,13,858,513,8.393344365934675,336.2392575894431,0.5979020979020979,plain,file
surah,14,834,510,8.392691850192564,336.0872145079294,0.6115107913669064,plain,file
surah,15,661,434,8.290691420897668,313.14595234831603,0.6565809379727685,plain,file
surah,16,1848,922,8.95179705568961,495.175819343351,0.4989177489177489,plain,file
surah,17,1562,887,9.163510941923704,573.4448530880493,0.5678617157490397,plain,file
surah,18,1587,920,9.231136141406427,600.9645752467096,0.5797101449275363,plain,file
surah,19,975,591,8.69400314031509,414.1481518367394,0.6061538461538462,plain,file
surah,20,1357,811,9.011471815351628,516.0874776830376,0.5976418570375829,plain,file
surah,21,1178,680,8.824822495455429,453.45717443987456,0.5772495755517827,plain,file
surah,22,1283,696,8.549623069313558,374.7080259895865,0.5424785658612626,plain,file
surah,23,1056,625,8.763461726338324,434.57510670938126,0.5918560606060606,plain,file
surah,24,1323,679,8.602956702030752,388.8194832194512,0.5132275132275133,plain,file
surah,25,900,576,8.783367766668245,440.6128520131304,0.64,plain,file
surah,26,1324,650,8.546782034884577,373.97085640991537,0.4909365558912387,plain,file
surah,27,1163,679,8.830372866777102,455.205086017829,0.5838349097162511,plain,file
surah,28,1442,793,8.871171482356747,468.2617812878518,0.5499306518723994,plain,file
surah,29,982,578,8.533902783505413,370.64719510069546,0.5885947046843177,plain,file
surah,30,821,453,8.13757622371311,281.6141906812434,0.5517661388550548,plain,file
surah,31,554,346,7.8674221155972965,233.52320652141586,0.6245487364620939,plain,file
surah,32,376,282,7.860075952580358,232.33713513367314,0.75,plain,file
surah,33,1307,691,8.555472117728108,376.23027023045285,0.5286916602907421,plain,file
surah,34,888,516,8.395393880165399,336.71726357675846,0.581081081081081,plain,file
surah,35,782,485,8.291927033342416,313.4142646153575,0.6202046035805626,plain,file
surah,36,734,458,8.360943910392221,328.77206473626524,0.6239782016348774,plain,file
surah,37,869,538,8.597503122865167,387.3524683536749,0.619102416570771,plain,file
surah,38,739,481,8.474543804782314,355.70656836783076,0.6508795669824087,plain,file
surah,39,1181,639,8.572587157349412,380.72016043859657,0.5410668924640135,plain,file
surah,40,1230,668,8.665885303940453,406.1546366288656,0.5430894308943089,plain,file
surah,41,798,514,8.528340984031937,369.2210469591847,0.6441102756892231,plain,file
surah,42,864,464,8.115196519147636,277.2793791623929,0.5370370370370371,plain,file
surah,43,840,546,8.702757203321768,416.66878206870376,0.65,plain,file
surah,44,350,245,7.648978470578463,200.71136099379123,0.7,plain,file
surah,45,492,317,7.869958684361493,233.93415179905438,0.6443089430894309,plain,file
surah,46,649,419,8.23756450387946,301.82416434621166,0.6456086286594761,plain,file
surah,47,546,343,7.895934635115555,238.18432059488117,0.6282051282051282,plain,file
surah,48,564,365,8.054234653938211,265.8068831572329,0.6471631205673759,plain,file
surah,49,357,220,7.262568581629252,153.55041291074323,0.6162464985994398,plain,file
surah,50,377,282,7.824486389111887,226.67577214940428,0.7480106100795756,plain,file
surah,51,364,268,7.812625922326769,224.81989856049506,0.7362637362637363,plain,file
surah,52,316,238,7.588416468277383,192.46021939930375,0.7531645569620253,plain,file
surah,53,364,250,7.589174773809214,192.56140641864454,0.6868131868131868,plain,file
surah,54,346,235,7.511221322711002,182.43279933662652,0.6791907514450867,plain,file
surah,55,356,182,6.375330283521076,83.01673476608711,0.5112359550561798,plain,file
surah,56,383,275,7.758467716862366,216.5366946559738,0.7180156657963447,plain,file
surah,57,579,368,8.071972856023796,269.0952017143403,0.6355785837651122,plain,file
surah,58,479,278,7.5868992733602445,192.25792704160736,0.5803757828810021,plain,file
surah,59,451,300,7.729054398619471,212.16669540850052,0.6651884700665188,plain,file
surah,60,356,242,7.564928806187236,189.35225683777338,0.6797752808988764,plain,file
surah,61,230,159,6.998312726074643,127.85038777196854,0.691304347826087,plain,file
surah,62,181,136,6.873183334789169,117.22880811657176,0.7513812154696132,plain,file
surah,63,185,142,6.920604603977441,121.1461380121275,0.7675675675675676,plain,file
surah,64,246,186,7.305180487446916,158.15336999157972,0.7560975609756098,plain,file
surah,65,293,208,7.267484958582467,154.07457043255638,0.7098976109215017,plain,file
surah,66,258,200,7.381368753624734,166.7298670622049,0.7751937984496124,plain,file
surah,67,337,226,7.457518701328553,175.7667903942518,0.6706231454005934,plain,file
surah,68,305,232,7.646488272215423,200.36521715809113,0.760655737704918,plain,file
surah,69,264,207,7.519513721516453,183.48441559510442,0.7840909090909091,plain,file
surah,70,221,180,7.3063533087689425,158.2819911164862,0.8144796380090498,plain,file
surah,71,231,175,7.216389058859744,148.71321652377645,0.7575757575757576,plain,file
surah,72,290,204,7.367161011173801,165.09596049822,0.7034482758620689,plain,file
surah,73,204,161,7.137242636629663,140.77454099138802,0.7892156862745098,plain,file
surah,74,260,196,7.3958529938377575,168.41221764531363,0.7538461538461538,plain,file
surah,75,168,128,6.796846589342405,111.18717585278677,0.7619047619047619,plain,file
surah,76,247,199,7.429690575963404,172.40891622967567,0.805668016194332,plain,file
surah,77,185,133,6.684476634271584,102.85560717128753,0.7189189189189189,plain,file
surah,78,178,149,7.085935240038004,135.8560722761848,0.8370786516853933,plain,file
surah,79,183,157,7.201438772686628,147.1800962210694,0.8579234972677595,plain,file
surah,80,137,120,6.803400491890451,111.6934281114789,0.8759124087591241,plain,file
surah,81,108,87,6.166336365039975,71.82112593195556,0.8055555555555556,plain,file
surah,82,85,67,5.854552589564405,57.862333040259855,0.788235294117647,plain,file
surah,83,173,122,6.7136510255951025,104.9567415105821,0.7052023121387283,plain,file
surah,84,112,95,6.503783493486176,90.74734272801429,0.8482142857142857,plain,file
surah,85,113,101,6.594428741137959,96.63197487764182,0.8938053097345132,plain,file
surah,86,65,57,5.76460031299517,54.364776536272736,0.8769230769230769,plain,file
surah,87,76,70,6.09003277660148,68.12123930647702,0.9210526315789473,plain,file
surah,88,96,79,6.1734023444260835,72.17375166853826,0.8229166666666666,plain,file
surah,89,143,118,6.757006718076034,108.1587608573872,0.8251748251748252,plain,file
surah,90,86,74,6.147194987260237,70.87451179510195,0.8604651162790697,plain,file
surah,91,58,51,5.577555779498427,47.75420199618904,0.8793103448275862,plain,file
surah,92,75,63,5.878623190409342,58.835833938533746,0.84,plain,file
surah,93,44,39,5.215002357224491,37.14258594763101,0.8863636363636364,plain,file
surah,94,31,27,4.696131794257842,25.92247913958794,0.8709677419354839,plain,file
surah,95,38,37,5.195295934496217,36.638687921814814,0.9736842105263158,plain,file
surah,96,76,58,5.708196592277087,52.28033905063491,0.7631578947368421,plain,file
surah,97,34,29,4.748940047005429,26.888922645478253,0.8529411764705882,plain,file
surah,98,98,73,6.01145050249517,64.50998170084074,0.7448979591836735,plain,file
surah,99,40,33,4.971928094887363,31.383363915870042,0.825,plain,file
surah,100,44,39,5.23215889136457,37.58692249040402,0.8863636363636364,plain,file
surah,101,40,32,4.884183719779189,29.53152021240155,0.8,plain,file
surah,102,32,24,4.429229296672175,21.544224996639702,0.75,plain,file
surah,103,18,17,4.058813890331201,16.66574482117123,0.9444444444444444,plain,file
surah,104,37,34,5.047291203466789,33.06633406810932,0.918918918918919,plain,file
surah,105,27,26,4.680813428089394,25.64869339125716,0.9629629629629629,plain,file
surah,106,21,20,4.297079327540665,19.6584725915257,0.9523809523809523,plain,file
surah,107,29,26,4.651084443403434,25.125570397040416,0.896551724137931,plain,file
surah,108,14,14,3.807354922057604,14.0,1.0,plain,file
surah,109,31,22,4.2603326005698765,19.164076872932633,0.7096774193548387,plain,file
surah,110,23,21,4.316827716832514,19.92941858383031,0.9130434782608695,plain,file
surah,111,27,26,4.680813428089394,25.64869339125716,0.9629629629629629,plain,file
surah,112,19,15,3.787143960698139,13.805239012871624,0.7894736842105263,plain,file
surah,113,27,21,4.208410187268525,18.486627926518285,0.7777777777777778,plain,file
surah,114,24,20,4.168295834054489,17.979684922520175,0.8333333333333334,plain,file
