surah_id,verses,tokens,letters,types,entropy_bits,perplexity,type_token_ratio,first_global_ayah,last_global_ayah,cumulative_tokens,first_half_tokens,second_half_tokens,omitted_central_ayah,half_vocabulary_jaccard,profile_id,scope
1,7,29,143,26,4.651084443403434,25.125570397040416,0.896551724137931,1,7,29,10,16,1:4,0.0,plain,file
2,286,6145,26268,2279,9.767530045464664,871.6046273174394,0.3708706265256306,8,293,6174,2574,3571,,0.17463799912242212,plain,file
3,200,3505,15004,1472,9.300802441080888,630.6966417273799,0.4199714693295292,294,493,9679,1720,1785,,0.16915760869565216,plain,file
4,176,3767,16351,1516,9.313370381532538,636.214914073652,0.4024422617467481,494,669,13446,1946,1821,,0.17216358839050133,plain,file
5,120,2841,12225,1252,9.20956940707313,592.0476187245703,0.44068989792326646,670,789,16287,1531,1310,,0.18210862619808307,plain,file
6,165,3060,12745,1367,9.389506428058038,670.6919277396117,0.4467320261437909,790,954,19347,1394,1652,6:83,0.17168011738811445,plain,file
7,206,3345,14454,1561,9.620083771912922,786.9257853342376,0.4666666666666667,955,1160,22692,1695,1650,,0.15887251761691223,plain,file
8,75,1247,5406,643,8.534252087068756,370.73694661224215,0.5156375300721732,1161,1235,23939,557,674,8:38,0.16037735849056603,plain,file
9,129,2505,11115,1126,9.094229129062834,546.5573705148445,0.449500998003992,1236,1364,26444,1214,1278,9:65,0.17905102954341987,plain,file
10,109,1843,7608,890,8.882566731687623,471.97503215270194,0.48290830168204013,1365,1473,28287,985,842,10:55,0.17097862767154107,plain,file
11,123,1950,7836,941,9.009582262611278,515.4119806811216,0.48256410256410254,1474,1596,30237,1045,883,11:62,0.16987179487179488,plain,file
12,111,1799,7326,927,9.05630310674876,532.3765100815929,0.5152862701500833,1597,1707,32036,896,886,12:56,0.14533622559652928,plain,file
13,43,858,3564,513,8.393344365934675,336.2392575894431,0.5979020979020979,1708,1750,32894,440,399,13:22,0.1377245508982036,plain,file
14,52,834,3558,510,8.392691850192564,336.0872145079294,0.6115107913669064,1751,1802,33728,486,348,,0.11568627450980393,plain,file
15,99,661,2901,434,8.290691420897668,313.14595234831603,0.6565809379727685,1803,1901,34389,363,293,15:50,0.10465116279069768,plain,file
16,128,1848,7851,922,8.95179705568961,495.175819343351,0.4989177489177489,1902,2029,36237,836,1012,,0.17462039045553146,plain,file
17,111,1562,6662,887,9.163510941923704,573.4448530880493,0.5678617157490397,2030,2140,37799,750,799,17:56,0.14609286523216308,plain,file
18,110,1587,6571,920,9.231136141406427,600.9645752467096,0.5797101449275363,2141,2250,39386,886,701,,0.12065217391304348,plain,file
19,98,975,3954,591,8.69400314031509,414.1481518367394,0.6061538461538462,2251,2348,40361,516,459,,0.10152284263959391,plain,file
20,135,1357,5418,811,9.011471815351628,516.0874776830376,0.5976418570375829,2349,2483,41718,538,813,20:68,0.11851851851851852,plain,file
21,112,1178,5113,680,8.824822495455429,453.45717443987456,0.5772495755517827,2484,2595,42896,608,570,,0.15,plain,file
22,78,1283,5333,696,8.549623069313558,374.7080259895865,0.5424785658612626,2596,2673,44179,670,613,,0.13218390804597702,plain,file
23,118,1056,4502,625,8.763461726338324,434.57510670938126,0.5918560606060606,2674,2791,45235,534,522,,0.136,plain,file
24,64,1323,5773,679,8.602956702030752,388.8194832194512,0.5132275132275133,2792,2855,46558,564,759,,0.13402061855670103,plain,file
25,77,900,3897,576,8.783367766668245,440.6128520131304,0.64,2856,2932,47458,464,429,25:39,0.13986013986013987,plain,file
26,227,1324,5649,650,8.546782034884577,373.97085640991537,0.4909365558912387,2933,3159,48782,684,636,26:114,0.15408320493066255,plain,file
27,93,1163,4809,679,8.830372866777102,455.205086017829,0.5838349097162511,3160,3252,49945,599,551,27:47,0.11904761904761904,plain,file
28,88,1442,5949,793,8.871171482356747,468.2617812878518,0.5499306518723994,3253,3340,51387,720,722,,0.12610340479192939,plain,file
29,69,982,4336,578,8.533902783505413,370.64719510069546,0.5885947046843177,3341,3409,52369,495,480,29:35,0.1373913043478261,plain,file
30,60,821,3491,453,8.13757622371311,281.6141906812434,0.5517661388550548,3410,3469,53190,384,437,,0.1545253863134658,plain,file
31,34,554,2190,346,7.8674221155972965,233.52320652141586,0.6245487364620939,3470,3503,53744,242,312,,0.10982658959537572,plain,file
32,30,376,1582,282,7.860075952580358,232.33713513367314,0.75,3504,3533,54120,196,180,,0.10283687943262411,plain,file
33,73,1307,5807,691,8.555472117728108,376.23027023045285,0.5286916602907421,3534,3606,55427,655,604,33:37,0.1582089552238806,plain,file
34,54,888,3613,516,8.395393880165399,336.71726357675846,0.581081081081081,3607,3660,56315,475,413,,0.12015503875968993,plain,file
35,45,782,3257,485,8.291927033342416,313.4142646153575,0.6202046035805626,3661,3705,57097,379,399,35:23,0.11958762886597939,plain,file
36,83,734,3087,458,8.360943910392221,328.77206473626524,0.6239782016348774,3706,3788,57831,356,372,36:42,0.16043956043956045,plain,file
37,182,869,3918,538,8.597503122865167,387.3524683536749,0.619102416570771,3789,3970,58700,452,417,,0.14312267657992564,plain,file
38,88,739,3084,481,8.474543804782314,355.70656836783076,0.6508795669824087,3971,4058,59439,450,289,,0.0997920997920998,plain,file
39,75,1181,4888,639,8.572587157349412,380.72016043859657,0.5410668924640135,4059,4133,60620,597,548,39:38,0.16051364365971107,plain,file
40,85,1230,5127,668,8.665885303940453,406.1546366288656,0.5430894308943089,4134,4218,61850,644,564,40:43,0.15256797583081572,plain,file
41,54,798,3384,514,8.528340984031937,369.2210469591847,0.6441102756892231,4219,4272,62648,356,442,,0.13229571984435798,plain,file
42,53,864,3541,464,8.115196519147636,277.2793791623929,0.5370370370370371,4273,4325,63512,466,381,42:27,0.14192139737991266,plain,file
43,89,840,3628,546,8.702757203321768,416.66878206870376,0.65,4326,4414,64352,427,400,43:45,0.13148148148148148,plain,file
44,59,350,1493,245,7.648978470578463,200.71136099379123,0.7,4415,4473,64702,176,167,44:30,0.14522821576763487,plain,file
45,37,492,2104,317,7.869958684361493,233.93415179905438,0.6443089430894309,4474,4510,65194,222,255,45:19,0.1503267973856209,plain,file
46,35,649,2686,419,8.23756450387946,301.82416434621166,0.6456086286594761,4511,4545,65843,317,315,46:18,0.13106796116504854,plain,file
47,38,546,2442,343,7.895934635115555,238.18432059488117,0.6282051282051282,4546,4583,66389,296,250,,0.12244897959183673,plain,file
48,29,564,2529,365,8.054234653938211,265.8068831572329,0.6471631205673759,4584,4612,66953,213,320,48:15,0.12931034482758622,plain,file
49,18,357,1552,220,7.262568581629252,153.55041291074323,0.6162464985994398,4613,4630,67310,164,193,,0.13636363636363635,plain,file
50,45,377,1526,282,7.824486389111887,226.67577214940428,0.7480106100795756,4631,4675,67687,187,184,50:23,0.08896797153024912,plain,file
51,60,364,1565,268,7.812625922326769,224.81989856049506,0.7362637362637363,4676,4735,68051,154,210,,0.1044776119402985,plain,file
52,49,316,1343,238,7.588416468277383,192.46021939930375,0.7531645569620253,4736,4784,68367,134,177,52:25,0.06837606837606838,plain,file
53,62,364,1452,250,7.589174773809214,192.56140641864454,0.6868131868131868,4785,4846,68731,210,154,,0.112,plain,file
54,55,346,1488,235,7.511221322711002,182.43279933662652,0.6791907514450867,4847,4901,69077,179,159,54:28,0.1222707423580786,plain,file
55,78,356,1666,182,6.375330283521076,83.01673476608711,0.5112359550561798,4902,4979,69433,186,170,,0.08791208791208792,plain,file
56,96,383,1775,275,7.758467716862366,216.5366946559738,0.7180156657963447,4980,5075,69816,167,216,,0.04727272727272727,plain,file
57,29,579,2564,368,8.071972856023796,269.0952017143403,0.6355785837651122,5076,5104,70395,254,310,57:15,0.116991643454039,plain,file
58,22,479,2065,278,7.5868992733602445,192.25792704160736,0.5803757828810021,5105,5126,70874,278,201,,0.1474820143884892,plain,file
59,24,451,1989,300,7.729054398619471,212.16669540850052,0.6651884700665188,5127,5150,71325,273,178,,0.10666666666666667,plain,file
60,13,356,1579,242,7.564928806187236,189.35225683777338,0.6797752808988764,5151,5163,71681,163,178,60:7,0.08936170212765958,plain,file
61,14,230,985,159,6.998312726074643,127.85038777196854,0.691304347826087,5164,5177,71911,116,114,,0.11320754716981132,plain,file
62,11,181,787,136,6.873183334789169,117.22880811657176,0.7513812154696132,5178,5188,72092,78,85,62:6,0.078125,plain,file
63,11,185,820,142,6.920604603977441,121.1461380121275,0.7675675675675676,5189,5199,72277,80,87,63:6,0.09848484848484848,plain,file
64,18,246,1110,186,7.305180487446916,158.15336999157972,0.7560975609756098,5200,5217,72523,139,107,,0.08602150537634409,plain,file
65,12,293,1222,208,7.267484958582467,154.07457043255638,0.7098976109215017,5218,5229,72816,171,122,,0.08173076923076923,plain,file
66,12,258,1124,200,7.381368753624734,166.7298670622049,0.7751937984496124,5230,5241,73074,120,138,,0.065,plain,file
67,30,337,1366,226,7.457518701328553,175.7667903942518,0.6706231454005934,5242,5271,73411,165,172,,0.11061946902654868,plain,file
68,52,305,1308,232,7.646488272215423,200.36521715809113,0.760655737704918,5272,5323,73716,123,182,,0.08620689655172414,plain,file
69,52,264,1152,207,7.519513721516453,183.48441559510442,0.7840909090909091,5324,5375,73980,151,113,,0.05314009661835749,plain,file
70,44,221,990,180,7.3063533087689425,158.2819911164862,0.8144796380090498,5376,5419,74201,91,130,,0.03888888888888889,plain,file
71,28,231,984,175,7.216389058859744,148.71321652377645,0.7575757575757576,5420,5447,74432,113,118,,0.06857142857142857,plain,file
72,28,290,1128,204,7.367161011173801,165.09596049822,0.7034482758620689,5448,5475,74722,150,140,,0.10294117647058823,plain,file
73,20,204,873,161,7.137242636629663,140.77454099138802,0.7892156862745098,5476,5495,74926,63,141,,0.06832298136645963,plain,file
74,56,260,1054,196,7.3958529938377575,168.41221764531363,0.7538461538461538,5496,5551,75186,95,165,,0.061224489795918366,plain,file
75,40,168,695,128,6.796846589342405,111.18717585278677,0.7619047619047619,5552,5591,75354,88,80,,0.078125,plain,file
76,31,247,1106,199,7.429690575963404,172.40891622967567,0.805668016194332,5592,5622,75601,121,121,76:16,0.07142857142857142,plain,file
77,50,185,860,133,6.684476634271584,102.85560717128753,0.7189189189189189,5623,5672,75786,79,106,,0.09022556390977443,plain,file
78,40,178,815,149,7.085935240038004,135.8560722761848,0.8370786516853933,5673,5712,75964,72,106,,0.026845637583892617,plain,file
79,46,183,804,157,7.201438772686628,147.1800962210694,0.8579234972677595,5713,5758,76147,80,103,,0.06369426751592357,plain,file
80,42,137,571,120,6.803400491890451,111.6934281114789,0.8759124087591241,5759,5800,76284,69,68,,0.05,plain,file
81,29,108,454,87,6.166336365039975,71.82112593195556,0.8055555555555556,5801,5829,76392,47,58,81:15,0.023809523809523808,plain,file
82,19,85,352,67,5.854552589564405,57.862333040259855,0.788235294117647,5830,5848,76477,42,40,82:10,0.03076923076923077,plain,file
83,36,173,769,122,6.7136510255951025,104.9567415105821,0.7052023121387283,5849,5884,76650,93,80,,0.09836065573770492,plain,file
84,25,112,464,95,6.503783493486176,90.74734272801429,0.8482142857142857,5885,5909,76762,53,54,84:13,0.02127659574468085,plain,file
85,22,113,488,101,6.594428741137959,96.63197487764182,0.8938053097345132,5910,5931,76875,74,39,,0.039603960396039604,plain,file
86,17,65,273,57,5.76460031299517,54.364776536272736,0.8769230769230769,5932,5948,76940,35,27,86:9,0.07407407407407407,plain,file
87,19,76,315,70,6.09003277660148,68.12123930647702,0.9210526315789473,5949,5967,77016,38,35,87:10,0.04411764705882353,plain,file
88,26,96,401,79,6.1734023444260835,72.17375166853826,0.8229166666666666,5968,5993,77112,50,46,,0.0379746835443038,plain,file
89,30,143,603,118,6.757006718076034,108.1587608573872,0.8251748251748252,5994,6023,77255,67,76,,0.06779661016949153,plain,file
90,20,86,361,74,6.147194987260237,70.87451179510195,0.8604651162790697,6024,6043,77341,43,43,,0.02702702702702703,plain,file
91,15,58,272,51,5.577555779498427,47.75420199618904,0.8793103448275862,6044,6058,77399,24,31,91:8,0.020833333333333332,plain,file
92,21,75,333,63,5.878623190409342,58.835833938533746,0.84,6059,6079,77474,33,36,92:11,0.05,plain,file
93,11,44,184,39,5.215002357224491,37.14258594763101,0.8863636363636364,6080,6090,77518,22,18,93:6,0.02857142857142857,plain,file
94,8,31,121,27,4.696131794257842,25.92247913958794,0.8709677419354839,6091,6098,77549,17,14,,0.0,plain,file
95,8,38,181,37,5.195295934496217,36.638687921814814,0.9736842105263158,6099,6106,77587,17,21,,0.02702702702702703,plain,file
96,19,76,307,58,5.708196592277087,52.28033905063491,0.7631578947368421,6107,6125,77663,38,35,96:10,0.10909090909090909,plain,file
97,5,34,134,29,4.748940047005429,26.888922645478253,0.8529411764705882,6126,6130,77697,14,14,97:3,0.0,plain,file
98,8,98,423,73,6.01145050249517,64.50998170084074,0.7448979591836735,6131,6138,77795,36,62,,0.136986301369863,plain,file
99,8,40,177,33,4.971928094887363,31.383363915870042,0.825,6139,6146,77835,18,22,,0.06060606060606061,plain,file
100,11,44,188,39,5.23215889136457,37.58692249040402,0.8863636363636364,6147,6157,77879,16,24,100:6,0.0,plain,file
101,11,40,179,32,4.884183719779189,29.53152021240155,0.8,6158,6168,77919,20,16,101:6,0.1,plain,file
102,8,32,142,24,4.429229296672175,21.544224996639702,0.75,6169,6176,77951,16,16,,0.125,plain,file
103,3,18,92,17,4.058813890331201,16.66574482117123,0.9444444444444444,6177,6179,77969,5,9,103:2,0.0,plain,file
104,9,37,153,34,5.047291203466789,33.06633406810932,0.918918918918919,6180,6188,78006,20,13,104:5,0.06451612903225806,plain,file
105,5,27,116,26,4.680813428089394,25.64869339125716,0.9629629629629629,6189,6193,78033,16,7,105:3,0.0,plain,file
106,4,21,96,20,4.297079327540665,19.6584725915257,0.9523809523809523,6194,6197,78054,10,11,,0.0,plain,file
107,7,29,133,26,4.651084443403434,25.125570397040416,0.896551724137931,6198,6204,78083,17,10,107:4,0.0,plain,file
108,3,14,62,14,3.807354922057604,14.0,1.0,6205,6207,78097,7,4,108:2,0.0,plain,file
109,6,31,118,22,4.2603326005698765,19.164076872932633,0.7096774193548387,6208,6213,78128,17,14,,0.22727272727272727,plain,file
110,3,23,99,21,4.316827716832514,19.92941858383031,0.9130434782608695,6214,6216,78151,9,7,110:2,0.0,plain,file
111,5,27,100,26,4.680813428089394,25.64869339125716,0.9629629629629629,6217,6221,78178,15,8,111:3,0.0,plain,file
112,4,19,66,15,3.787143960698139,13.805239012871624,0.7894736842105263,6222,6225,78197,10,9,,0.06666666666666667,plain,file
113,5,27,92,21,4.208410187268525,18.486627926518285,0.7777777777777778,6226,6230,78224,12,10,113:3,0.05263157894736842,plain,file
114,6,24,99,20,4.168295834054489,17.979684922520175,0.8333333333333334,6231,6236,78248,12,12,,0.05,plain,file
