scope,profile_id,suffix_letters,surah_id,all_edges,all_agree,retained_edges,retained_agree,all_rate,retained_rate,repeated_verse_count_corpus
file,plain,2,0,6122,2467,5646,2288,0.40297288467820974,0.40524264966347856,279
file,plain,2,1,6,1,6,1,0.16666666666666666,0.16666666666666666,279
file,plain,2,2,285,115,272,111,0.40350877192982454,0.40808823529411764,279
file,plain,2,3,199,63,193,63,0.3165829145728643,0.32642487046632124,279
file,plain,2,4,175,38,175,38,0.21714285714285714,0.21714285714285714,279
file,plain,2,5,119,49,115,48,0.4117647058823529,0.41739130434782606,279
file,plain,2,6,164,80,158,79,0.4878048780487805,0.5,279
file,plain,2,7,205,108,193,100,0.526829268292683,0.5181347150259067,279
file,plain,2,8,74,27,72,27,0.36486486486486486,0.375,279
file,plain,2,9,128,59,124,57,0.4609375,0.4596774193548387,279
file,plain,2,10,108,56,106,56,0.5185185185185185,0.5283018867924528,279
file,plain,2,11,122,42,118,42,0.3442622950819672,0.3559322033898305,279
file,plain,2,12,110,40,110,40,0.36363636363636365,0.36363636363636365,279
file,plain,2,13,42,12,42,12,0.2857142857142857,0.2857142857142857,279
file,plain,2,14,51,16,49,16,0.3137254901960784,0.32653061224489793,279
file,plain,2,15,98,36,80,32,0.3673469387755102,0.4,279
file,plain,2,16,127,64,123,60,0.5039370078740157,0.4878048780487805,279
file,plain,2,17,110,44,108,44,0.4,0.4074074074074074,279
file,plain,2,18,109,35,105,35,0.3211009174311927,0.3333333333333333,279
file,plain,2,19,97,77,97,77,0.7938144329896907,0.7938144329896907,279
file,plain,2,20,134,13,132,13,0.09701492537313433,0.09848484848484848,279
file,plain,2,21,111,70,107,68,0.6306306306306306,0.6355140186915887,279
file,plain,2,22,77,13,77,13,0.16883116883116883,0.16883116883116883,279
file,plain,2,23,117,70,106,65,0.5982905982905983,0.6132075471698113,279
file,plain,2,24,63,23,61,23,0.36507936507936506,0.3770491803278688,279
file,plain,2,25,76,47,74,47,0.618421052631579,0.6351351351351351,279
file,plain,2,26,226,90,159,68,0.39823008849557523,0.4276729559748428,279
file,plain,2,27,92,47,86,45,0.5108695652173914,0.5232558139534884,279
file,plain,2,28,87,33,81,30,0.3793103448275862,0.37037037037037035,279
file,plain,2,29,68,31,65,31,0.45588235294117646,0.47692307692307695,279
file,plain,2,30,59,32,56,30,0.5423728813559322,0.5357142857142857,279
file,plain,2,31,33,12,29,11,0.36363636363636365,0.3793103448275862,279
file,plain,2,32,29,18,28,18,0.6206896551724138,0.6428571428571429,279
file,plain,2,33,72,15,72,15,0.20833333333333334,0.20833333333333334,279
file,plain,2,34,53,16,51,16,0.3018867924528302,0.3137254901960784,279
file,plain,2,35,44,19,42,19,0.4318181818181818,0.4523809523809524,279
file,plain,2,36,82,48,78,46,0.5853658536585366,0.5897435897435898,279
file,plain,2,37,181,69,144,47,0.3812154696132597,0.3263888888888889,279
file,plain,2,38,87,38,74,34,0.4367816091954023,0.4594594594594595,279
file,plain,2,39,74,34,72,34,0.4594594594594595,0.4722222222222222,279
file,plain,2,40,84,28,81,28,0.3333333333333333,0.345679012345679,279
file,plain,2,41,53,24,50,24,0.4528301886792453,0.48,279
file,plain,2,42,52,13,51,13,0.25,0.2549019607843137,279
file,plain,2,43,88,37,84,36,0.42045454545454547,0.42857142857142855,279
file,plain,2,44,58,26,54,25,0.4482758620689655,0.46296296296296297,279
file,plain,2,45,36,17,34,17,0.4722222222222222,0.5,279
file,plain,2,46,34,9,32,9,0.2647058823529412,0.28125,279
file,plain,2,47,37,22,37,22,0.5945945945945946,0.5945945945945946,279
file,plain,2,48,28,7,28,7,0.25,0.25,279
file,plain,2,49,17,1,17,1,0.058823529411764705,0.058823529411764705,279
file,plain,2,50,44,18,44,18,0.4090909090909091,0.4090909090909091,279
file,plain,2,51,59,23,54,21,0.3898305084745763,0.3888888888888889,279
file,plain,2,52,48,20,41,16,0.4166666666666667,0.3902439024390244,279
file,plain,2,53,61,8,61,8,0.13114754098360656,0.13114754098360656,279
file,plain,2,54,54,3,42,3,0.05555555555555555,0.07142857142857142,279
file,plain,2,55,77,55,15,9,0.7142857142857143,0.6,279
file,plain,2,56,95,35,81,29,0.3684210526315789,0.35802469135802467,279
file,plain,2,57,28,6,28,6,0.21428571428571427,0.21428571428571427,279
file,plain,2,58,21,5,21,5,0.23809523809523808,0.23809523809523808,279
file,plain,2,59,23,9,22,9,0.391304347826087,0.4090909090909091,279
file,plain,2,60,12,1,12,1,0.08333333333333333,0.08333333333333333,279
file,plain,2,61,13,5,10,4,0.38461538461538464,0.4,279
file,plain,2,62,10,5,10,5,0.5,0.5,279
file,plain,2,63,10,6,10,6,0.6,0.6,279
file,plain,2,64,17,5,17,5,0.29411764705882354,0.29411764705882354,279
file,plain,2,65,11,5,11,5,0.45454545454545453,0.45454545454545453,279
file,plain,2,66,11,6,9,5,0.5454545454545454,0.5555555555555556,279
file,plain,2,67,29,14,27,13,0.4827586206896552,0.48148148148148145,279
file,plain,2,68,51,20,41,15,0.39215686274509803,0.36585365853658536,279
file,plain,2,69,51,27,41,25,0.5294117647058824,0.6097560975609756,279
file,plain,2,70,43,16,36,12,0.37209302325581395,0.3333333333333333,279
file,plain,2,71,27,15,27,15,0.5555555555555556,0.5555555555555556,279
file,plain,2,72,27,14,27,14,0.5185185185185185,0.5185185185185185,279
file,plain,2,73,19,13,17,12,0.6842105263157895,0.7058823529411765,279
file,plain,2,74,55,20,53,20,0.36363636363636365,0.37735849056603776,279
file,plain,2,75,39,13,39,13,0.3333333333333333,0.3333333333333333,279
file,plain,2,76,30,22,28,21,0.7333333333333333,0.75,279
file,plain,2,77,49,16,27,10,0.32653061224489793,0.37037037037037035,279
file,plain,2,78,39,17,39,17,0.4358974358974359,0.4358974358974359,279
file,plain,2,79,45,16,41,16,0.35555555555555557,0.3902439024390244,279
file,plain,2,80,41,15,37,15,0.36585365853658536,0.40540540540540543,279
file,plain,2,81,28,7,24,7,0.25,0.2916666666666667,279
file,plain,2,82,18,10,16,9,0.5555555555555556,0.5625,279
file,plain,2,83,35,10,23,7,0.2857142857142857,0.30434782608695654,279
file,plain,2,84,24,8,20,7,0.3333333333333333,0.35,279
file,plain,2,85,21,9,21,9,0.42857142857142855,0.42857142857142855,279
file,plain,2,86,16,3,16,3,0.1875,0.1875,279
file,plain,2,87,18,1,18,1,0.05555555555555555,0.05555555555555555,279
file,plain,2,88,25,6,23,4,0.24,0.17391304347826086,279
file,plain,2,89,29,8,29,8,0.27586206896551724,0.27586206896551724,279
file,plain,2,90,19,9,19,9,0.47368421052631576,0.47368421052631576,279
file,plain,2,91,14,14,14,14,1.0,1.0,279
file,plain,2,92,20,2,20,2,0.1,0.1,279
file,plain,2,93,10,2,10,2,0.2,0.2,279
file,plain,2,94,7,4,7,4,0.5714285714285714,0.5714285714285714,279
file,plain,2,95,7,2,7,2,0.2857142857142857,0.2857142857142857,279
file,plain,2,96,18,2,18,2,0.1111111111111111,0.1111111111111111,279
file,plain,2,97,4,1,4,1,0.25,0.25,279
file,plain,2,98,7,1,7,1,0.14285714285714285,0.14285714285714285,279
file,plain,2,99,7,5,7,5,0.7142857142857143,0.7142857142857143,279
file,plain,2,100,10,5,10,5,0.5,0.5,279
file,plain,2,101,10,2,8,2,0.2,0.25,279
file,plain,2,102,7,1,7,1,0.14285714285714285,0.14285714285714285,279
file,plain,2,103,2,0,2,0,0.0,0.0,279
file,plain,2,104,8,5,8,5,0.625,0.625,279
file,plain,2,105,4,3,4,3,0.75,0.75,279
file,plain,2,106,3,0,3,0,0.0,0.0,279
file,plain,2,107,6,3,4,2,0.5,0.5,279
file,plain,2,108,2,0,2,0,0.0,0.0,279
file,plain,2,109,5,1,1,1,0.2,1.0,279
file,plain,2,110,2,0,2,0,0.0,0.0,279
file,plain,2,111,4,0,4,0,0.0,0.0,279
file,plain,2,112,3,0,3,0,0.0,0.0,279
file,plain,2,113,4,1,4,1,0.25,0.25,279
file,plain,2,114,5,5,5,5,1.0,1.0,279
file,plain,3,0,6122,487,5646,472,0.07954916693890886,0.08359900814736096,279
file,plain,3,1,6,0,6,0,0.0,0.0,279
file,plain,3,2,285,14,272,13,0.04912280701754386,0.04779411764705882,279
file,plain,3,3,199,9,193,9,0.04522613065326633,0.046632124352331605,279
file,plain,3,4,175,33,175,33,0.18857142857142858,0.18857142857142858,279
file,plain,3,5,119,7,115,7,0.058823529411764705,0.06086956521739131,279
file,plain,3,6,164,10,158,10,0.06097560975609756,0.06329113924050633,279
file,plain,3,7,205,17,193,17,0.08292682926829269,0.08808290155440414,279
file,plain,3,8,74,6,72,6,0.08108108108108109,0.08333333333333333,279
file,plain,3,9,128,9,124,8,0.0703125,0.06451612903225806,279
file,plain,3,10,108,11,106,11,0.10185185185185185,0.10377358490566038,279
file,plain,3,11,122,5,118,5,0.040983606557377046,0.0423728813559322,279
file,plain,3,12,110,2,110,2,0.01818181818181818,0.01818181818181818,279
file,plain,3,13,42,4,42,4,0.09523809523809523,0.09523809523809523,279
file,plain,3,14,51,2,49,2,0.0392156862745098,0.04081632653061224,279
file,plain,3,15,98,3,80,2,0.030612244897959183,0.025,279
file,plain,3,16,127,10,123,10,0.07874015748031496,0.08130081300813008,279
file,plain,3,17,110,31,108,31,0.2818181818181818,0.28703703703703703,279
file,plain,3,18,109,3,105,3,0.027522935779816515,0.02857142857142857,279
file,plain,3,19,97,4,97,4,0.041237113402061855,0.041237113402061855,279
file,plain,3,20,134,3,132,3,0.022388059701492536,0.022727272727272728,279
file,plain,3,21,111,8,107,8,0.07207207207207207,0.07476635514018691,279
file,plain,3,22,77,3,77,3,0.03896103896103896,0.03896103896103896,279
file,plain,3,23,117,7,106,7,0.05982905982905983,0.0660377358490566,279
file,plain,3,24,63,8,61,8,0.12698412698412698,0.13114754098360656,279
file,plain,3,25,76,27,74,27,0.35526315789473684,0.36486486486486486,279
file,plain,3,26,226,11,159,7,0.048672566371681415,0.0440251572327044,279
file,plain,3,27,92,5,86,4,0.05434782608695652,0.046511627906976744,279
file,plain,3,28,87,6,81,6,0.06896551724137931,0.07407407407407407,279
file,plain,3,29,68,4,65,4,0.058823529411764705,0.06153846153846154,279
file,plain,3,30,59,2,56,2,0.03389830508474576,0.03571428571428571,279
file,plain,3,31,33,1,29,1,0.030303030303030304,0.034482758620689655,279
file,plain,3,32,29,2,28,2,0.06896551724137931,0.07142857142857142,279
file,plain,3,33,72,11,72,11,0.1527777777777778,0.1527777777777778,279
file,plain,3,34,53,2,51,2,0.03773584905660377,0.0392156862745098,279
file,plain,3,35,44,5,42,5,0.11363636363636363,0.11904761904761904,279
file,plain,3,36,82,6,78,6,0.07317073170731707,0.07692307692307693,279
file,plain,3,37,181,11,144,6,0.06077348066298342,0.041666666666666664,279
file,plain,3,38,87,2,74,2,0.022988505747126436,0.02702702702702703,279
file,plain,3,39,74,4,72,4,0.05405405405405406,0.05555555555555555,279
file,plain,3,40,84,6,81,6,0.07142857142857142,0.07407407407407407,279
file,plain,3,41,53,0,50,0,0.0,0.0,279
file,plain,3,42,52,0,51,0,0.0,0.0,279
file,plain,3,43,88,2,84,2,0.022727272727272728,0.023809523809523808,279
file,plain,3,44,58,1,54,1,0.017241379310344827,0.018518518518518517,279
file,plain,3,45,36,4,34,4,0.1111111111111111,0.11764705882352941,279
file,plain,3,46,34,0,32,0,0.0,0.0,279
file,plain,3,47,37,14,37,14,0.3783783783783784,0.3783783783783784,279
file,plain,3,48,28,5,28,5,0.17857142857142858,0.17857142857142858,279
file,plain,3,49,17,1,17,1,0.058823529411764705,0.058823529411764705,279
file,plain,3,50,44,1,44,1,0.022727272727272728,0.022727272727272728,279
file,plain,3,51,59,1,54,1,0.01694915254237288,0.018518518518518517,279
file,plain,3,52,48,2,41,2,0.041666666666666664,0.04878048780487805,279
file,plain,3,53,61,0,61,0,0.0,0.0,279
file,plain,3,54,54,2,42,2,0.037037037037037035,0.047619047619047616,279
file,plain,3,55,77,3,15,3,0.03896103896103896,0.2,279
file,plain,3,56,95,6,81,5,0.06315789473684211,0.06172839506172839,279
file,plain,3,57,28,1,28,1,0.03571428571428571,0.03571428571428571,279
file,plain,3,58,21,0,21,0,0.0,0.0,279
file,plain,3,59,23,1,22,1,0.043478260869565216,0.045454545454545456,279
file,plain,3,60,12,1,12,1,0.08333333333333333,0.08333333333333333,279
file,plain,3,61,13,1,10,1,0.07692307692307693,0.1,279
file,plain,3,62,10,0,10,0,0.0,0.0,279
file,plain,3,63,10,0,10,0,0.0,0.0,279
file,plain,3,64,17,1,17,1,0.058823529411764705,0.058823529411764705,279
file,plain,3,65,11,0,11,0,0.0,0.0,279
file,plain,3,66,11,0,9,0,0.0,0.0,279
file,plain,3,67,29,2,27,2,0.06896551724137931,0.07407407407407407,279
file,plain,3,68,51,2,41,2,0.0392156862745098,0.04878048780487805,279
file,plain,3,69,51,7,41,7,0.13725490196078433,0.17073170731707318,279
file,plain,3,70,43,2,36,2,0.046511627906976744,0.05555555555555555,279
file,plain,3,71,27,13,27,13,0.48148148148148145,0.48148148148148145,279
file,plain,3,72,27,0,27,0,0.0,0.0,279
file,plain,3,73,19,10,17,10,0.5263157894736842,0.5882352941176471,279
file,plain,3,74,55,5,53,5,0.09090909090909091,0.09433962264150944,279
file,plain,3,75,39,6,39,6,0.15384615384615385,0.15384615384615385,279
file,plain,3,76,30,11,28,10,0.36666666666666664,0.35714285714285715,279
file,plain,3,77,49,3,27,3,0.061224489795918366,0.1111111111111111,279
file,plain,3,78,39,13,39,13,0.3333333333333333,0.3333333333333333,279
file,plain,3,79,45,9,41,9,0.2,0.21951219512195122,279
file,plain,3,80,41,1,37,1,0.024390243902439025,0.02702702702702703,279
file,plain,3,81,28,0,24,0,0.0,0.0,279
file,plain,3,82,18,1,16,1,0.05555555555555555,0.0625,279
file,plain,3,83,35,2,23,2,0.05714285714285714,0.08695652173913043,279
file,plain,3,84,24,0,20,0,0.0,0.0,279
file,plain,3,85,21,0,21,0,0.0,0.0,279
file,plain,3,86,16,3,16,3,0.1875,0.1875,279
file,plain,3,87,18,0,18,0,0.0,0.0,279
file,plain,3,88,25,2,23,2,0.08,0.08695652173913043,279
file,plain,3,89,29,1,29,1,0.034482758620689655,0.034482758620689655,279
file,plain,3,90,19,4,19,4,0.21052631578947367,0.21052631578947367,279
file,plain,3,91,14,14,14,14,1.0,1.0,279
file,plain,3,92,20,0,20,0,0.0,0.0,279
file,plain,3,93,10,0,10,0,0.0,0.0,279
file,plain,3,94,7,1,7,1,0.14285714285714285,0.14285714285714285,279
file,plain,3,95,7,0,7,0,0.0,0.0,279
file,plain,3,96,18,0,18,0,0.0,0.0,279
file,plain,3,97,4,1,4,1,0.25,0.25,279
file,plain,3,98,7,1,7,1,0.14285714285714285,0.14285714285714285,279
file,plain,3,99,7,3,7,3,0.42857142857142855,0.42857142857142855,279
file,plain,3,100,10,0,10,0,0.0,0.0,279
file,plain,3,101,10,2,8,2,0.2,0.25,279
file,plain,3,102,7,1,7,1,0.14285714285714285,0.14285714285714285,279
file,plain,3,103,2,0,2,0,0.0,0.0,279
file,plain,3,104,8,1,8,1,0.125,0.125,279
file,plain,3,105,4,0,4,0,0.0,0.0,279
file,plain,3,106,3,0,3,0,0.0,0.0,279
file,plain,3,107,6,0,4,0,0.0,0.0,279
file,plain,3,108,2,0,2,0,0.0,0.0,279
file,plain,3,109,5,0,1,0,0.0,0.0,279
file,plain,3,110,2,0,2,0,0.0,0.0,279
file,plain,3,111,4,0,4,0,0.0,0.0,279
file,plain,3,112,3,0,3,0,0.0,0.0,279
file,plain,3,113,4,0,4,0,0.0,0.0,279
file,plain,3,114,5,5,5,5,1.0,1.0,279
numbered,plain,2,0,6122,2467,5645,2288,0.40297288467820974,0.40531443755535873,280
numbered,plain,2,1,6,1,6,1,0.16666666666666666,0.16666666666666666,280
numbered,plain,2,2,285,115,272,111,0.40350877192982454,0.40808823529411764,280
numbered,plain,2,3,199,63,193,63,0.3165829145728643,0.32642487046632124,280
numbered,plain,2,4,175,38,175,38,0.21714285714285714,0.21714285714285714,280
numbered,plain,2,5,119,49,115,48,0.4117647058823529,0.41739130434782606,280
numbered,plain,2,6,164,80,158,79,0.4878048780487805,0.5,280
numbered,plain,2,7,205,108,193,100,0.526829268292683,0.5181347150259067,280
numbered,plain,2,8,74,27,72,27,0.36486486486486486,0.375,280
numbered,plain,2,9,128,59,124,57,0.4609375,0.4596774193548387,280
numbered,plain,2,10,108,56,106,56,0.5185185185185185,0.5283018867924528,280
numbered,plain,2,11,122,42,118,42,0.3442622950819672,0.3559322033898305,280
numbered,plain,2,12,110,40,110,40,0.36363636363636365,0.36363636363636365,280
numbered,plain,2,13,42,12,42,12,0.2857142857142857,0.2857142857142857,280
numbered,plain,2,14,51,16,49,16,0.3137254901960784,0.32653061224489793,280
numbered,plain,2,15,98,36,80,32,0.3673469387755102,0.4,280
numbered,plain,2,16,127,64,123,60,0.5039370078740157,0.4878048780487805,280
numbered,plain,2,17,110,44,108,44,0.4,0.4074074074074074,280
numbered,plain,2,18,109,35,105,35,0.3211009174311927,0.3333333333333333,280
numbered,plain,2,19,97,77,97,77,0.7938144329896907,0.7938144329896907,280
numbered,plain,2,20,134,13,132,13,0.09701492537313433,0.09848484848484848,280
numbered,plain,2,21,111,70,107,68,0.6306306306306306,0.6355140186915887,280
numbered,plain,2,22,77,13,77,13,0.16883116883116883,0.16883116883116883,280
numbered,plain,2,23,117,70,106,65,0.5982905982905983,0.6132075471698113,280
numbered,plain,2,24,63,23,61,23,0.36507936507936506,0.3770491803278688,280
numbered,plain,2,25,76,47,74,47,0.618421052631579,0.6351351351351351,280
numbered,plain,2,26,226,90,159,68,0.39823008849557523,0.4276729559748428,280
numbered,plain,2,27,92,47,86,45,0.5108695652173914,0.5232558139534884,280
numbered,plain,2,28,87,33,81,30,0.3793103448275862,0.37037037037037035,280
numbered,plain,2,29,68,31,65,31,0.45588235294117646,0.47692307692307695,280
numbered,plain,2,30,59,32,56,30,0.5423728813559322,0.5357142857142857,280
numbered,plain,2,31,33,12,29,11,0.36363636363636365,0.3793103448275862,280
numbered,plain,2,32,29,18,28,18,0.6206896551724138,0.6428571428571429,280
numbered,plain,2,33,72,15,72,15,0.20833333333333334,0.20833333333333334,280
numbered,plain,2,34,53,16,51,16,0.3018867924528302,0.3137254901960784,280
numbered,plain,2,35,44,19,42,19,0.4318181818181818,0.4523809523809524,280
numbered,plain,2,36,82,48,78,46,0.5853658536585366,0.5897435897435898,280
numbered,plain,2,37,181,69,144,47,0.3812154696132597,0.3263888888888889,280
numbered,plain,2,38,87,38,74,34,0.4367816091954023,0.4594594594594595,280
numbered,plain,2,39,74,34,71,34,0.4594594594594595,0.4788732394366197,280
numbered,plain,2,40,84,28,81,28,0.3333333333333333,0.345679012345679,280
numbered,plain,2,41,53,24,50,24,0.4528301886792453,0.48,280
numbered,plain,2,42,52,13,51,13,0.25,0.2549019607843137,280
numbered,plain,2,43,88,37,84,36,0.42045454545454547,0.42857142857142855,280
numbered,plain,2,44,58,26,54,25,0.4482758620689655,0.46296296296296297,280
numbered,plain,2,45,36,17,34,17,0.4722222222222222,0.5,280
numbered,plain,2,46,34,9,32,9,0.2647058823529412,0.28125,280
numbered,plain,2,47,37,22,37,22,0.5945945945945946,0.5945945945945946,280
numbered,plain,2,48,28,7,28,7,0.25,0.25,280
numbered,plain,2,49,17,1,17,1,0.058823529411764705,0.058823529411764705,280
numbered,plain,2,50,44,18,44,18,0.4090909090909091,0.4090909090909091,280
numbered,plain,2,51,59,23,54,21,0.3898305084745763,0.3888888888888889,280
numbered,plain,2,52,48,20,41,16,0.4166666666666667,0.3902439024390244,280
numbered,plain,2,53,61,8,61,8,0.13114754098360656,0.13114754098360656,280
numbered,plain,2,54,54,3,42,3,0.05555555555555555,0.07142857142857142,280
numbered,plain,2,55,77,55,15,9,0.7142857142857143,0.6,280
numbered,plain,2,56,95,35,81,29,0.3684210526315789,0.35802469135802467,280
numbered,plain,2,57,28,6,28,6,0.21428571428571427,0.21428571428571427,280
numbered,plain,2,58,21,5,21,5,0.23809523809523808,0.23809523809523808,280
numbered,plain,2,59,23,9,22,9,0.391304347826087,0.4090909090909091,280
numbered,plain,2,60,12,1,12,1,0.08333333333333333,0.08333333333333333,280
numbered,plain,2,61,13,5,10,4,0.38461538461538464,0.4,280
numbered,plain,2,62,10,5,10,5,0.5,0.5,280
numbered,plain,2,63,10,6,10,6,0.6,0.6,280
numbered,plain,2,64,17,5,17,5,0.29411764705882354,0.29411764705882354,280
numbered,plain,2,65,11,5,11,5,0.45454545454545453,0.45454545454545453,280
numbered,plain,2,66,11,6,9,5,0.5454545454545454,0.5555555555555556,280
numbered,plain,2,67,29,14,27,13,0.4827586206896552,0.48148148148148145,280
numbered,plain,2,68,51,20,41,15,0.39215686274509803,0.36585365853658536,280
numbered,plain,2,69,51,27,41,25,0.5294117647058824,0.6097560975609756,280
numbered,plain,2,70,43,16,36,12,0.37209302325581395,0.3333333333333333,280
numbered,plain,2,71,27,15,27,15,0.5555555555555556,0.5555555555555556,280
numbered,plain,2,72,27,14,27,14,0.5185185185185185,0.5185185185185185,280
numbered,plain,2,73,19,13,17,12,0.6842105263157895,0.7058823529411765,280
numbered,plain,2,74,55,20,53,20,0.36363636363636365,0.37735849056603776,280
numbered,plain,2,75,39,13,39,13,0.3333333333333333,0.3333333333333333,280
numbered,plain,2,76,30,22,28,21,0.7333333333333333,0.75,280
numbered,plain,2,77,49,16,27,10,0.32653061224489793,0.37037037037037035,280
numbered,plain,2,78,39,17,39,17,0.4358974358974359,0.4358974358974359,280
numbered,plain,2,79,45,16,41,16,0.35555555555555557,0.3902439024390244,280
numbered,plain,2,80,41,15,37,15,0.36585365853658536,0.40540540540540543,280
numbered,plain,2,81,28,7,24,7,0.25,0.2916666666666667,280
numbered,plain,2,82,18,10,16,9,0.5555555555555556,0.5625,280
numbered,plain,2,83,35,10,23,7,0.2857142857142857,0.30434782608695654,280
numbered,plain,2,84,24,8,20,7,0.3333333333333333,0.35,280
numbered,plain,2,85,21,9,21,9,0.42857142857142855,0.42857142857142855,280
numbered,plain,2,86,16,3,16,3,0.1875,0.1875,280
numbered,plain,2,87,18,1,18,1,0.05555555555555555,0.05555555555555555,280
numbered,plain,2,88,25,6,23,4,0.24,0.17391304347826086,280
numbered,plain,2,89,29,8,29,8,0.27586206896551724,0.27586206896551724,280
numbered,plain,2,90,19,9,19,9,0.47368421052631576,0.47368421052631576,280
numbered,plain,2,91,14,14,14,14,1.0,1.0,280
numbered,plain,2,92,20,2,20,2,0.1,0.1,280
numbered,plain,2,93,10,2,10,2,0.2,0.2,280
numbered,plain,2,94,7,4,7,4,0.5714285714285714,0.5714285714285714,280
numbered,plain,2,95,7,2,7,2,0.2857142857142857,0.2857142857142857,280
numbered,plain,2,96,18,2,18,2,0.1111111111111111,0.1111111111111111,280
numbered,plain,2,97,4,1,4,1,0.25,0.25,280
numbered,plain,2,98,7,1,7,1,0.14285714285714285,0.14285714285714285,280
numbered,plain,2,99,7,5,7,5,0.7142857142857143,0.7142857142857143,280
numbered,plain,2,100,10,5,10,5,0.5,0.5,280
numbered,plain,2,101,10,2,8,2,0.2,0.25,280
numbered,plain,2,102,7,1,7,1,0.14285714285714285,0.14285714285714285,280
numbered,plain,2,103,2,0,2,0,0.0,0.0,280
numbered,plain,2,104,8,5,8,5,0.625,0.625,280
numbered,plain,2,105,4,3,4,3,0.75,0.75,280
numbered,plain,2,106,3,0,3,0,0.0,0.0,280
numbered,plain,2,107,6,3,4,2,0.5,0.5,280
numbered,plain,2,108,2,0,2,0,0.0,0.0,280
numbered,plain,2,109,5,1,1,1,0.2,1.0,280
numbered,plain,2,110,2,0,2,0,0.0,0.0,280
numbered,plain,2,111,4,0,4,0,0.0,0.0,280
numbered,plain,2,112,3,0,3,0,0.0,0.0,280
numbered,plain,2,113,4,1,4,1,0.25,0.25,280
numbered,plain,2,114,5,5,5,5,1.0,1.0,280
numbered,plain,3,0,6122,487,5645,472,0.07954916693890886,0.08361381753764394,280
numbered,plain,3,1,6,0,6,0,0.0,0.0,280
numbered,plain,3,2,285,14,272,13,0.04912280701754386,0.04779411764705882,280
numbered,plain,3,3,199,9,193,9,0.04522613065326633,0.046632124352331605,280
numbered,plain,3,4,175,33,175,33,0.18857142857142858,0.18857142857142858,280
numbered,plain,3,5,119,7,115,7,0.058823529411764705,0.06086956521739131,280
numbered,plain,3,6,164,10,158,10,0.06097560975609756,0.06329113924050633,280
numbered,plain,3,7,205,17,193,17,0.08292682926829269,0.08808290155440414,280
numbered,plain,3,8,74,6,72,6,0.08108108108108109,0.08333333333333333,280
numbered,plain,3,9,128,9,124,8,0.0703125,0.06451612903225806,280
numbered,plain,3,10,108,11,106,11,0.10185185185185185,0.10377358490566038,280
numbered,plain,3,11,122,5,118,5,0.040983606557377046,0.0423728813559322,280
numbered,plain,3,12,110,2,110,2,0.01818181818181818,0.01818181818181818,280
numbered,plain,3,13,42,4,42,4,0.09523809523809523,0.09523809523809523,280
numbered,plain,3,14,51,2,49,2,0.0392156862745098,0.04081632653061224,280
numbered,plain,3,15,98,3,80,2,0.030612244897959183,0.025,280
numbered,plain,3,16,127,10,123,10,0.07874015748031496,0.08130081300813008,280
numbered,plain,3,17,110,31,108,31,0.2818181818181818,0.28703703703703703,280
numbered,plain,3,18,109,3,105,3,0.027522935779816515,0.02857142857142857,280
numbered,plain,3,19,97,4,97,4,0.041237113402061855,0.041237113402061855,280
numbered,plain,3,20,134,3,132,3,0.022388059701492536,0.022727272727272728,280
numbered,plain,3,21,111,8,107,8,0.07207207207207207,0.07476635514018691,280
numbered,plain,3,22,77,3,77,3,0.03896103896103896,0.03896103896103896,280
numbered,plain,3,23,117,7,106,7,0.05982905982905983,0.0660377358490566,280
numbered,plain,3,24,63,8,61,8,0.12698412698412698,0.13114754098360656,280
numbered,plain,3,25,76,27,74,27,0.35526315789473684,0.36486486486486486,280
numbered,plain,3,26,226,11,159,7,0.048672566371681415,0.0440251572327044,280
numbered,plain,3,27,92,5,86,4,0.05434782608695652,0.046511627906976744,280
numbered,plain,3,28,87,6,81,6,0.06896551724137931,0.07407407407407407,280
numbered,plain,3,29,68,4,65,4,0.058823529411764705,0.06153846153846154,280
numbered,plain,3,30,59,2,56,2,0.03389830508474576,0.03571428571428571,280
numbered,plain,3,31,33,1,29,1,0.030303030303030304,0.034482758620689655,280
numbered,plain,3,32,29,2,28,2,0.06896551724137931,0.07142857142857142,280
numbered,plain,3,33,72,11,72,11,0.1527777777777778,0.1527777777777778,280
numbered,plain,3,34,53,2,51,2,0.03773584905660377,0.0392156862745098,280
numbered,plain,3,35,44,5,42,5,0.11363636363636363,0.11904761904761904,280
numbered,plain,3,36,82,6,78,6,0.07317073170731707,0.07692307692307693,280
numbered,plain,3,37,181,11,144,6,0.06077348066298342,0.041666666666666664,280
numbered,plain,3,38,87,2,74,2,0.022988505747126436,0.02702702702702703,280
numbered,plain,3,39,74,4,71,4,0.05405405405405406,0.056338028169014086,280
numbered,plain,3,40,84,6,81,6,0.07142857142857142,0.07407407407407407,280
numbered,plain,3,41,53,0,50,0,0.0,0.0,280
numbered,plain,3,42,52,0,51,0,0.0,0.0,280
numbered,plain,3,43,88,2,84,2,0.022727272727272728,0.023809523809523808,280
numbered,plain,3,44,58,1,54,1,0.017241379310344827,0.018518518518518517,280
numbered,plain,3,45,36,4,34,4,0.1111111111111111,0.11764705882352941,280
numbered,plain,3,46,34,0,32,0,0.0,0.0,280
numbered,plain,3,47,37,14,37,14,0.3783783783783784,0.3783783783783784,280
numbered,plain,3,48,28,5,28,5,0.17857142857142858,0.17857142857142858,280
numbered,plain,3,49,17,1,17,1,0.058823529411764705,0.058823529411764705,280
numbered,plain,3,50,44,1,44,1,0.022727272727272728,0.022727272727272728,280
numbered,plain,3,51,59,1,54,1,0.01694915254237288,0.018518518518518517,280
numbered,plain,3,52,48,2,41,2,0.041666666666666664,0.04878048780487805,280
numbered,plain,3,53,61,0,61,0,0.0,0.0,280
numbered,plain,3,54,54,2,42,2,0.037037037037037035,0.047619047619047616,280
numbered,plain,3,55,77,3,15,3,0.03896103896103896,0.2,280
numbered,plain,3,56,95,6,81,5,0.06315789473684211,0.06172839506172839,280
numbered,plain,3,57,28,1,28,1,0.03571428571428571,0.03571428571428571,280
numbered,plain,3,58,21,0,21,0,0.0,0.0,280
numbered,plain,3,59,23,1,22,1,0.043478260869565216,0.045454545454545456,280
numbered,plain,3,60,12,1,12,1,0.08333333333333333,0.08333333333333333,280
numbered,plain,3,61,13,1,10,1,0.07692307692307693,0.1,280
numbered,plain,3,62,10,0,10,0,0.0,0.0,280
numbered,plain,3,63,10,0,10,0,0.0,0.0,280
numbered,plain,3,64,17,1,17,1,0.058823529411764705,0.058823529411764705,280
numbered,plain,3,65,11,0,11,0,0.0,0.0,280
numbered,plain,3,66,11,0,9,0,0.0,0.0,280
numbered,plain,3,67,29,2,27,2,0.06896551724137931,0.07407407407407407,280
numbered,plain,3,68,51,2,41,2,0.0392156862745098,0.04878048780487805,280
numbered,plain,3,69,51,7,41,7,0.13725490196078433,0.17073170731707318,280
numbered,plain,3,70,43,2,36,2,0.046511627906976744,0.05555555555555555,280
numbered,plain,3,71,27,13,27,13,0.48148148148148145,0.48148148148148145,280
numbered,plain,3,72,27,0,27,0,0.0,0.0,280
numbered,plain,3,73,19,10,17,10,0.5263157894736842,0.5882352941176471,280
numbered,plain,3,74,55,5,53,5,0.09090909090909091,0.09433962264150944,280
numbered,plain,3,75,39,6,39,6,0.15384615384615385,0.15384615384615385,280
numbered,plain,3,76,30,11,28,10,0.36666666666666664,0.35714285714285715,280
numbered,plain,3,77,49,3,27,3,0.061224489795918366,0.1111111111111111,280
numbered,plain,3,78,39,13,39,13,0.3333333333333333,0.3333333333333333,280
numbered,plain,3,79,45,9,41,9,0.2,0.21951219512195122,280
numbered,plain,3,80,41,1,37,1,0.024390243902439025,0.02702702702702703,280
numbered,plain,3,81,28,0,24,0,0.0,0.0,280
numbered,plain,3,82,18,1,16,1,0.05555555555555555,0.0625,280
numbered,plain,3,83,35,2,23,2,0.05714285714285714,0.08695652173913043,280
numbered,plain,3,84,24,0,20,0,0.0,0.0,280
numbered,plain,3,85,21,0,21,0,0.0,0.0,280
numbered,plain,3,86,16,3,16,3,0.1875,0.1875,280
numbered,plain,3,87,18,0,18,0,0.0,0.0,280
numbered,plain,3,88,25,2,23,2,0.08,0.08695652173913043,280
numbered,plain,3,89,29,1,29,1,0.034482758620689655,0.034482758620689655,280
numbered,plain,3,90,19,4,19,4,0.21052631578947367,0.21052631578947367,280
numbered,plain,3,91,14,14,14,14,1.0,1.0,280
numbered,plain,3,92,20,0,20,0,0.0,0.0,280
numbered,plain,3,93,10,0,10,0,0.0,0.0,280
numbered,plain,3,94,7,1,7,1,0.14285714285714285,0.14285714285714285,280
numbered,plain,3,95,7,0,7,0,0.0,0.0,280
numbered,plain,3,96,18,0,18,0,0.0,0.0,280
numbered,plain,3,97,4,1,4,1,0.25,0.25,280
numbered,plain,3,98,7,1,7,1,0.14285714285714285,0.14285714285714285,280
numbered,plain,3,99,7,3,7,3,0.42857142857142855,0.42857142857142855,280
numbered,plain,3,100,10,0,10,0,0.0,0.0,280
numbered,plain,3,101,10,2,8,2,0.2,0.25,280
numbered,plain,3,102,7,1,7,1,0.14285714285714285,0.14285714285714285,280
numbered,plain,3,103,2,0,2,0,0.0,0.0,280
numbered,plain,3,104,8,1,8,1,0.125,0.125,280
numbered,plain,3,105,4,0,4,0,0.0,0.0,280
numbered,plain,3,106,3,0,3,0,0.0,0.0,280
numbered,plain,3,107,6,0,4,0,0.0,0.0,280
numbered,plain,3,108,2,0,2,0,0.0,0.0,280
numbered,plain,3,109,5,0,1,0,0.0,0.0,280
numbered,plain,3,110,2,0,2,0,0.0,0.0,280
numbered,plain,3,111,4,0,4,0,0.0,0.0,280
numbered,plain,3,112,3,0,3,0,0.0,0.0,280
numbered,plain,3,113,4,0,4,0,0.0,0.0,280
numbered,plain,3,114,5,5,5,5,1.0,1.0,280
