hypothesis_id,family,title_ru,status,profile_id,scope,observed,method_ru,limitation_ru,evidence_path,p_value,source_url,source_quote,null_model,null_mean,effect,null_q025,null_q975,p_adjusted,correction,simulations,seed,n_units,null_varies,tail,registration,family_test_count
core_basmala_sensitivity,corpus_audit,Вступительные басмалы меняют поверхностные частоты,descriptive,raw,file vs numbered,"{""file"": 78248, ""numbered"": 77800, ""difference_tokens"": 448, ""opening_surahs"": 112}","Распознавание только первых четырёх токенов, совпадающих с 1:1 в plain, у первых аятов сур, кроме 1 и 9; внутренний текст 27:30 сохранён. 95:1 и 97:1 имеют дополнительную шадду в raw.",Альтернативная область является документированным аналитическим соглашением; исходные номера аятов не меняются.,results/tables/core_basmala_sensitivity.csv,,,,,,,,,,,,,,,,,
core_normalization_changes_vocabulary,normalization,Нормализация меняет число различаемых письменных форм,descriptive,raw/nfc/plain/search,file,"{""raw"": 18243, ""nfc"": 18243, ""plain"": 14868, ""search"": 14691}",Исчерпывающий словарь каждого профиля и полная таблица коллизий между профилями.,Объединённая форма не является доказательством совпадения леммы или значения.,results/tables/core_normalization_collisions.csv.gz,,,,,,,,,,,,,,,,,
I-morph-negation,I,Сегменты отрицания,описательное,qac_v0.4_aligned,numbered_aligned,"{""segments"": 2660, ""tokens"": 2660, ""verses"": 1873}",Полный перебор выровненных сегментов по явным меткам QAC v0.4; формы и все адреса сохранены.,"Это функция сегмента по внешней разметке, а не полное семантическое или синтаксическое толкование аята. Невыровненные токены исключены.",results/tables/morphology_linguistic_occurrences.csv.gz,,,,,,,,,,,,,,,,,
I-morph-vocative,I,Обращения,описательное,qac_v0.4_aligned,numbered_aligned,"{""segments"": 331, ""tokens"": 651, ""verses"": 328}",Полный перебор выровненных сегментов по явным меткам QAC v0.4; формы и все адреса сохранены.,"Это функция сегмента по внешней разметке, а не полное семантическое или синтаксическое толкование аята. Невыровненные токены исключены.",results/tables/morphology_linguistic_occurrences.csv.gz,,,,,,,,,,,,,,,,,
I-morph-interrogative,I,Вопросительные сегменты,описательное,qac_v0.4_aligned,numbered_aligned,"{""segments"": 812, ""tokens"": 812, ""verses"": 727}",Полный перебор выровненных сегментов по явным меткам QAC v0.4; формы и все адреса сохранены.,"Это функция сегмента по внешней разметке, а не полное семантическое или синтаксическое толкование аята. Невыровненные токены исключены.",results/tables/morphology_linguistic_occurrences.csv.gz,,,,,,,,,,,,,,,,,
I-morph-imperative,I,Повелительные глаголы,описательное,qac_v0.4_aligned,numbered_aligned,"{""segments"": 1692, ""tokens"": 1692, ""verses"": 1183}",Полный перебор выровненных сегментов по явным меткам QAC v0.4; формы и все адреса сохранены.,"Это функция сегмента по внешней разметке, а не полное семантическое или синтаксическое толкование аята. Невыровненные токены исключены.",results/tables/morphology_linguistic_occurrences.csv.gz,,,,,,,,,,,,,,,,,
I-morph-proper_name,I,Имена собственные,описательное,qac_v0.4_aligned,numbered_aligned,"{""segments"": 3662, ""tokens"": 3722, ""verses"": 2344}",Полный перебор выровненных сегментов по явным меткам QAC v0.4; формы и все адреса сохранены.,"Это функция сегмента по внешней разметке, а не полное семантическое или синтаксическое толкование аята. Невыровненные токены исключены.",results/tables/morphology_linguistic_occurrences.csv.gz,,,,,,,,,,,,,,,,,
I-numeric-root-candidates,I,Кандидаты числовых выражений по 12 корням,кандидат,qac_v0.4_aligned,numbered_aligned,"{""segments"": 264, ""root_inventory_bw"": [""Alf"", ""E$r"", ""mAy"", ""rbE"", ""sbE"", ""sds"", ""tsE"", ""vlv"", ""vmn"", ""vny"", ""wHd"", ""xms""]}",Фиксированный список 12 корней. Все сегменты сохранены для ручной проверки контекста.,"Корень может выражать не число: единство, повторение, долю и другие значения. Сумма значений чисел и полный семантический каталог не заявляются.",results/tables/morphology_linguistic_occurrences.csv.gz,,,,,,,,,,,,,,,,,
I-verb-person-transition,I,Смена грамматического лица соседних глаголов внутри аята,кандидат,qac_v0.4_aligned,numbered_aligned,"{""external_adjacent_verb_pairs"": 13805, ""verified_pairs"": 11288, ""pairs_with_person_change"": 4017}",Соседние глагольные основы в полной последовательности QAC одного аята; сохраняются только пары с обоими выровненными членами. Смена — различие первого знака признака лица/рода/числа.,"Смена может быть обычной сменой субъекта, цитатой или обращением. Это кандидаты для чтения контекста, не автоматическая разметка риторического ильтифата. Пропущенные глаголы не перекрываются.",results/tables/morphology_verb_transitions.csv,,,,,,,,,,,,,,,,,
J-month-12,J,Публикация: شهر — 12 вхождений,воспроизведено при заданных правилах,qac_v0.4_aligned,numbered_aligned,"{""expected"": 12, ""verified_included"": 12, ""unverified_included"": 0, ""external_candidates"": 21, ""external_categories"": {""included_singular"": 12, ""excluded_dual_plural"": 9}}",Корень شهر; исключены двойственное и множественное число по QAC.,"Правило исключения притяжательных форм относится только к опубликованному тесту, а не ко всем частотам слова «день». Неполное выравнивание не позволяет выдавать внешний итог за итог исходника.",results/tables/morphology_claim_occurrences.csv.gz,,https://www.masjidtucson.org/submission/youth/verifying_calendar_months_days.html,"In Quran: the word ""month"" occurs 12 times, and ""day"" 365 times",,,,,,,,,,,,,,
J-day-365,J,Публикация: يوم — 365 вхождений,частично: неполное выравнивание,qac_v0.4_aligned,numbered_aligned,"{""expected"": 365, ""verified_included"": 362, ""unverified_included"": 3, ""external_candidates"": 405, ""external_categories"": {""included_singular"": 365, ""excluded_dual_plural"": 30, ""excluded_possessive_suffix"": 10}}",Корень يوم; исключены двойственное/множественное число и местоименные суффиксы. Все остальные единственные формы включены.,"Правило исключения притяжательных форм относится только к опубликованному тесту, а не ко всем частотам слова «день». Неполное выравнивание не позволяет выдавать внешний итог за итог исходника.",results/tables/morphology_claim_occurrences.csv.gz,,https://www.masjidtucson.org/submission/youth/verifying_calendar_months_days.html,"In Quran: the word ""month"" occurs 12 times, and ""day"" 365 times",,,,,,,,,,,,,,
J-basmala-114,J,Публикация: басмала встречается 114 раз,воспроизведено при заданных правилах,plain,file,"{""expected"": 114, ""observed"": {""raw/file"": 112, ""raw/numbered"": 2, ""nfc/file"": 112, ""nfc/numbered"": 2, ""plain/file"": 114, ""plain/numbered"": 2, ""search/file"": 114, ""search/numbered"": 2}}","Точное совпадение четырёх токенов с аятом 1:1 внутри аята, каждый профиль и две области подсчёта.",Результат зависит от области и определения письменной единицы; сам по себе не является статистическим свидетельством необычности.,results/tables/morphology_claim_occurrences.csv.gz,,https://19.org/blog/prime/,The Basmalah occurs 114 times,,,,,,,,,,,,,,
J-basmala-19,J,Публикация: 19 букв в басмале,воспроизведено при заданных правилах,written_letters_v1,file,"{""expected"": 19, ""observed"": 19}",Сумма базовых письменных букв четырёх токенов 1:1 по спецификации корпуса; огласовки и татвил не считаются буквами.,Результат зависит от области и определения письменной единицы; сам по себе не является статистическим свидетельством необычности.,results/tables/morphology_claim_occurrences.csv.gz,,https://qurantalkblog.com/2023/07/16/bismillah-word-count/,This statement consists of exactly 19 letters,,,,,,,,,,,,,,
J-world-hereafter,J,Пара الدنيا / الآخرة: по 115,недостаточно специфицировано,qac_v0.4_aligned,numbered_aligned,"{""expected"": [115, 115], ""fixed_lemma_counts"": [{""lemma_bw"": ""d~unoyaA"", ""lemma"": ""دُّنْيَا"", ""external_segments"": 115, ""verified_segments"": 115, ""external_feminine_singular"": 115, ""verified_feminine_singular"": 115}, {""lemma_bw"": ""A^xir"", ""lemma"": ""آخِر"", ""external_segments"": 155, ""verified_segments"": 0, ""external_feminine_singular"": 115, ""verified_feminine_singular"": 0}]}","Фиксированные ключи QAC d~unoyaA и A^xir: все формы и отдельно FS (женский род, единственное число). Полная лемма A^xir включает также мужские формы «последний». FS — явная грамматическая чувствительность, а не заявленное семантическое определение автора.",В публикации не дана полная формальная методика включения значений; внешние частоты не являются частотами исходника. Орфографические различия хамзы резко ограничивают выравнивание второй леммы. Это не опровержение всех возможных семантических определений.,results/tables/morphology_claim_occurrences.csv.gz,,https://19.org/blog/prime/,"The words “this world” (dunya) and “hereafter” (ahirah), each occur 115 times.",,,,,,,,,,,,,,
EX-C-001,C,Точные повторяющиеся аяты зависят от профиля записи,descriptive_verified,plain,file,"{""raw/file"": {""repeated_groups"": 92, ""verses_in_groups"": 267}, ""raw/numbered"": {""repeated_groups"": 96, ""verses_in_groups"": 276}, ""nfc/file"": {""repeated_groups"": 96, ""verses_in_groups"": 275}, ""nfc/numbered"": {""repeated_groups"": 96, ""verses_in_groups"": 276}, ""plain/file"": {""repeated_groups"": 98, ""verses_in_groups"": 279}, ""plain/numbered"": {""repeated_groups"": 98, ""verses_in_groups"": 280}, ""search/file"": {""repeated_groups"": 98, ""verses_in_groups"": 279}, ""search/numbered"": {""repeated_groups"": 98, ""verses_in_groups"": 280}}",Полная группировка аятов по raw/nfc/plain/search и двум правилам вступительной басмалы.,Равенство написания не является самостоятельным свидетельством необычности; для numbered сравнивается последовательность оставшихся токенов.,results/tables/exploration_exact_verse_repeats.csv,,,,,,,,,,,,,,,,,
EX-C-002,C,Длинные точные повторяющиеся последовательности,candidate_bounded_search,plain,file,"{""groups"": 264, ""longest"": {""sequence"": ""وإن كنتم مرضى أو على سفر أو جاء أحد منكم من الغائط أو لامستم النساء فلم تجدوا ماء فتيمموا صعيدا طيبا فامسحوا بوجوهكم وأيديكم"", ""token_length"": 24, ""frequency"": 2, ""start_token_ids"": ""4:43:21|5:6:23"", ""nonoverlapping_frequency"": 2, ""end_token_ids"": ""4:43:44|5:6:46"", ""profile_id"": ""plain"", ""scope"": ""file""}}",Расширение всех пар 5-токенных затравок с поддержкой 2–40 до несовпадения/границы аята; минимум 8 токенов.,"Это ограниченный поиск кандидатов; повторы, состоящие только из более частых затравок, могут быть пропущены. Найденные адреса доступны полностью.",results/tables/exploration_long_repeat_pairs.csv.gz,,,,,,,,,,,,,,,,,
EX-F-001,F,Совпадения ограниченной целочисленной грамматики,descriptive_no_significance,plain,file,"{""equality_tested"": 36024, ""equality_matched"": 14, ""divisibility_tested"": 5472, ""divisibility_matched"": 1208, ""primality_tested"": 912, ""primality_matched"": 165}","Все равенства x=y и x+y=z восьми характеристик каждой суры; делимость на 2,3,5,7,11,19 и простота атомов.",Формулы имеют разные естественные зависимости. Совпадение без модели контроля и учёта выбора не является статистическим доказательством.,results/tables/exploration_numeric_tests.csv.gz,,,,,,,,,,,,,,,,,
EX-G-001,G,Ассоциации частых слов в аятах,descriptive_verified,plain,file,"[{""context"": ""verse"", ""word_a"": ""الرحيم"", ""word_b"": ""بسم"", ""n_contexts"": 6236, ""count_a"": 146, ""count_b"": 115, ""count_ab"": 114, ""pmi_bits"": 5.403980617038134, ""lift"": 42.340917212626564, ""support_pass"": 1, ""example_context_ids"": ""1:1|2:1|3:1|4:1|5:1"", ""profile_id"": ""plain"", ""scope"": ""file""}, {""context"": ""verse"", ""word_a"": ""الرحمن"", ""word_b"": ""بسم"", ""n_contexts"": 6236, ""count_a"": 156, ""count_b"": 115, ""count_ab"": 114, ""pmi_bits"": 5.308402957055903, ""lift"": 39.62675585284281, ""support_pass"": 1, ""example_context_ids"": ""1:1|2:1|3:1|4:1|5:1"", ""profile_id"": ""plain"", ""scope"": ""file""}, {""context"": ""verse"", ""word_a"": ""الرحمن"", ""word_b"": ""الرحيم"", ""n_contexts"": 6236, ""count_a"": 156, ""count_b"": 146, ""count_ab"": 118, ""pmi_bits"": 5.0138214843173605, ""lift"": 32.3080435546189, ""support_pass"": 1, ""example_context_ids"": ""1:1|1:3|2:1|2:163|3:1"", ""profile_id"": ""plain"", ""scope"": ""file""}, {""context"": ""verse"", ""word_a"": ""السماوات"", ""word_b"": ""والأرض"", ""n_contexts"": 6236, ""count_a"": 180, ""count_b"": 156, ""count_ab"": 134, ""pmi_bits"": 4.895239087963634, ""lift"": 29.75868945868946, ""support_pass"": 1, ""example_context_ids"": ""2:33|2:107|2:116|2:117|2:164"", ""profile_id"": ""plain"", ""scope"": ""file""}, {""context"": ""verse"", ""word_a"": ""ربنا"", ""word_b"": ""لنا"", ""n_contexts"": 6236, ""count_a"": 93, ""count_b"": 73, ""count_ab"": 23, ""pmi_bits"": 4.400983798766749, ""lift"": 21.126528207394315, ""support_pass"": 1, ""example_context_ids"": ""2:286|3:8|3:16|3:147|3:193"", ""profile_id"": ""plain"", ""scope"": ""file""}]","Бинарное присутствие top-120 словоформ; PMI/lift, поддержка не менее 5 совместных аятов; все пары сохранены.",Не учитывает грамматическую роль и все различия длины аятов; статистическая значимость и семантическая связь не заявляются.,results/tables/exploration_cooccurrence.csv.gz,,,,,,,,,,,,,,,,,
EX-H-001,H,Порядок токенов и степень сжатия,descriptive_control_comparison,plain,file,"{""observed_ratio"": 0.2491743074869509, ""shuffle_mean_ratio"": 0.28893270288533046}","UTF-8 из plain-токенов, пробел-разделитель, zlib level 9; 19 глобальных перестановок при seed=20261007.","Контроль сохраняет частоты и байтовую длину, но разрушает грамматику и границы. Это свойство порядка данного текста, не тест уникальности Корана.",results/tables/exploration_compression_controls.csv,,,,,,,,,,,,,,,,,
STAT-length_adjacency-file-verse_shuffle_within_surah,primary_permutation,Соседние аяты близки по числу токенов,Необычно относительно указанной модели после поправок,plain,file,5.976804965697484,"Перестановка целых аятов внутри суры; сохраняет их тексты, длины, частоты и границы сур. Блоковый вариант сохраняет порядок внутри последовательных блоков из 5 аятов. См. docs/STATISTICAL_PLAN.md.","Вывод относится к конкретной перестановочной модели; грамматика и риторика могут объяснять отличие. Не доказывает уникальность, намеренность или происхождение текста.",results/tables/statistical_null_draws.csv.gz,0.001,,,verse_shuffle_within_surah,6.587048008478914,-0.6102430427814296,6.49110584776217,6.689015027768703,0.024,Holm-FWER (все первичные тесты),999,2763153571,6122,True,less,План до расчёта; независимой контрольной выборки нет,24
STAT-length_position-file-verse_shuffle_within_surah,primary_permutation,Длина аята связана с положением внутри суры,Необычно относительно указанной модели после поправок,plain,file,0.03657631788613861,"Перестановка целых аятов внутри суры; сохраняет их тексты, длины, частоты и границы сур. Блоковый вариант сохраняет порядок внутри последовательных блоков из 5 аятов. См. docs/STATISTICAL_PLAN.md.","Вывод относится к конкретной перестановочной модели; грамматика и риторика могут объяснять отличие. Не доказывает уникальность, намеренность или происхождение текста.",results/tables/statistical_null_draws.csv.gz,0.004,,,verse_shuffle_within_surah,0.010291293726197411,0.0262850241599412,0.00039852269331951275,0.02857419369666338,0.024,Holm-FWER (все первичные тесты),999,2763153571,6236,True,greater,План до расчёта; независимой контрольной выборки нет,24
STAT-ending_2-file-verse_shuffle_within_surah,primary_permutation,Соседние аяты имеют одинаковые последние 2 письменные буквы,Необычно относительно указанной модели после поправок,plain,file,0.40297288467820974,"Перестановка целых аятов внутри суры; сохраняет их тексты, длины, частоты и границы сур. Блоковый вариант сохраняет порядок внутри последовательных блоков из 5 аятов. См. docs/STATISTICAL_PLAN.md.","Вывод относится к конкретной перестановочной модели; грамматика и риторика могут объяснять отличие. Не доказывает уникальность, намеренность или происхождение текста.",results/tables/statistical_null_draws.csv.gz,0.001,,,verse_shuffle_within_surah,0.28926476296616777,0.11370812171204198,0.2806109114668409,0.29844005227049986,0.024,Holm-FWER (все первичные тесты),999,2763153571,6122,True,greater,План до расчёта; независимой контрольной выборки нет,24
STAT-ending_3-file-verse_shuffle_within_surah,primary_permutation,Соседние аяты имеют одинаковые последние 3 письменные буквы,Необычно относительно указанной модели после поправок,plain,file,0.07954916693890886,"Перестановка целых аятов внутри суры; сохраняет их тексты, длины, частоты и границы сур. Блоковый вариант сохраняет порядок внутри последовательных блоков из 5 аятов. См. docs/STATISTICAL_PLAN.md.","Вывод относится к конкретной перестановочной модели; грамматика и риторика могут объяснять отличие. Не доказывает уникальность, намеренность или происхождение текста.",results/tables/statistical_null_draws.csv.gz,0.001,,,verse_shuffle_within_surah,0.05624229260295905,0.023306874335949808,0.05145377327670696,0.06141783730806926,0.024,Holm-FWER (все первичные тесты),999,2763153571,6122,True,greater,План до расчёта; независимой контрольной выборки нет,24
STAT-length_adjacency-file-block_5_shuffle_within_surah,primary_permutation,Соседние аяты близки по числу токенов,Необычно относительно указанной модели после поправок,plain,file,5.976804965697484,"Перестановка целых аятов внутри суры; сохраняет их тексты, длины, частоты и границы сур. Блоковый вариант сохраняет порядок внутри последовательных блоков из 5 аятов. См. docs/STATISTICAL_PLAN.md.","Вывод относится к конкретной перестановочной модели; грамматика и риторика могут объяснять отличие. Не доказывает уникальность, намеренность или происхождение текста.",results/tables/statistical_null_draws.csv.gz,0.001,,,block_5_shuffle_within_surah,6.101775738495765,-0.12497077279828073,6.051608951323097,6.148317543286508,0.024,Holm-FWER (все первичные тесты),999,930109970,6122,True,less,План до расчёта; независимой контрольной выборки нет,24
STAT-length_position-file-block_5_shuffle_within_surah,primary_permutation,Длина аята связана с положением внутри суры,Необычно относительно указанной модели после поправок,plain,file,0.03657631788613861,"Перестановка целых аятов внутри суры; сохраняет их тексты, длины, частоты и границы сур. Блоковый вариант сохраняет порядок внутри последовательных блоков из 5 аятов. См. docs/STATISTICAL_PLAN.md.","Вывод относится к конкретной перестановочной модели; грамматика и риторика могут объяснять отличие. Не доказывает уникальность, намеренность или происхождение текста.",results/tables/statistical_null_draws.csv.gz,0.016,,,block_5_shuffle_within_surah,0.012325071750262873,0.02425124613587574,0.0006646966782246236,0.03388363973584705,0.024,Holm-FWER (все первичные тесты),999,930109970,6236,True,greater,План до расчёта; независимой контрольной выборки нет,24
STAT-ending_2-file-block_5_shuffle_within_surah,primary_permutation,Соседние аяты имеют одинаковые последние 2 письменные буквы,Необычно относительно указанной модели после поправок,plain,file,0.40297288467820974,"Перестановка целых аятов внутри суры; сохраняет их тексты, длины, частоты и границы сур. Блоковый вариант сохраняет порядок внутри последовательных блоков из 5 аятов. См. docs/STATISTICAL_PLAN.md.","Вывод относится к конкретной перестановочной модели; грамматика и риторика могут объяснять отличие. Не доказывает уникальность, намеренность или происхождение текста.",results/tables/statistical_null_draws.csv.gz,0.001,,,block_5_shuffle_within_surah,0.3807996169969381,0.022173267681271647,0.3768294674942829,0.3850130676249592,0.024,Holm-FWER (все первичные тесты),999,930109970,6122,True,greater,План до расчёта; независимой контрольной выборки нет,24
STAT-ending_3-file-block_5_shuffle_within_surah,primary_permutation,Соседние аяты имеют одинаковые последние 3 письменные буквы,Необычно относительно указанной модели после поправок,plain,file,0.07954916693890886,"Перестановка целых аятов внутри суры; сохраняет их тексты, длины, частоты и границы сур. Блоковый вариант сохраняет порядок внутри последовательных блоков из 5 аятов. См. docs/STATISTICAL_PLAN.md.","Вывод относится к конкретной перестановочной модели; грамматика и риторика могут объяснять отличие. Не доказывает уникальность, намеренность или происхождение текста.",results/tables/statistical_null_draws.csv.gz,0.001,,,block_5_shuffle_within_surah,0.07329217489295896,0.0062569920459498996,0.07105521071545247,0.07562887945115976,0.024,Holm-FWER (все первичные тесты),999,930109970,6122,True,greater,План до расчёта; независимой контрольной выборки нет,24
STAT-lexical_position-nfc-file-token_shuffle_within_verse,primary_permutation,Частые словоформы неравномерно распределены внутри аята,Необычно относительно указанной модели после поправок,nfc,file,469.0678088456491,Максимум Pearson-подобного отклонения среди 60 форм. Ожидание учитывает число доступных мест каждой трети и состав каждого аята; весь поиск максимума повторён в каждом контроле. Выбор форм основан на инвариантных к перестановке общих частотах. Максимум наблюдается у формы الَّذِينَ.,"Вывод относится к конкретной перестановочной модели; грамматика и риторика могут объяснять отличие. Не доказывает уникальность, намеренность или происхождение текста.",results/tables/statistical_null_draws.csv.gz,0.001,,,token_shuffle_within_verse,9.203098274677858,459.8647105709712,5.442081439081359,15.522341713226893,0.024,Holm-FWER (все первичные тесты),999,2710469497,78248,True,greater,План до расчёта; независимой контрольной выборки нет,24
STAT-lexical_position-nfc-file-cyclic_shift_within_verse,primary_permutation,Частые словоформы неравномерно распределены внутри аята,Необычно относительно указанной модели после поправок,nfc,file,469.0678088456491,Максимум Pearson-подобного отклонения среди 60 форм. Ожидание учитывает число доступных мест каждой трети и состав каждого аята; весь поиск максимума повторён в каждом контроле. Выбор форм основан на инвариантных к перестановке общих частотах. Максимум наблюдается у формы الَّذِينَ.,"Вывод относится к конкретной перестановочной модели; грамматика и риторика могут объяснять отличие. Не доказывает уникальность, намеренность или происхождение текста.",results/tables/statistical_null_draws.csv.gz,0.001,,,cyclic_shift_within_verse,9.126325714637886,459.9414831310112,5.523061820861484,15.439027338604086,0.024,Holm-FWER (все первичные тесты),999,408733790,78248,True,greater,План до расчёта; независимой контрольной выборки нет,24
STAT-lexical_position-plain-file-token_shuffle_within_verse,primary_permutation,Частые словоформы неравномерно распределены внутри аята,Необычно относительно указанной модели после поправок,plain,file,469.0678088456491,Максимум Pearson-подобного отклонения среди 60 форм. Ожидание учитывает число доступных мест каждой трети и состав каждого аята; весь поиск максимума повторён в каждом контроле. Выбор форм основан на инвариантных к перестановке общих частотах. Максимум наблюдается у формы الذين.,"Вывод относится к конкретной перестановочной модели; грамматика и риторика могут объяснять отличие. Не доказывает уникальность, намеренность или происхождение текста.",results/tables/statistical_null_draws.csv.gz,0.001,,,token_shuffle_within_verse,9.18356047290221,459.88424837274687,5.52352928646877,15.194778590879036,0.024,Holm-FWER (все первичные тесты),999,1726259379,78248,True,greater,План до расчёта; независимой контрольной выборки нет,24
STAT-lexical_position-plain-file-cyclic_shift_within_verse,primary_permutation,Частые словоформы неравномерно распределены внутри аята,Необычно относительно указанной модели после поправок,plain,file,469.0678088456491,Максимум Pearson-подобного отклонения среди 60 форм. Ожидание учитывает число доступных мест каждой трети и состав каждого аята; весь поиск максимума повторён в каждом контроле. Выбор форм основан на инвариантных к перестановке общих частотах. Максимум наблюдается у формы الذين.,"Вывод относится к конкретной перестановочной модели; грамматика и риторика могут объяснять отличие. Не доказывает уникальность, намеренность или происхождение текста.",results/tables/statistical_null_draws.csv.gz,0.001,,,cyclic_shift_within_verse,9.26969929940296,459.7981095462461,5.5694156011674965,15.556743671841833,0.024,Holm-FWER (все первичные тесты),999,1784001861,78248,True,greater,План до расчёта; независимой контрольной выборки нет,24
STAT-length_adjacency-numbered-verse_shuffle_within_surah,primary_permutation,Соседние аяты близки по числу токенов,Необычно относительно указанной модели после поправок,plain,numbered,5.958183600130676,"Перестановка целых аятов внутри суры; сохраняет их тексты, длины, частоты и границы сур. Блоковый вариант сохраняет порядок внутри последовательных блоков из 5 аятов. См. docs/STATISTICAL_PLAN.md.","Вывод относится к конкретной перестановочной модели; грамматика и риторика могут объяснять отличие. Не доказывает уникальность, намеренность или происхождение текста.",results/tables/statistical_null_draws.csv.gz,0.001,,,verse_shuffle_within_surah,6.585789644593957,-0.6276060444632812,6.477115321790265,6.690542306435805,0.024,Holm-FWER (все первичные тесты),999,2578115346,6122,True,less,План до расчёта; независимой контрольной выборки нет,24
STAT-length_position-numbered-verse_shuffle_within_surah,primary_permutation,Длина аята связана с положением внутри суры,Необычно относительно указанной модели после поправок,plain,numbered,0.052589831302335424,"Перестановка целых аятов внутри суры; сохраняет их тексты, длины, частоты и границы сур. Блоковый вариант сохраняет порядок внутри последовательных блоков из 5 аятов. См. docs/STATISTICAL_PLAN.md.","Вывод относится к конкретной перестановочной модели; грамматика и риторика могут объяснять отличие. Не доказывает уникальность, намеренность или происхождение текста.",results/tables/statistical_null_draws.csv.gz,0.001,,,verse_shuffle_within_surah,0.010272673919907532,0.04231715738242789,0.0004385700182057924,0.02969486889050502,0.024,Holm-FWER (все первичные тесты),999,2578115346,6236,True,greater,План до расчёта; независимой контрольной выборки нет,24
STAT-ending_2-numbered-verse_shuffle_within_surah,primary_permutation,Соседние аяты имеют одинаковые последние 2 письменные буквы,Необычно относительно указанной модели после поправок,plain,numbered,0.40297288467820974,"Перестановка целых аятов внутри суры; сохраняет их тексты, длины, частоты и границы сур. Блоковый вариант сохраняет порядок внутри последовательных блоков из 5 аятов. См. docs/STATISTICAL_PLAN.md.","Вывод относится к конкретной перестановочной модели; грамматика и риторика могут объяснять отличие. Не доказывает уникальность, намеренность или происхождение текста.",results/tables/statistical_null_draws.csv.gz,0.001,,,verse_shuffle_within_surah,0.28908196010450177,0.11389092457370797,0.2803005553740608,0.2987585756288795,0.024,Holm-FWER (все первичные тесты),999,2578115346,6122,True,greater,План до расчёта; независимой контрольной выборки нет,24
STAT-ending_3-numbered-verse_shuffle_within_surah,primary_permutation,Соседние аяты имеют одинаковые последние 3 письменные буквы,Необычно относительно указанной модели после поправок,plain,numbered,0.07954916693890886,"Перестановка целых аятов внутри суры; сохраняет их тексты, длины, частоты и границы сур. Блоковый вариант сохраняет порядок внутри последовательных блоков из 5 аятов. См. docs/STATISTICAL_PLAN.md.","Вывод относится к конкретной перестановочной модели; грамматика и риторика могут объяснять отличие. Не доказывает уникальность, намеренность или происхождение текста.",results/tables/statistical_null_draws.csv.gz,0.001,,,verse_shuffle_within_surah,0.056104945193478355,0.023444221745430503,0.05144560601110748,0.06125449199607971,0.024,Holm-FWER (все первичные тесты),999,2578115346,6122,True,greater,План до расчёта; независимой контрольной выборки нет,24
STAT-length_adjacency-numbered-block_5_shuffle_within_surah,primary_permutation,Соседние аяты близки по числу токенов,Необычно относительно указанной модели после поправок,plain,numbered,5.958183600130676,"Перестановка целых аятов внутри суры; сохраняет их тексты, длины, частоты и границы сур. Блоковый вариант сохраняет порядок внутри последовательных блоков из 5 аятов. См. docs/STATISTICAL_PLAN.md.","Вывод относится к конкретной перестановочной модели; грамматика и риторика могут объяснять отличие. Не доказывает уникальность, намеренность или происхождение текста.",results/tables/statistical_null_draws.csv.gz,0.001,,,block_5_shuffle_within_surah,6.090168574324079,-0.13198497419340338,6.039513230970272,6.138557660895132,0.024,Holm-FWER (все первичные тесты),999,2769077548,6122,True,less,План до расчёта; независимой контрольной выборки нет,24
STAT-length_position-numbered-block_5_shuffle_within_surah,primary_permutation,Длина аята связана с положением внутри суры,Необычно относительно указанной модели после поправок,plain,numbered,0.052589831302335424,"Перестановка целых аятов внутри суры; сохраняет их тексты, длины, частоты и границы сур. Блоковый вариант сохраняет порядок внутри последовательных блоков из 5 аятов. См. docs/STATISTICAL_PLAN.md.","Вывод относится к конкретной перестановочной модели; грамматика и риторика могут объяснять отличие. Не доказывает уникальность, намеренность или происхождение текста.",results/tables/statistical_null_draws.csv.gz,0.004,,,block_5_shuffle_within_surah,0.012746086421572638,0.03984374488076278,0.0004919181552195408,0.034955499420067704,0.024,Holm-FWER (все первичные тесты),999,2769077548,6236,True,greater,План до расчёта; независимой контрольной выборки нет,24
STAT-ending_2-numbered-block_5_shuffle_within_surah,primary_permutation,Соседние аяты имеют одинаковые последние 2 письменные буквы,Необычно относительно указанной модели после поправок,plain,numbered,0.40297288467820974,"Перестановка целых аятов внутри суры; сохраняет их тексты, длины, частоты и границы сур. Блоковый вариант сохраняет порядок внутри последовательных блоков из 5 аятов. См. docs/STATISTICAL_PLAN.md.","Вывод относится к конкретной перестановочной модели; грамматика и риторика могут объяснять отличие. Не доказывает уникальность, намеренность или происхождение текста.",results/tables/statistical_null_draws.csv.gz,0.001,,,block_5_shuffle_within_surah,0.3806227004528213,0.022350184225388425,0.3765109441359033,0.38484155504737017,0.024,Holm-FWER (все первичные тесты),999,2769077548,6122,True,greater,План до расчёта; независимой контрольной выборки нет,24
STAT-ending_3-numbered-block_5_shuffle_within_surah,primary_permutation,Соседние аяты имеют одинаковые последние 3 письменные буквы,Необычно относительно указанной модели после поправок,plain,numbered,0.07954916693890886,"Перестановка целых аятов внутри суры; сохраняет их тексты, длины, частоты и границы сур. Блоковый вариант сохраняет порядок внутри последовательных блоков из 5 аятов. См. docs/STATISTICAL_PLAN.md.","Вывод относится к конкретной перестановочной модели; грамматика и риторика могут объяснять отличие. Не доказывает уникальность, намеренность или происхождение текста.",results/tables/statistical_null_draws.csv.gz,0.001,,,block_5_shuffle_within_surah,0.0732756605020571,0.006273506436851761,0.07121855602744201,0.07530218882718066,0.024,Holm-FWER (все первичные тесты),999,2769077548,6122,True,greater,План до расчёта; независимой контрольной выборки нет,24
STAT-lexical_position-nfc-numbered-token_shuffle_within_verse,primary_permutation,Частые словоформы неравномерно распределены внутри аята,Необычно относительно указанной модели после поправок,nfc,numbered,474.35754124835097,Максимум Pearson-подобного отклонения среди 60 форм. Ожидание учитывает число доступных мест каждой трети и состав каждого аята; весь поиск максимума повторён в каждом контроле. Выбор форм основан на инвариантных к перестановке общих частотах. Максимум наблюдается у формы الَّذِينَ.,"Вывод относится к конкретной перестановочной модели; грамматика и риторика могут объяснять отличие. Не доказывает уникальность, намеренность или происхождение текста.",results/tables/statistical_null_draws.csv.gz,0.001,,,token_shuffle_within_verse,9.199372458708767,465.1581687896422,5.599380044702413,15.337899495549603,0.024,Holm-FWER (все первичные тесты),999,1166184524,77800,True,greater,План до расчёта; независимой контрольной выборки нет,24
STAT-lexical_position-nfc-numbered-cyclic_shift_within_verse,primary_permutation,Частые словоформы неравномерно распределены внутри аята,Необычно относительно указанной модели после поправок,nfc,numbered,474.35754124835097,Максимум Pearson-подобного отклонения среди 60 форм. Ожидание учитывает число доступных мест каждой трети и состав каждого аята; весь поиск максимума повторён в каждом контроле. Выбор форм основан на инвариантных к перестановке общих частотах. Максимум наблюдается у формы الَّذِينَ.,"Вывод относится к конкретной перестановочной модели; грамматика и риторика могут объяснять отличие. Не доказывает уникальность, намеренность или происхождение текста.",results/tables/statistical_null_draws.csv.gz,0.001,,,cyclic_shift_within_verse,9.096030592303123,465.26151065604785,5.450572255140053,14.713734313183773,0.024,Holm-FWER (все первичные тесты),999,1140108705,77800,True,greater,План до расчёта; независимой контрольной выборки нет,24
STAT-lexical_position-plain-numbered-token_shuffle_within_verse,primary_permutation,Частые словоформы неравномерно распределены внутри аята,Необычно относительно указанной модели после поправок,plain,numbered,474.35754124835097,Максимум Pearson-подобного отклонения среди 60 форм. Ожидание учитывает число доступных мест каждой трети и состав каждого аята; весь поиск максимума повторён в каждом контроле. Выбор форм основан на инвариантных к перестановке общих частотах. Максимум наблюдается у формы الذين.,"Вывод относится к конкретной перестановочной модели; грамматика и риторика могут объяснять отличие. Не доказывает уникальность, намеренность или происхождение текста.",results/tables/statistical_null_draws.csv.gz,0.001,,,token_shuffle_within_verse,9.250708730815477,465.1068325175355,5.556963607963173,15.271829504316601,0.024,Holm-FWER (все первичные тесты),999,2118275927,77800,True,greater,План до расчёта; независимой контрольной выборки нет,24
STAT-lexical_position-plain-numbered-cyclic_shift_within_verse,primary_permutation,Частые словоформы неравномерно распределены внутри аята,Необычно относительно указанной модели после поправок,plain,numbered,474.35754124835097,Максимум Pearson-подобного отклонения среди 60 форм. Ожидание учитывает число доступных мест каждой трети и состав каждого аята; весь поиск максимума повторён в каждом контроле. Выбор форм основан на инвариантных к перестановке общих частотах. Максимум наблюдается у формы الذين.,"Вывод относится к конкретной перестановочной модели; грамматика и риторика могут объяснять отличие. Не доказывает уникальность, намеренность или происхождение текста.",results/tables/statistical_null_draws.csv.gz,0.001,,,cyclic_shift_within_verse,9.0673079373253,465.29023331102564,5.364561709299144,14.676393136691285,0.024,Holm-FWER (все первичные тесты),999,861740381,77800,True,greater,План до расчёта; независимой контрольной выборки нет,24
EXT-universality-basmala,exploratory_boundary_sensitivity,Охват всех сур зависит от вступительных басмал,Чувствительно к правилам подсчёта,plain/search,file vs numbered,"{""plain"": {""file"": [""الرحيم"", ""الله""], ""numbered"": []}, ""search"": {""file"": [""الرحيم"", ""الله""], ""numbered"": []}}",Пересчитаны частота и охват каждой формы по всем token_id в двух областях; 1:1 и 27:30 остаются.,"Это свойство включения вступительных префиксов, а не семантическая универсальность понятий.",results/tables/extension_basmala_lexical_coverage.csv.gz,,,,,,,,,,,,,,,,exploratory после core,
EXT-refrain-endings,exploratory_repeat_sensitivity,Исключение повторённых аятов не устраняет сходство письменных окончаний,Исследовательский кандидат,plain,file/numbered,"[{""scope"": ""file"", ""profile_id"": ""plain"", ""suffix_letters"": 2, ""surah_id"": 0, ""all_edges"": 6122, ""all_agree"": 2467, ""retained_edges"": 5646, ""retained_agree"": 2288, ""all_rate"": 0.40297288467820974, ""retained_rate"": 0.40524264966347856, ""repeated_verse_count_corpus"": 279}, {""scope"": ""file"", ""profile_id"": ""plain"", ""suffix_letters"": 3, ""surah_id"": 0, ""all_edges"": 6122, ""all_agree"": 487, ""retained_edges"": 5646, ""retained_agree"": 472, ""all_rate"": 0.07954916693890886, ""retained_rate"": 0.08359900814736096, ""repeated_verse_count_corpus"": 279}, {""scope"": ""numbered"", ""profile_id"": ""plain"", ""suffix_letters"": 2, ""surah_id"": 0, ""all_edges"": 6122, ""all_agree"": 2467, ""retained_edges"": 5645, ""retained_agree"": 2288, ""all_rate"": 0.40297288467820974, ""retained_rate"": 0.40531443755535873, ""repeated_verse_count_corpus"": 280}, {""scope"": ""numbered"", ""profile_id"": ""plain"", ""suffix_letters"": 3, ""surah_id"": 0, ""all_edges"": 6122, ""all_agree"": 487, ""retained_edges"": 5645, ""retained_agree"": 472, ""all_rate"": 0.07954916693890886, ""retained_rate"": 0.08361381753764394, ""repeated_verse_count_corpus"": 280}]",Доли исходных соседних пар до/после исключения рёбер с повторённым полным аятом; новое соседство не создаётся.,"Меняется состав рёбер; разница долей не является причинным эффектом повторов. Окончания письменные, без фонетической модели.",results/tables/extension_refrain_adjacency_edges.csv.gz,,,,,,,,,,,,,,,,exploratory после просмотра повторов,
EXT-equality-search-volume,exploratory_equal_frequency,Пространство равных частот содержит множество пар,Точный факт для указанного файла и правил,plain,file/numbered,"{""pairs_file"": 41683473, ""pairs_numbered"": 41684499, ""preserved_pairs"": 41683470, ""lost_pairs"": 3, ""new_pairs"": 1029, ""pair_intersection_over_union"": 0.9999752425973567}",Полная группировка всех форм по частоте; число пар в группе k(k−1)/2. Пересечение — группировка по паре частот в двух областях.,"Совпадение не сообщает о близости значений; p-value отсутствует, поскольку модель случайности не задана.",results/tables/extension_frequency_equality_groups.csv.gz,,,,,,,,,,,,,,,,exploratory после core,
