surah_id,numbered_tokens,verified_tokens,coverage
1,29,29,1.0
2,6141,5573,0.9075069206969549
3,3501,3228,0.9220222793487575
4,3763,3544,0.9418017539197449
5,2837,2583,0.9104688050757843
6,3056,2797,0.9152486910994765
7,3341,2959,0.8856629751571385
8,1243,1162,0.9348350764279968
9,2505,2346,0.9365269461077844
10,1839,1665,0.9053833605220228
11,1946,1749,0.8987667009249743
12,1795,1524,0.849025069637883
13,854,781,0.914519906323185
14,830,745,0.8975903614457831
15,657,607,0.923896499238965
16,1844,1719,0.9322125813449024
17,1558,1413,0.9069319640564827
18,1583,1441,0.9102969046114971
19,971,861,0.8867147270854789
20,1353,1145,0.8462675535846268
21,1174,1076,0.9165247018739353
22,1279,1175,0.9186864738076622
23,1052,977,0.9287072243346007
24,1319,1226,0.9294920394238059
25,896,816,0.9107142857142857
26,1320,1183,0.8962121212121212
27,1159,1025,0.8843830888697153
28,1438,1296,0.9012517385257302
29,978,882,0.901840490797546
30,817,736,0.9008567931456548
31,550,442,0.8036363636363636
32,372,337,0.9059139784946236
33,1303,1201,0.9217191097467383
34,884,801,0.9061085972850679
35,778,737,0.9473007712082262
36,730,653,0.8945205479452055
37,865,779,0.900578034682081
38,735,638,0.8680272108843538
39,1177,1067,0.9065420560747663
40,1226,1098,0.8955954323001631
41,794,704,0.8866498740554156
42,860,780,0.9069767441860465
43,836,760,0.9090909090909091
44,346,315,0.9104046242774566
45,488,440,0.9016393442622951
46,645,580,0.8992248062015504
47,542,505,0.9317343173431735
48,560,528,0.9428571428571428
49,353,329,0.9320113314447592
50,373,350,0.938337801608579
51,360,333,0.925
52,312,293,0.9391025641025641
53,360,329,0.9138888888888889
54,342,311,0.9093567251461988
55,352,274,0.7784090909090909
56,379,352,0.9287598944591029
57,575,522,0.9078260869565218
58,475,436,0.9178947368421052
59,447,376,0.8411633109619687
60,352,324,0.9204545454545454
61,226,173,0.7654867256637168
62,177,159,0.8983050847457628
63,181,176,0.9723756906077348
64,242,227,0.9380165289256198
65,289,254,0.8788927335640139
66,254,231,0.9094488188976378
67,333,297,0.8918918918918919
68,301,295,0.9800664451827242
69,260,233,0.8961538461538462
70,217,204,0.9400921658986175
71,227,212,0.933920704845815
72,286,260,0.9090909090909091
73,200,180,0.9
74,256,242,0.9453125
75,164,155,0.9451219512195121
76,243,230,0.9465020576131687
77,181,169,0.9337016574585635
78,174,151,0.867816091954023
79,179,152,0.8491620111731844
80,133,129,0.9699248120300752
81,104,98,0.9423076923076923
82,81,72,0.8888888888888888
83,169,157,0.9289940828402367
84,108,101,0.9351851851851852
85,109,101,0.926605504587156
86,61,60,0.9836065573770492
87,72,65,0.9027777777777778
88,92,87,0.9456521739130435
89,139,116,0.8345323741007195
90,82,75,0.9146341463414634
91,54,40,0.7407407407407407
92,71,64,0.9014084507042254
93,40,37,0.925
94,27,26,0.9629629629629629
95,34,32,0.9411764705882353
96,72,65,0.9027777777777778
97,30,27,0.9
98,94,86,0.9148936170212766
99,36,36,1.0
100,40,38,0.95
101,36,33,0.9166666666666666
102,28,26,0.9285714285714286
103,14,12,0.8571428571428571
104,33,27,0.8181818181818182
105,23,22,0.9565217391304348
106,17,14,0.8235294117647058
107,25,22,0.88
108,10,10,1.0
109,27,26,0.9629629629629629
110,19,18,0.9473684210526315
111,23,21,0.9130434782608695
112,15,15,1.0
113,23,22,0.9565217391304348
114,20,18,0.9
