pos,feature,segment_count
N,STEM,22639
N,POS:N,22639
PRON,SUFFIX,18959
V,STEM,17458
V,POS:V,17458
N,M,11285
N,GEN,9217
V,PERF,8227
CONJ,PREFIX,8174
CONJ,w:CONJ+,7686
DET,PREFIX,7578
DET,Al+,7578
V,IMPF,7539
N,ACC,7301
PRON,PRON:3MP,6813
N,INDEF,6714
P,STEM,6305
P,POS:P,6305
N,NOM,6121
V,3MS,5941
P,PREFIX,4864
PRON,PRON:2MP,4317
N,MP,4245
V,3MP,4027
PN,STEM,3662
PN,POS:PN,3662
REL,STEM,3172
REL,POS:REL,3172
PRON,STEM,3126
PRON,POS:PRON,3126
N,PCPL,3035
REM,PREFIX,2760
V,(IV),2697
NEG,STEM,2660
NEG,POS:NEG,2660
N,F,2653
V,2MP,2613
N,ACT,2588
PRON,PRON:3MS,2562
P,l:P+,2306
P,bi+,2247
PRON,PRON:1P,2067
ACC,STEM,2054
ACC,POS:ACC,2054
ACC,SP:<in~,2054
ADJ,STEM,1873
ADJ,POS:ADJ,1873
REM,f:REM+,1760
V,IMPV,1692
V,1P,1667
N,MS,1576
PN,GEN,1552
V,2MS,1519
V,SP:kaAn,1447
V,MOOD:JUS,1354
PN,NOM,1267
ADJ,MS,1238
V,(II),1236
ADJ,INDEF,1222
V,MOOD:SUBJ,1217
N,FP,1188
PRON,PRON:2MS,1175
T,STEM,1137
T,POS:T,1137
PRON,3MS,1121
REL,MP,1054
DEM,STEM,1051
DEM,POS:DEM,1051
V,PASS,1041
COND,STEM,1034
COND,POS:COND,1034
PRON,PRON:3FS,1002
REM,w:REM+,1000
V,3FS,963
N,(IV),951
PRON,3MP,903
V,(VIII),884
EMPH,PREFIX,852
EMPH,l:EMPH+,852
PN,ACC,843
ADJ,NOM,818
CONJ,STEM,753
CONJ,POS:CONJ,753
SUB,STEM,672
SUB,POS:SUB,672
DEM,MS,654
N,VN,644
LOC,STEM,624
LOC,POS:LOC,624
LOC,ACC,586
ADJ,ACC,559
RES,STEM,555
RES,POS:RES,555
PRON,2MP,524
ADJ,GEN,496
CONJ,f:CONJ+,488
N,FS,472
PN,M,470
V,1S,467
N,PASS,447
INTG,STEM,413
INTG,POS:INTG,413
CERT,STEM,409
CERT,POS:CERT,409
PRON,PRON:1S,403
INTG,PREFIX,399
INTG,A:INTG+,399
V,(V),393
RSLT,PREFIX,336
RSLT,f:RSLT+,336
VOC,PREFIX,326
ADJ,PCPL,324
PRO,STEM,322
PRO,POS:PRO,322
V,(X),321
VOC,ya+,316
V,(III),309
PRP,PREFIX,289
PRP,l:PRP+,289
P,ka+,281
N,(II),276
CIRC,PREFIX,275
CIRC,w:CIRC+,275
T,ACC,252
PRON,PRON:3FP,251
DEM,P,249
ADJ,ACT,238
EMPH,SUFFIX,225
EMPH,+n:EMPH,225
SUP,PREFIX,198
N,(VIII),183
ADJ,M,181
PRON,1P,176
PREV,STEM,162
PREV,POS:PREV,162
ADJ,MP,160
PRON,2MS,157
N,(III),150
SUP,f:SUP+,141
T,M,128
N,MD,127
ADJ,FS,125
PRON,3FS,124
RET,STEM,122
RET,POS:RET,122
N,P,106
FUT,PREFIX,105
FUT,sa+,105
EXP,STEM,104
EXP,POS:EXP,104
PRON,PRON:3MD,102
ADJ,(IV),100
PRON,PRON:3D,92
ADJ,F,92
INC,STEM,90
INC,POS:INC,90
DEM,FS,88
PRON,PRON:2D,88
PN,F,87
V,3FP,87
ADJ,PASS,86
CAUS,PREFIX,78
CAUS,f:CAUS+,78
V,(VI),76
IMPV,PREFIX,74
IMPV,l:IMPV+,74
V,3MD,72
N,(X),69
N,FD,69
PRON,1S,68
AMD,STEM,65
AMD,POS:AMD,65
EXL,STEM,65
EXL,POS:EXL,65
SUP,w:SUP+,57
NEG,SP:<in~,54
ADJ,FP,54
T,INDEF,52
DEM,2MP,48
N,(V),48
INT,STEM,46
INT,POS:INT,46
V,2D,46
V,(VII),45
FUT,STEM,42
FUT,POS:FUT,42
EXH,STEM,40
EXH,POS:EXH,40
NEG,SP:kaAn,39
ANS,STEM,39
ANS,POS:ANS,39
PN,MP,39
ADJ,(II),36
SUR,STEM,35
SUR,POS:SUR,35
LOC,M,34
AVR,STEM,33
AVR,POS:AVR,33
V,SP:kaAd,31
INL,STEM,30
INL,POS:INL,30
PN,INDEF,30
PRON,PRON:2FS,29
PRON,PRON:2FP,28
PRON,3FP,27
N,(VI),24
P,w:P+,23
COND,MP,21
SUP,STEM,20
SUP,POS:SUP,20
PN,(IV),20
PRON,PRON:2MD,18
ADJ,(X),17
PN,P,16
PRON,3D,16
V,2FP,16
V,2MD,15
PN,PCPL,15
PN,ACT,14
V,2FS,13
N,(VII),12
T,F,10
V,3FD,10
PRON,PRON:3FD,10
INTG,NOM,10
VOC,ha+,10
V,(XII),9
P,ta+,9
PRON,2D,8
ADJ,MD,6
PN,VN,6
ADJ,(III),6
N,(IX),6
VOC,SUFFIX,5
VOC,+VOC,5
V,(IX),5
ADJ,P,5
T,MP,4
ADJ,(VI),4
ADJ,VN,4
EQ,PREFIX,4
EQ,A:EQ+,4
COM,PREFIX,3
COM,w:COM+,3
ADJ,(VIII),3
T,MS,3
PN,FS,3
N,(XII),3
DEM,MD,3
PRON,2FS,2
P,SUFFIX,2
LOC,MS,2
ADJ,FD,2
LOC,FS,2
IMPN,STEM,2
IMPN,POS:IMPN,2
V,2FD,2
PRON,PRON:2FD,2
T,MD,1
T,FP,1
PN,MS,1
REL,P,1
DEM,2FP,1
DEM,2D,1
PN,PASS,1
DEM,FD,1
DEM,MP,1
N,(XI),1
ADJ,(V),1
INTG,GEN,1
ADJ,(XII),1
