unit,unit_bw,segment_count,token_count,verse_count,surah_count,first_segment_id,last_segment_id,first_global_token_file,last_global_token_file,all_verified_segments_denominator,nonempty_field_segments_denominator,share_of_verified_segments,share_of_nonempty_field_segments,scope,profile_id,rank,cumulative_share_of_nonempty_field_segments
N,,22639,22890,5830,114,1:1:1:2,114:6:3:3,1,78248,116320,116320,0.19462689133425035,0.19462689133425035,numbered_aligned,qac_v0.4_aligned,1,0.19462689133425035
PRON,,22085,21098,5359,112,1:5:1:1,112:4:3:2,14,78195,116320,116320,0.18986416781292983,0.18986416781292983,numbered_aligned,qac_v0.4_aligned,2,0.3844910591471802
V,,17458,17458,5393,114,1:5:2:1,114:5:2:1,15,78242,116320,116320,0.150085969738652,0.150085969738652,numbered_aligned,qac_v0.4_aligned,3,0.5345770288858321
P,,11171,11171,4614,114,1:1:1:1,114:6:1:1,1,78246,116320,116320,0.09603679504814305,0.09603679504814305,numbered_aligned,qac_v0.4_aligned,4,0.6306138239339752
CONJ,,8927,8937,4452,114,1:5:3:1,114:6:3:1,16,78248,116320,116320,0.07674518569463548,0.07674518569463548,numbered_aligned,qac_v0.4_aligned,5,0.7073590096286108
DET,,7578,7578,3909,114,1:1:3:1,114:6:3:2,3,78248,116320,116320,0.06514786795048143,0.06514786795048143,numbered_aligned,qac_v0.4_aligned,6,0.7725068775790922
PN,,3662,3722,2344,92,1:1:2:1,112:2:1:1,2,78187,116320,116320,0.03148211829436039,0.03148211829436039,numbered_aligned,qac_v0.4_aligned,7,0.8039889958734525
REL,,3172,3174,2212,101,1:7:2:1,113:2:3:1,22,78208,116320,116320,0.027269601100412655,0.027269601100412655,numbered_aligned,qac_v0.4_aligned,8,0.8312585969738652
REM,,2760,2760,2016,100,2:3:6:1,108:2:1:1,47,78091,116320,116320,0.02372764786795048,0.02372764786795048,numbered_aligned,qac_v0.4_aligned,9,0.8549862448418157
NEG,,2660,2660,1873,102,1:7:8:2,112:4:1:2,28,78193,116320,116320,0.022867950481430536,0.022867950481430536,numbered_aligned,qac_v0.4_aligned,10,0.8778541953232463
ACC,,2054,2060,1754,99,2:6:1:1,110:3:5:1,70,78149,116320,116320,0.01765818431911967,0.01765818431911967,numbered_aligned,qac_v0.4_aligned,11,0.8955123796423659
ADJ,,1873,1873,1570,98,1:1:3:2,114:4:4:2,3,78240,116320,116320,0.016102132049518568,0.016102132049518568,numbered_aligned,qac_v0.4_aligned,12,0.9116145116918845
T,,1137,1140,990,100,2:11:1:2,113:5:4:1,126,78223,116320,116320,0.009774759284731774,0.009774759284731774,numbered_aligned,qac_v0.4_aligned,13,0.9213892709766163
EMPH,,1077,914,735,83,2:20:17:1,104:4:2:3,255,77987,116320,116320,0.009258940852819808,0.009258940852819808,numbered_aligned,qac_v0.4_aligned,14,0.930648211829436
DEM,,1051,1051,957,88,2:2:1:1,107:2:1:2,35,78063,116320,116320,0.009035419532324621,0.009035419532324621,numbered_aligned,qac_v0.4_aligned,15,0.9396836313617607
COND,,1034,1034,856,81,2:20:14:2,102:5:2:1,252,77937,116320,116320,0.008889270976616232,0.008889270976616232,numbered_aligned,qac_v0.4_aligned,16,0.9485729023383769
INTG,,812,812,727,93,2:13:9:1,105:2:1:1,152,78018,116320,116320,0.006980742778541953,0.006980742778541953,numbered_aligned,qac_v0.4_aligned,17,0.9555536451169189
SUB,,672,673,572,77,2:13:5:2,96:7:1:1,148,77616,116320,116320,0.005777166437414031,0.005777166437414031,numbered_aligned,qac_v0.4_aligned,18,0.9613308115543329
LOC,,624,624,537,79,2:14:13:1,98:8:2:1,175,77776,116320,116320,0.005364511691884457,0.005364511691884457,numbered_aligned,qac_v0.4_aligned,19,0.9666953232462173
RES,,555,555,508,68,2:9:7:1,92:15:3:1,110,77451,116320,116320,0.0047713204951856944,0.0047713204951856944,numbered_aligned,qac_v0.4_aligned,20,0.971466643741403
CERT,,409,409,392,66,2:60:14:1,98:5:3:1,901,77736,116320,116320,0.003516162310866575,0.003516162310866575,numbered_aligned,qac_v0.4_aligned,21,0.9749828060522696
RSLT,,336,336,268,32,2:23:9:1,110:3:1:1,307,78145,116320,116320,0.0028885832187070153,0.0028885832187070153,numbered_aligned,qac_v0.4_aligned,22,0.9778713892709766
VOC,,331,651,328,58,2:21:1:1,109:1:2:1,264,78104,116320,116320,0.002845598349381018,0.002845598349381018,numbered_aligned,qac_v0.4_aligned,23,0.9807169876203576
PRO,,322,322,279,60,2:11:4:1,96:19:2:1,129,77660,116320,116320,0.002768225584594223,0.002768225584594223,numbered_aligned,qac_v0.4_aligned,24,0.9834852132049519
PRP,,289,289,255,59,2:76:18:1,99:6:5:1,1245,77822,116320,116320,0.002484525447042641,0.002484525447042641,numbered_aligned,qac_v0.4_aligned,25,0.9859697386519944
CIRC,,275,275,262,56,2:8:9:1,82:16:1:1,101,76454,116320,116320,0.002364167812929849,0.002364167812929849,numbered_aligned,qac_v0.4_aligned,26,0.9883339064649244
SUP,,218,218,207,50,2:12:5:1,100:9:1:2,141,77864,116320,116320,0.0018741403026134801,0.0018741403026134801,numbered_aligned,qac_v0.4_aligned,27,0.9902080467675378
PREV,,162,162,150,57,2:11:9:2,88:21:2:2,134,77092,116320,116320,0.001392709766162311,0.001392709766162311,numbered_aligned,qac_v0.4_aligned,28,0.9916007565337002
FUT,,147,147,144,50,2:58:19:2,111:3:1:1,868,78167,116320,116320,0.001263755158184319,0.001263755158184319,numbered_aligned,qac_v0.4_aligned,29,0.9928645116918845
RET,,122,122,116,51,2:88:4:1,89:17:2:1,1478,77191,116320,116320,0.0010488308115543328,0.0010488308115543328,numbered_aligned,qac_v0.4_aligned,30,0.9939133425034388
EXP,,104,104,99,24,2:32:6:1,103:3:1:1,505,77961,116320,116320,0.0008940852819807428,0.0008940852819807428,numbered_aligned,qac_v0.4_aligned,31,0.9948074277854195
INC,,90,90,83,31,2:12:1:1,102:2:1:1,137,77926,116320,116320,0.0007737276478679505,0.0007737276478679505,numbered_aligned,qac_v0.4_aligned,32,0.9955811554332875
CAUS,,78,78,76,37,2:50:5:1,91:14:3:1,750,77392,116320,116320,0.0006705639614855571,0.0006705639614855571,numbered_aligned,qac_v0.4_aligned,33,0.9962517193947731
IMPV,,74,74,51,30,2:185:17:2,106:3:1:2,3400,78044,116320,116320,0.0006361760660247592,0.0006361760660247592,numbered_aligned,qac_v0.4_aligned,34,0.9968878954607978
AMD,,65,65,65,31,2:12:5:2,75:32:1:2,141,75312,116320,116320,0.0005588033012379642,0.0005588033012379642,numbered_aligned,qac_v0.4_aligned,35,0.9974466987620357
EXL,,65,65,56,31,2:26:12:2,101:8:1:2,377,77908,116320,116320,0.0005588033012379642,0.0005588033012379642,numbered_aligned,qac_v0.4_aligned,36,0.9980055020632738
INT,,46,46,45,26,2:125:16:1,68:24:1:1,2234,73520,116320,116320,0.0003954607977991747,0.0003954607977991747,numbered_aligned,qac_v0.4_aligned,37,0.9984009628610729
EXH,,40,40,40,23,2:118:5:1,68:28:6:1,2094,73543,116320,116320,0.000343878954607978,0.000343878954607978,numbered_aligned,qac_v0.4_aligned,38,0.9987448418156809
ANS,,39,39,39,24,2:81:1:1,84:15:1:1,1318,76714,116320,116320,0.00033528198074277854,0.00033528198074277854,numbered_aligned,qac_v0.4_aligned,39,0.9990801237964236
SUR,,35,35,35,20,4:77:17:1,79:14:1:2,11363,76007,116320,116320,0.00030089408528198076,0.00030089408528198076,numbered_aligned,qac_v0.4_aligned,40,0.9993810178817056
AVR,,33,33,33,15,19:79:1:1,104:4:1:1,40219,77986,116320,116320,0.00028370013755158184,0.00028370013755158184,numbered_aligned,qac_v0.4_aligned,41,0.9996647180192573
INL,,30,30,30,29,2:1:1:1,68:1:1:1,34,73416,116320,116320,0.00025790921595598347,0.00025790921595598347,numbered_aligned,qac_v0.4_aligned,42,0.9999226272352132
EQ,,4,4,4,4,7:193:9:1,63:6:3:1,22524,72175,116320,116320,3.43878954607978e-05,3.43878954607978e-05,numbered_aligned,qac_v0.4_aligned,43,0.999957015130674
COM,,3,3,3,3,3:142:12:1,10:71:22:1,8533,27705,116320,116320,2.579092159559835e-05,2.579092159559835e-05,numbered_aligned,qac_v0.4_aligned,44,0.9999828060522696
IMPN,,2,2,2,2,20:97:10:1,69:19:7:1,41274,73828,116320,116320,1.71939477303989e-05,1.71939477303989e-05,numbered_aligned,qac_v0.4_aligned,45,1.0
