scope,tokens_per_ayah,ayah_count,ayahs_denominator
file,1,2,6236
file,2,161,6236
file,3,386,6236
file,4,515,6236
file,5,438,6236
file,6,367,6236
file,7,339,6236
file,8,327,6236
file,9,347,6236
file,10,276,6236
file,11,333,6236
file,12,264,6236
file,13,267,6236
file,14,233,6236
file,15,223,6236
file,16,206,6236
file,17,169,6236
file,18,167,6236
file,19,143,6236
file,20,105,6236
file,21,87,6236
file,22,110,6236
file,23,78,6236
file,24,79,6236
file,25,73,6236
file,26,52,6236
file,27,72,6236
file,28,52,6236
file,29,42,6236
file,30,37,6236
file,31,31,6236
file,32,31,6236
file,33,19,6236
file,34,18,6236
file,35,16,6236
file,36,15,6236
file,37,16,6236
file,38,14,6236
file,39,15,6236
file,40,11,6236
file,41,5,6236
file,42,6,6236
file,43,9,6236
file,44,6,6236
file,45,11,6236
file,46,5,6236
file,47,4,6236
file,48,4,6236
file,49,5,6236
file,50,3,6236
file,51,5,6236
file,52,4,6236
file,53,2,6236
file,54,4,6236
file,56,1,6236
file,57,2,6236
file,58,1,6236
file,60,3,6236
file,61,1,6236
file,62,3,6236
file,64,2,6236
file,65,1,6236
file,67,1,6236
file,68,1,6236
file,70,2,6236
file,71,1,6236
file,73,1,6236
file,74,1,6236
file,75,1,6236
file,76,1,6236
file,78,2,6236
file,88,1,6236
file,129,1,6236
numbered,1,28,6236
numbered,2,174,6236
numbered,3,398,6236
numbered,4,531,6236
numbered,5,419,6236
numbered,6,357,6236
numbered,7,329,6236
numbered,8,312,6236
numbered,9,345,6236
numbered,10,275,6236
numbered,11,335,6236
numbered,12,265,6236
numbered,13,263,6236
numbered,14,234,6236
numbered,15,221,6236
numbered,16,206,6236
numbered,17,171,6236
numbered,18,166,6236
numbered,19,141,6236
numbered,20,103,6236
numbered,21,85,6236
numbered,22,108,6236
numbered,23,78,6236
numbered,24,81,6236
numbered,25,72,6236
numbered,26,52,6236
numbered,27,72,6236
numbered,28,50,6236
numbered,29,43,6236
numbered,30,37,6236
numbered,31,31,6236
numbered,32,31,6236
numbered,33,18,6236
numbered,34,18,6236
numbered,35,16,6236
numbered,36,15,6236
numbered,37,16,6236
numbered,38,14,6236
numbered,39,15,6236
numbered,40,11,6236
numbered,41,5,6236
numbered,42,7,6236
numbered,43,9,6236
numbered,44,6,6236
numbered,45,11,6236
numbered,46,4,6236
numbered,47,4,6236
numbered,48,4,6236
numbered,49,6,6236
numbered,50,3,6236
numbered,51,5,6236
numbered,52,4,6236
numbered,53,1,6236
numbered,54,4,6236
numbered,56,1,6236
numbered,57,2,6236
numbered,58,1,6236
numbered,60,3,6236
numbered,61,1,6236
numbered,62,3,6236
numbered,64,2,6236
numbered,65,1,6236
numbered,67,1,6236
numbered,68,1,6236
numbered,70,2,6236
numbered,71,1,6236
numbered,73,1,6236
numbered,74,1,6236
numbered,75,1,6236
numbered,76,1,6236
numbered,78,2,6236
numbered,88,1,6236
numbered,129,1,6236
