profile_id,scope,form,third,observed,expected,capacity_tokens,pearson_component_sum
nfc,file,فِي,1,427,393.4981285012318,26061,40.678491288382546
nfc,file,فِي,2,465,397.00374299753196,26126,40.678491288382546
nfc,file,فِي,3,292,393.4981285012318,26061,40.678491288382546
nfc,file,اللَّهِ,1,316,314.054319482016,26061,2.594272108320234
nfc,file,اللَّهِ,2,331,311.89136103596724,26126,2.594272108320234
nfc,file,اللَّهِ,3,293,314.054319482016,26061,2.594272108320234
nfc,file,مِن,1,284,284.91321363281827,26061,67.42615686111697
nfc,file,مِن,2,388,289.17357273436403,26126,67.42615686111697
nfc,file,مِن,3,187,284.91321363281827,26061,67.42615686111697
nfc,file,مَا,1,286,276.2995035973937,26061,31.417500821248822
nfc,file,مَا,2,339,278.4009928052158,26126,31.417500821248822
nfc,file,مَا,3,206,276.2995035973937,26061,31.417500821248822
nfc,file,الَّذِينَ,1,554,270.9303022911313,26061,469.0678088456491
nfc,file,الَّذِينَ,2,185,268.13939541773954,26126,469.0678088456491
nfc,file,الَّذِينَ,3,71,270.9303022911313,26061,469.0678088456491
nfc,file,اللَّهُ,1,271,244.3521021245014,26061,7.624941726179274
nfc,file,اللَّهُ,2,211,244.2957957509996,26126,7.624941726179274
nfc,file,اللَّهُ,3,251,244.3521021245014,26061,7.624941726179274
nfc,file,لَا,1,214,220.23273958285407,26061,23.41123742684353
nfc,file,لَا,2,176,223.5345208342947,26126,23.41123742684353
nfc,file,لَا,3,274,220.23273958285407,26061,23.41123742684353
nfc,file,إِلَّا,1,195,220.8852542672104,26061,8.880548982642232
nfc,file,إِلَّا,2,255,220.22949146558116,26126,8.880548982642232
nfc,file,إِلَّا,3,212,220.8852542672104,26061,8.880548982642232
nfc,file,وَلَا,1,190,217.99155538051056,26061,5.80276422372185
nfc,file,وَلَا,2,243,222.01688923898104,26126,5.80276422372185
nfc,file,وَلَا,3,225,217.99155538051056,26061,5.80276422372185
nfc,file,وَمَا,1,243,215.23704185561198,26061,7.286556339382705
nfc,file,وَمَا,2,216,215.52591628877803,26126,7.286556339382705
nfc,file,وَمَا,3,187,215.23704185561198,26061,7.286556339382705
nfc,file,إِنَّ,1,268,202.56920750623397,26061,46.669943357316136
nfc,file,إِنَّ,2,132,203.86158498753412,26126,46.669943357316136
nfc,file,إِنَّ,3,209,202.56920750623397,26061,46.669943357316136
nfc,file,اللَّهَ,1,138,196.8752515756796,26061,72.90095817438015
nfc,file,اللَّهَ,2,160,198.2494968486424,26126,72.90095817438015
nfc,file,اللَّهَ,3,294,196.8752515756796,26061,72.90095817438015
nfc,file,أَن,1,182,154.20710722092147,26061,59.5629154478454
nfc,file,أَن,2,203,153.58578555815734,26126,59.5629154478454
nfc,file,أَن,3,77,154.20710722092147,26061,59.5629154478454
nfc,file,عَلَىٰ,1,131,142.97826838850267,26061,6.566326571316798
nfc,file,عَلَىٰ,2,167,142.0434632229942,26126,6.566326571316798
nfc,file,عَلَىٰ,3,130,142.97826838850267,26061,6.566326571316798
nfc,file,قَالَ,1,297,139.1754924381836,26061,280.14222841121165
nfc,file,قَالَ,2,87,137.64901512363267,26126,280.14222841121165
nfc,file,قَالَ,3,32,139.1754924381836,26061,280.14222841121165
nfc,file,مِنَ,1,89,137.2210517511931,26061,37.39667269632852
nfc,file,مِنَ,2,133,137.5578964976131,26126,37.39667269632852
nfc,file,مِنَ,3,190,137.2210517511931,26061,37.39667269632852
nfc,file,مِّن,1,136,138.13732500471244,26061,27.329343860035078
nfc,file,مِّن,2,180,135.72534999057504,26126,27.329343860035078
nfc,file,مِّن,3,96,138.13732500471244,26061,27.329343860035078
nfc,file,يَا,1,282,116.84204396356395,26061,353.3768768861469
nfc,file,يَا,2,47,116.31591207287137,26126,353.3768768861469
nfc,file,يَا,3,21,116.84204396356395,26061,353.3768768861469
nfc,file,ثُمَّ,1,159,110.99170011067721,26061,37.63676685151961
nfc,file,ثُمَّ,2,110,115.01659977864533,26126,37.63676685151961
nfc,file,ثُمَّ,3,68,110.99170011067721,26061,37.63676685151961
nfc,file,بِهِ,1,64,107.6601878706356,26061,29.623390062112016
nfc,file,بِهِ,2,146,110.67962425872858,26126,29.623390062112016
nfc,file,بِهِ,3,116,107.6601878706356,26061,29.623390062112016
nfc,file,كَانَ,1,111,108.42348948314788,26061,9.016120242404083
nfc,file,كَانَ,2,83,106.15302103370416,26126,9.016120242404083
nfc,file,كَانَ,3,129,108.42348948314788,26061,9.016120242404083
nfc,file,بِمَا,1,57,98.59977138452075,26061,63.128184340528804
nfc,file,بِمَا,2,77,98.80045723095817,26126,63.128184340528804
nfc,file,بِمَا,3,162,98.59977138452075,26061,63.128184340528804
nfc,file,مِّنَ,1,76,93.28996197823331,26061,6.121243916854503
nfc,file,مِّنَ,2,111,94.42007604353316,26126,6.121243916854503
nfc,file,مِّنَ,3,94,93.28996197823331,26061,6.121243916854503
nfc,file,ذَٰلِكَ,1,72,92.98801050215746,26061,21.110169259493873
nfc,file,ذَٰلِكَ,2,78,93.02397899568486,26126,21.110169259493873
nfc,file,ذَٰلِكَ,3,129,92.98801050215746,26061,21.110169259493873
nfc,file,الَّذِي,1,159,88.84088089857833,26061,87.28827326189841
nfc,file,الَّذِي,2,69,90.31823820284316,26126,87.28827326189841
nfc,file,الَّذِي,3,40,88.84088089857833,26061,87.28827326189841
nfc,file,إِلَىٰ,1,93,88.13818064293487,26061,7.499711282840563
nfc,file,إِلَىٰ,2,104,88.72363871412996,26126,7.499711282840563
nfc,file,إِلَىٰ,3,68,88.13818064293487,26061,7.499711282840563
nfc,file,هُوَ,1,79,87.91937848621227,26061,1.6554424479614323
nfc,file,هُوَ,2,90,89.16124302757548,26126,1.6554424479614323
nfc,file,هُوَ,3,96,87.91937848621227,26061,1.6554424479614323
nfc,file,أَوْ,1,77,87.09027273049558,26061,40.13588081523048
nfc,file,أَوْ,2,135,88.81945453900865,26126,40.13588081523048
nfc,file,أَوْ,3,51,87.09027273049558,26061,40.13588081523048
nfc,file,آمَنُوا,1,168,84.72996409688307,26061,134.34043145307712
nfc,file,آمَنُوا,2,64,83.54007180623363,26126,134.34043145307712
nfc,file,آمَنُوا,3,21,84.72996409688307,26061,134.34043145307712
nfc,file,إِن,1,92,84.14790446766064,26061,1.6357727289683424
nfc,file,إِن,2,76,84.70419106467868,26126,1.6357727289683424
nfc,file,إِن,3,85,84.14790446766064,26061,1.6357727289683424
nfc,file,مِنْ,1,68,83.40231671451554,26061,20.162514435291666
nfc,file,مِنْ,2,120,86.1953665709688,26126,20.162514435291666
nfc,file,مِنْ,3,65,83.40231671451554,26061,20.162514435291666
nfc,file,قَالُوا,1,163,83.43164859153212,26061,127.24204481275638
nfc,file,قَالُوا,2,67,83.13670281693572,26126,127.24204481275638
nfc,file,قَالُوا,3,20,83.43164859153212,26061,127.24204481275638
nfc,file,عَلَى,1,70,80.51024780593676,26061,2.0700409793156314
nfc,file,عَلَى,2,87,80.97950438812646,26126,2.0700409793156314
nfc,file,عَلَى,3,85,80.51024780593676,26061,2.0700409793156314
nfc,file,فِيهَا,1,56,80.25869070958464,26061,16.132842698836498
nfc,file,فِيهَا,2,107,80.48261858083063,26126,16.132842698836498
nfc,file,فِيهَا,3,78,80.25869070958464,26061,16.132842698836498
nfc,file,وَاللَّهُ,1,26,79.38792654222259,26061,180.30168137132455
nfc,file,وَاللَّهُ,2,36,80.22414691555481,26126,180.30168137132455
nfc,file,وَاللَّهُ,3,177,79.38792654222259,26061,180.30168137132455
nfc,file,لَهُ,1,78,78.86111988869798,26061,0.8342588097800028
nfc,file,لَهُ,2,75,80.27776022260404,26126,0.8342588097800028
nfc,file,لَهُ,3,85,78.86111988869798,26061,0.8342588097800028
nfc,file,كَانُوا,1,18,76.15027881000246,26061,209.3656729942112
nfc,file,كَانُوا,2,32,76.69944237999512,26126,209.3656729942112
nfc,file,كَانُوا,3,179,76.15027881000246,26061,209.3656729942112
nfc,file,مَن,1,87,74.91044519648925,26061,8.046018713089346
nfc,file,مَن,2,84,76.17910960702143,26126,8.046018713089346
nfc,file,مَن,3,55,74.91044519648925,26061,8.046018713089346
nfc,file,الْأَرْضِ,1,60,72.65656363407625,26061,20.30178776966757
nfc,file,الْأَرْضِ,2,105,73.68687273184739,26126,20.30178776966757
nfc,file,الْأَرْضِ,3,54,72.65656363407625,26061,20.30178776966757
nfc,file,قُلْ,1,160,73.21393058448876,26061,158.4406875244398
nfc,file,قُلْ,2,40,71.57213883102249,26126,158.4406875244398
nfc,file,قُلْ,3,18,73.21393058448876,26061,158.4406875244398
nfc,file,لَهُمْ,1,66,71.86987821448133,26061,0.929345733886226
nfc,file,لَهُمْ,2,79,73.26024357103744,26126,0.929345733886226
nfc,file,لَهُمْ,3,72,71.86987821448133,26061,0.929345733886226
nfc,file,إِذَا,1,92,64.00560569627446,26061,25.403841871675205
nfc,file,إِذَا,2,68,66.9887886074513,26126,25.403841871675205
nfc,file,إِذَا,3,35,64.00560569627446,26061,25.403841871675205
nfc,file,هَـٰذَا,1,68,63.162273695308365,26061,2.9713540660882076
nfc,file,هَـٰذَا,2,70,63.675452609383335,26126,2.9713540660882076
nfc,file,هَـٰذَا,3,52,63.162273695308365,26061,2.9713540660882076
nfc,file,كَفَرُوا,1,101,62.57162232942953,26061,41.09310181056935
nfc,file,كَفَرُوا,2,58,63.85675534114113,26126,41.09310181056935
nfc,file,كَفَرُوا,3,30,62.57162232942953,26061,41.09310181056935
nfc,file,وَمَن,1,71,62.46884640205598,26061,11.197591798247762
nfc,file,وَمَن,2,76,63.06230719588823,26126,11.197591798247762
nfc,file,وَمَن,3,41,62.46884640205598,26061,11.197591798247762
nfc,file,مَّا,1,58,60.22863395334555,26061,0.48775202811489266
nfc,file,مَّا,2,66,61.54273209330907,26126,0.48775202811489266
nfc,file,مَّا,3,58,60.22863395334555,26061,0.48775202811489266
nfc,file,شَيْءٍ,1,16,59.446955104833634,26061,90.78329702062396
nfc,file,شَيْءٍ,2,46,60.10608979033288,26126,90.78329702062396
nfc,file,شَيْءٍ,3,117,59.446955104833634,26061,90.78329702062396
nfc,file,السَّمَاوَاتِ,1,93,58.14967974492107,26061,49.08644796764514
nfc,file,السَّمَاوَاتِ,2,64,58.70064051015789,26126,49.08644796764514
nfc,file,السَّمَاوَاتِ,3,18,58.14967974492107,26061,49.08644796764514
nfc,file,وَهُوَ,1,44,56.66786139133054,26061,19.743919893842293
nfc,file,وَهُوَ,2,43,57.66427721733904,26126,19.743919893842293
nfc,file,وَهُوَ,3,84,56.66786139133054,26061,19.743919893842293
nfc,file,لَكُمْ,1,58,54.88098970633375,26061,4.114464784502857
nfc,file,لَكُمْ,2,65,56.238020587332564,26126,4.114464784502857
nfc,file,لَكُمْ,3,43,54.88098970633375,26061,4.114464784502857
nfc,file,وَالَّذِينَ,1,119,54.35131094448631,26061,119.82816773847794
nfc,file,وَالَّذِينَ,2,33,54.29737811102761,26126,119.82816773847794
nfc,file,وَالَّذِينَ,3,11,54.35131094448631,26061,119.82816773847794
nfc,file,إِنَّا,1,77,51.536561362687635,26061,19.40859599997103
nfc,file,إِنَّا,2,36,52.92687727462483,26126,19.40859599997103
nfc,file,إِنَّا,3,43,51.536561362687635,26061,19.40859599997103
nfc,file,فَلَا,1,41,50.94623617806963,26061,7.303764248195253
nfc,file,فَلَا,2,70,54.10752764386077,26126,7.303764248195253
nfc,file,فَلَا,3,45,50.94623617806963,26061,7.303764248195253
nfc,file,إِذْ,1,104,50.94332690843467,26061,87.12811887391139
nfc,file,إِذْ,2,35,51.1133461831307,26126,87.12811887391139
nfc,file,إِذْ,3,14,50.94332690843467,26061,87.12811887391139
nfc,file,كُنتُمْ,1,16,50.596859999523886,26061,151.0858456747649
nfc,file,كُنتُمْ,2,14,50.80628000095223,26126,151.0858456747649
nfc,file,كُنتُمْ,3,122,50.596859999523886,26061,151.0858456747649
nfc,file,أَيُّهَا,1,136,50.157531540142884,26061,220.72131559615934
nfc,file,أَيُّهَا,2,7,49.68493691971433,26126,220.72131559615934
nfc,file,أَيُّهَا,3,7,50.157531540142884,26061,220.72131559615934
nfc,file,مِّنْ,1,53,49.76214379184228,26061,3.6825205674527446
nfc,file,مِّنْ,2,57,49.47571241631559,26126,3.6825205674527446
nfc,file,مِّنْ,3,39,49.76214379184228,26061,3.6825205674527446
nfc,file,وَإِن,1,66,49.56652378831987,26061,28.303602327253127
nfc,file,وَإِن,2,64,49.866952423360345,26126,28.303602327253127
nfc,file,وَإِن,3,19,49.56652378831987,26061,28.303602327253127
nfc,file,لَّا,1,63,49.03035633973947,26061,7.460833665814113
nfc,file,لَّا,2,49,49.93928732052113,26126,7.460833665814113
nfc,file,لَّا,3,36,49.03035633973947,26061,7.460833665814113
nfc,file,إِنَّهُ,1,26,48.78186559712834,26061,28.97777594160019
nfc,file,إِنَّهُ,2,43,49.43626880574339,26126,28.97777594160019
nfc,file,إِنَّهُ,3,78,48.78186559712834,26061,28.97777594160019
plain,file,من,1,872,918.5205315761275,26061,79.92386457719186
plain,file,من,2,1137,925.958936847764,26126,79.92386457719186
plain,file,من,3,754,918.5205315761275,26061,79.92386457719186
plain,file,الله,1,725,755.2816731821991,26061,13.917964752744597
plain,file,الله,2,702,754.4366536356084,26126,13.917964752744597
plain,file,الله,3,838,755.2816731821991,26061,13.917964752744597
plain,file,في,1,427,393.8163103194136,26061,40.116114080491
plain,file,في,2,465,397.36737936116833,26126,40.116114080491
plain,file,في,3,293,393.8163103194136,26061,40.116114080491
plain,file,ما,1,344,336.52813755073777,26061,28.247130255862736
plain,file,ما,2,405,339.9437248985232,26126,28.247130255862736
plain,file,ما,3,264,336.52813755073777,26061,28.247130255862736
plain,file,إن,1,396,321.66607785072364,26061,32.287657348858446
plain,file,إن,2,253,322.66784429855164,26126,32.287657348858446
plain,file,إن,3,317,321.66607785072364,26061,32.287657348858446
plain,file,لا,1,277,269.26309592259366,26061,14.977493689902705
plain,file,لا,2,225,273.4738081548156,26126,14.977493689902705
plain,file,لا,3,310,269.26309592259366,26061,14.977493689902705
plain,file,الذين,1,554,270.9303022911313,26061,469.0678088456491
plain,file,الذين,2,185,268.13939541773954,26126,469.0678088456491
plain,file,الذين,3,71,270.9303022911313,26061,469.0678088456491
plain,file,على,1,201,223.48851619444042,26061,6.8879058961395225
plain,file,على,2,254,223.02296761112132,26126,6.8879058961395225
plain,file,على,3,215,223.48851619444042,26061,6.8879058961395225
plain,file,إلا,1,195,221.49775426721038,26061,9.439855480445626
plain,file,إلا,2,257,221.0044914655812,26126,9.439855480445626
plain,file,إلا,3,212,221.49775426721038,26061,9.439855480445626
plain,file,ولا,1,190,217.99155538051056,26061,5.80276422372185
plain,file,ولا,2,243,222.01688923898104,26126,5.80276422372185
plain,file,ولا,3,225,217.99155538051056,26061,5.80276422372185
plain,file,وما,1,243,215.23704185561198,26061,7.286556339382705
plain,file,وما,2,216,215.52591628877803,26126,7.286556339382705
plain,file,وما,3,187,215.23704185561198,26061,7.286556339382705
plain,file,أن,1,277,212.98777398271326,26061,80.29064266256533
plain,file,أن,2,254,212.02445203457532,26126,80.29064266256533
plain,file,أن,3,107,212.98777398271326,26061,80.29064266256533
plain,file,قال,1,297,139.1754924381836,26061,280.14222841121165
plain,file,قال,2,87,137.64901512363267,26126,280.14222841121165
plain,file,قال,3,32,139.1754924381836,26061,280.14222841121165
plain,file,إلى,1,158,135.12380064039823,26061,19.75393159849938
plain,file,إلى,2,154,134.75239871920314,26126,19.75393159849938
plain,file,إلى,3,93,135.12380064039823,26061,19.75393159849938
plain,file,لهم,1,113,123.72388206294806,26061,3.0105345918780104
plain,file,لهم,2,141,125.55223587410333,26126,3.0105345918780104
plain,file,لهم,3,119,123.72388206294806,26061,3.0105345918780104
plain,file,يا,1,282,116.84204396356395,26061,353.3768768861469
plain,file,يا,2,47,116.31591207287137,26126,353.3768768861469
plain,file,يا,3,21,116.84204396356395,26061,353.3768768861469
plain,file,ومن,1,153,113.68023286913886,26061,41.959286739026545
plain,file,ومن,2,130,114.63953426172172,26126,41.959286739026545
plain,file,ومن,3,59,113.68023286913886,26061,41.959286739026545
plain,file,ثم,1,159,111.94408106305816,26061,37.1138668428127
plain,file,ثم,2,113,116.11183787388342,26126,37.1138668428127
plain,file,ثم,3,68,111.94408106305816,26061,37.1138668428127
plain,file,لكم,1,118,112.0284222503075,26061,17.624137477410823
plain,file,لكم,2,141,112.94315549938483,26126,17.624137477410823
plain,file,لكم,3,78,112.0284222503075,26061,17.624137477410823
plain,file,به,1,65,108.01733072777846,26061,28.782717177870097
plain,file,به,2,146,110.96533854444287,26126,28.782717177870097
plain,file,به,3,116,108.01733072777846,26061,28.782717177870097
plain,file,كان,1,111,108.42348948314788,26061,9.016120242404083
plain,file,كان,2,83,106.15302103370416,26126,9.016120242404083
plain,file,كان,3,129,108.42348948314788,26061,9.016120242404083
plain,file,بما,1,57,98.59977138452075,26061,63.128184340528804
plain,file,بما,2,77,98.80045723095817,26126,63.128184340528804
plain,file,بما,3,162,98.59977138452075,26061,63.128184340528804
plain,file,قل,1,212,98.48707366132739,26061,200.9233950295165
plain,file,قل,2,55,97.02585267734482,26126,200.9233950295165
plain,file,قل,3,27,98.48707366132739,26061,200.9233950295165
plain,file,الأرض,1,84,95.12400919777046,26061,26.960570907668405
plain,file,الأرض,2,137,96.75198160445872,26126,26.960570907668405
plain,file,الأرض,3,66,95.12400919777046,26061,26.960570907668405
plain,file,أو,1,85,92.90476919893942,26061,40.22711178304837
plain,file,أو,2,141,94.19046160212098,26126,40.22711178304837
plain,file,أو,3,54,92.90476919893942,26061,40.22711178304837
plain,file,ذلك,1,72,93.3213438354908,26061,21.81365604777107
plain,file,ذلك,2,78,93.3573123290182,26126,21.81365604777107
plain,file,ذلك,3,130,93.3213438354908,26061,21.81365604777107
plain,file,له,1,86,91.3022694669338,26061,1.547075765188771
plain,file,له,2,88,92.39546106613226,26126,1.547075765188771
plain,file,له,3,101,91.3022694669338,26061,1.547075765188771
plain,file,الذي,1,159,88.84088089857833,26061,87.28827326189841
plain,file,الذي,2,69,90.31823820284316,26126,87.28827326189841
plain,file,الذي,3,40,88.84088089857833,26061,87.28827326189841
plain,file,هو,1,79,87.91937848621227,26061,1.6554424479614323
plain,file,هو,2,90,89.16124302757548,26126,1.6554424479614323
plain,file,هو,3,96,87.91937848621227,26061,1.6554424479614323
plain,file,آمنوا,1,176,88.07937556047729,26061,143.85012602272232
plain,file,آمنوا,2,66,86.84124887904514,26126,143.85012602272232
plain,file,آمنوا,3,21,88.07937556047729,26061,143.85012602272232
plain,file,هم,1,27,86.1586369404077,26061,168.60109716389564
plain,file,هم,2,50,88.6827261191845,26126,168.60109716389564
plain,file,هم,3,184,86.1586369404077,26061,168.60109716389564
plain,file,وإن,1,113,84.6834246253016,26061,34.79252721585962
plain,file,وإن,2,100,84.63315074939658,26126,34.79252721585962
plain,file,وإن,3,41,84.6834246253016,26061,34.79252721585962
plain,file,قالوا,1,163,83.43164859153212,26061,127.24204481275638
plain,file,قالوا,2,67,83.13670281693572,26126,127.24204481275638
plain,file,قالوا,3,20,83.43164859153212,26061,127.24204481275638
plain,file,كل,1,57,81.42380605766077,26061,11.980385569270712
plain,file,كل,2,88,82.15238788467825,26126,11.980385569270712
plain,file,كل,3,100,81.42380605766077,26061,11.980385569270712
plain,file,فيها,1,56,80.25869070958464,26061,16.132842698836498
plain,file,فيها,2,107,80.48261858083063,26126,16.132842698836498
plain,file,فيها,3,78,80.25869070958464,26061,16.132842698836498
plain,file,والله,1,26,79.72125987555592,26061,178.45536885508517
plain,file,والله,2,37,80.55748024888814,26126,178.45536885508517
plain,file,والله,3,177,79.72125987555592,26061,178.45536885508517
plain,file,كانوا,1,18,76.15027881000246,26061,209.3656729942112
plain,file,كانوا,2,32,76.69944237999512,26126,209.3656729942112
plain,file,كانوا,3,179,76.15027881000246,26061,209.3656729942112
plain,file,عن,1,74,74.45133006479936,26061,8.41877546336638
plain,file,عن,2,92,74.09733987040131,26126,8.41877546336638
plain,file,عن,3,57,74.45133006479936,26061,8.41877546336638
plain,file,إذا,1,94,72.53026244515654,26061,12.74647711546286
plain,file,إذا,2,76,75.93947510968697,26126,12.74647711546286
plain,file,إذا,3,51,72.53026244515654,26061,12.74647711546286
plain,file,ربك,1,69,72.96394584978293,26061,6.387308977647347
plain,file,ربك,2,91,74.07210830043417,26126,6.387308977647347
plain,file,ربك,3,60,72.96394584978293,26061,6.387308977647347
plain,file,يوم,1,79,72.38784727600017,26061,1.0084821676211615
plain,file,يوم,2,67,72.22430544799981,26126,1.0084821676211615
plain,file,يوم,3,71,72.38784727600017,26061,1.0084821676211615
plain,file,عليهم,1,72,70.94498512317473,26061,4.338192803062663
plain,file,عليهم,2,84,72.11002975365055,26126,4.338192803062663
plain,file,عليهم,3,58,70.94498512317473,26061,4.338192803062663
plain,file,شيء,1,18,63.172658783434265,26061,85.55471553840377
plain,file,شيء,2,52,63.65468243313164,26126,85.55471553840377
plain,file,شيء,3,120,63.172658783434265,26061,85.55471553840377
plain,file,هذا,1,68,63.162273695308365,26061,2.9713540660882076
plain,file,هذا,2,70,63.675452609383335,26126,2.9713540660882076
plain,file,هذا,3,52,63.162273695308365,26061,2.9713540660882076
plain,file,كفروا,1,101,62.57162232942953,26061,41.09310181056935
plain,file,كفروا,2,58,63.85675534114113,26126,41.09310181056935
plain,file,كفروا,3,30,62.57162232942953,26061,41.09310181056935
plain,file,كنتم,1,16,62.529345466195664,26061,179.54802751619235
plain,file,كنتم,2,23,62.94130906760883,26126,179.54802751619235
plain,file,كنتم,3,149,62.529345466195664,26061,179.54802751619235
plain,file,السماوات,1,97,60.47493891557498,26061,50.90573305735046
plain,file,السماوات,2,66,61.05012216885009,26126,50.90573305735046
plain,file,السماوات,3,19,60.47493891557498,26061,50.90573305735046
plain,file,الناس,1,67,61.25310086377316,26061,1.181849352778718
plain,file,الناس,2,60,59.493798272453866,26126,1.181849352778718
plain,file,الناس,3,55,61.25310086377316,26061,1.181849352778718
plain,file,لم,1,64,59.310019224486496,26061,21.56290869212384
plain,file,لم,2,82,59.37996155102714,26126,21.56290869212384
plain,file,لم,3,32,59.310019224486496,26061,21.56290869212384
plain,file,وهو,1,44,56.66786139133054,26061,19.743919893842293
plain,file,وهو,2,43,57.66427721733904,26126,19.743919893842293
plain,file,وهو,3,84,56.66786139133054,26061,19.743919893842293
plain,file,فإن,1,60,55.738594861904886,26061,2.5580692728943792
plain,file,فإن,2,62,56.5228102761903,26126,2.5580692728943792
plain,file,فإن,3,46,55.738594861904886,26061,2.5580692728943792
plain,file,إذ,1,111,54.89646389695901,26061,91.99283728761586
plain,file,إذ,2,40,55.20707220608207,26126,91.99283728761586
plain,file,إذ,3,14,54.89646389695901,26061,91.99283728761586
plain,file,عليكم,1,50,54.54309268773433,26061,7.533513420010133
plain,file,عليكم,2,71,54.91381462453151,26126,7.533513420010133
plain,file,عليكم,3,43,54.54309268773433,26061,7.533513420010133
plain,file,والذين,1,119,54.726310944486315,26061,117.35593286493898
plain,file,والذين,2,33,54.54737811102761,26126,117.35593286493898
plain,file,والذين,3,12,54.726310944486315,26061,117.35593286493898
plain,file,الكتاب,1,82,54.24613086004654,26061,30.00821540839051
plain,file,الكتاب,2,56,54.50773827990698,26126,30.00821540839051
plain,file,الكتاب,3,25,54.24613086004654,26061,30.00821540839051
plain,file,الرحمن,1,69,53.707175875783896,26061,32.34795548081267
plain,file,الرحمن,2,68,49.58564824843229,26126,32.34795548081267
plain,file,الرحمن,3,20,53.707175875783896,26061,32.34795548081267
plain,file,والأرض,1,63,51.90878814447193,26061,30.133214682814796
plain,file,والأرض,2,74,53.1824237110561,26126,30.133214682814796
plain,file,والأرض,3,20,51.90878814447193,26061,30.133214682814796
plain,file,إنا,1,77,51.536561362687635,26061,19.40859599997103
plain,file,إنا,2,36,52.92687727462483,26126,19.40859599997103
plain,file,إنا,3,43,51.536561362687635,26061,19.40859599997103
plain,file,فلا,1,41,50.94623617806963,26061,7.303764248195253
plain,file,فلا,2,70,54.10752764386077,26126,7.303764248195253
plain,file,فلا,3,45,50.94623617806963,26061,7.303764248195253
plain,file,منهم,1,39,50.870883876766655,26061,4.342276378214471
plain,file,منهم,2,55,51.25823224646679,26126,4.342276378214471
plain,file,منهم,3,59,50.870883876766655,26061,4.342276378214471
nfc,numbered,فِي,1,432,393.7873963669741,25899,43.64574538399482
nfc,numbered,فِي,2,464,396.42520726604704,26002,43.64574538399482
nfc,numbered,فِي,3,288,393.7873963669741,25899,43.64574538399482
nfc,numbered,مِن,1,284,284.9046705359456,25899,70.17670090883863
nfc,numbered,مِن,2,390,289.19065892810926,26002,70.17670090883863
nfc,numbered,مِن,3,185,284.9046705359456,25899,70.17670090883863
nfc,numbered,مَا,1,291,276.499057848612,25899,30.015407703140326
nfc,numbered,مَا,2,334,278.00188430277916,26002,30.015407703140326
nfc,numbered,مَا,3,206,276.499057848612,25899,30.015407703140326
nfc,numbered,اللَّهِ,1,205,275.2836707098873,25899,29.30236762177897
nfc,numbered,اللَّهِ,2,331,277.4326585802267,26002,29.30236762177897
nfc,numbered,اللَّهِ,3,292,275.2836707098873,25899,29.30236762177897
nfc,numbered,الَّذِينَ,1,556,270.97792454758104,25899,474.35754124835097
nfc,numbered,الَّذِينَ,2,183,268.04415090484,26002,474.35754124835097
nfc,numbered,الَّذِينَ,3,71,270.97792454758104,25899,474.35754124835097
nfc,numbered,اللَّهُ,1,271,244.25979749930207,25899,7.3774445126506745
nfc,numbered,اللَّهُ,2,212,244.4804050013983,26002,7.3774445126506745
nfc,numbered,اللَّهُ,3,250,244.25979749930207,25899,7.3774445126506745
nfc,numbered,لَا,1,218,219.96418416686183,25899,25.392673335827624
nfc,numbered,لَا,2,172,224.07163166627916,26002,25.392673335827624
nfc,numbered,لَا,3,274,219.96418416686183,25899,25.392673335827624
nfc,numbered,إِلَّا,1,195,220.90440540592675,25899,8.899345397690695
nfc,numbered,إِلَّا,2,255,220.19118918814846,26002,8.899345397690695
nfc,numbered,إِلَّا,3,212,220.90440540592675,25899,8.899345397690695
nfc,numbered,وَلَا,1,190,218.02261128113167,25899,5.820522972105548
nfc,numbered,وَلَا,2,243,221.95477743773878,26002,5.820522972105548
nfc,numbered,وَلَا,3,225,218.02261128113167,25899,5.820522972105548
nfc,numbered,وَمَا,1,244,215.21960490656133,25899,7.816616210654807
nfc,numbered,وَمَا,2,216,215.56079018687927,26002,7.816616210654807
nfc,numbered,وَمَا,3,186,215.21960490656133,25899,7.816616210654807
nfc,numbered,إِنَّ,1,268,202.56843730787247,25899,45.912793771833584
nfc,numbered,إِنَّ,2,133,203.86312538425702,26002,45.912793771833584
nfc,numbered,إِنَّ,3,208,202.56843730787247,25899,45.912793771833584
nfc,numbered,اللَّهَ,1,140,196.9546159519331,25899,72.40087237843801
nfc,numbered,اللَّهَ,2,158,198.09076809613555,26002,72.40087237843801
nfc,numbered,اللَّهَ,3,294,196.9546159519331,25899,72.40087237843801
nfc,numbered,أَن,1,182,154.22507109227806,25899,59.59619732181273
nfc,numbered,أَن,2,203,153.54985781544417,26002,59.59619732181273
nfc,numbered,أَن,3,77,154.22507109227806,25899,59.59619732181273
nfc,numbered,عَلَىٰ,1,131,143.09136607512974,25899,7.243358776887379
nfc,numbered,عَلَىٰ,2,168,141.81726784973998,26002,7.243358776887379
nfc,numbered,عَلَىٰ,3,129,143.09136607512974,25899,7.243358776887379
nfc,numbered,قَالَ,1,297,139.1754924381836,25899,280.14222841121165
nfc,numbered,قَالَ,2,87,137.64901512363267,26002,280.14222841121165
nfc,numbered,قَالَ,3,32,139.1754924381836,25899,280.14222841121165
nfc,numbered,مِنَ,1,89,137.21688508452644,25899,37.398624302859794
nfc,numbered,مِنَ,2,133,137.5662298309464,26002,37.398624302859794
nfc,numbered,مِنَ,3,190,137.21688508452644,25899,37.398624302859794
nfc,numbered,مِّن,1,137,138.148819257586,25899,26.683726411965353
nfc,numbered,مِّن,2,179,135.70236148482792,26002,26.683726411965353
nfc,numbered,مِّن,3,96,138.148819257586,25899,26.683726411965353
nfc,numbered,يَا,1,284,116.7765459474432,25899,362.283355332771
nfc,numbered,يَا,2,46,116.44690810511284,26002,362.283355332771
nfc,numbered,يَا,3,20,116.7765459474432,25899,362.283355332771
nfc,numbered,ثُمَّ,1,159,110.95836677734388,25899,37.656765830158164
nfc,numbered,ثُمَّ,2,110,115.08326644531199,26002,37.656765830158164
nfc,numbered,ثُمَّ,3,68,110.95836677734388,25899,37.656765830158164
nfc,numbered,بِهِ,1,64,107.67168212350917,25899,29.645996250626695
nfc,numbered,بِهِ,2,146,110.65663575298146,26002,29.645996250626695
nfc,numbered,بِهِ,3,116,107.67168212350917,25899,29.645996250626695
nfc,numbered,كَانَ,1,111,108.45879325983098,25899,8.972366660673423
nfc,numbered,كَانَ,2,83,106.08241348033799,26002,8.972366660673423
nfc,numbered,كَانَ,3,129,108.45879325983098,25899,8.972366660673423
nfc,numbered,بِمَا,1,58,98.57358732599167,25899,62.794733951582245
nfc,numbered,بِمَا,2,76,98.85282534801631,26002,62.794733951582245
nfc,numbered,بِمَا,3,162,98.57358732599167,25899,62.794733951582245
nfc,numbered,مِّنَ,1,77,93.27525744382685,25899,5.405735828388058
nfc,numbered,مِّنَ,2,110,94.44948511234607,26002,5.405735828388058
nfc,numbered,مِّنَ,3,94,93.27525744382685,25899,5.405735828388058
nfc,numbered,ذَٰلِكَ,1,72,92.99525687896906,25899,21.102071393924934
nfc,numbered,ذَٰلِكَ,2,78,93.00948624206167,26002,21.102071393924934
nfc,numbered,ذَٰلِكَ,3,129,92.99525687896906,25899,21.102071393924934
nfc,numbered,الَّذِي,1,163,88.95720518619066,25899,96.12382800693268
nfc,numbered,الَّذِي,2,66,90.08558962761853,26002,96.12382800693268
nfc,numbered,الَّذِي,3,39,88.95720518619066,25899,96.12382800693268
nfc,numbered,إِلَىٰ,1,94,88.12449016674441,25899,7.275127085231843
nfc,numbered,إِلَىٰ,2,103,88.75101966651091,26002,7.275127085231843
nfc,numbered,إِلَىٰ,3,68,88.12449016674441,25899,7.275127085231843
nfc,numbered,هُوَ,1,79,87.8077118195456,25899,1.5017855586570787
nfc,numbered,هُوَ,2,91,89.38457636090882,26002,1.5017855586570787
nfc,numbered,هُوَ,3,95,87.8077118195456,25899,1.5017855586570787
nfc,numbered,أَوْ,1,77,87.09027273049558,25899,40.13588081523048
nfc,numbered,أَوْ,2,135,88.81945453900865,26002,40.13588081523048
nfc,numbered,أَوْ,3,51,87.09027273049558,25899,40.13588081523048
nfc,numbered,آمَنُوا,1,169,84.69127682952329,25899,136.90993946143035
nfc,numbered,آمَنُوا,2,63,83.61744634095318,26002,136.90993946143035
nfc,numbered,آمَنُوا,3,21,84.69127682952329,25899,136.90993946143035
nfc,numbered,إِن,1,92,84.14996395354761,25899,1.6345257597173557
nfc,numbered,إِن,2,76,84.70007209290473,26002,1.6345257597173557
nfc,numbered,إِن,3,85,84.14996395354761,25899,1.6345257597173557
nfc,numbered,مِنْ,1,68,83.4364833811822,25899,20.251614690060265
nfc,numbered,مِنْ,2,120,86.12703323763547,26002,20.251614690060265
nfc,numbered,مِنْ,3,65,83.4364833811822,25899,20.251614690060265
nfc,numbered,قَالُوا,1,164,83.45125643466939,25899,129.50950131296943
nfc,numbered,قَالُوا,2,66,83.09748713066122,26002,129.50950131296943
nfc,numbered,قَالُوا,3,20,83.45125643466939,25899,129.50950131296943
nfc,numbered,عَلَى,1,71,80.54055083623979,25899,1.696110545077278
nfc,numbered,عَلَى,2,86,80.9188983275204,26002,1.696110545077278
nfc,numbered,عَلَى,3,85,80.54055083623979,25899,1.696110545077278
nfc,numbered,فِيهَا,1,56,80.28433173522566,25899,16.186852698564863
nfc,numbered,فِيهَا,2,107,80.43133652954859,26002,16.186852698564863
nfc,numbered,فِيهَا,3,78,80.28433173522566,25899,16.186852698564863
nfc,numbered,وَاللَّهُ,1,26,79.45983760329773,25899,176.43493617826323
nfc,numbered,وَاللَّهُ,2,37,80.08032479340451,26002,176.43493617826323
nfc,numbered,وَاللَّهُ,3,176,79.45983760329773,25899,176.43493617826323
nfc,numbered,لَهُ,1,79,78.9003355749725,25899,0.9508836251981067
nfc,numbered,لَهُ,2,74,80.19932885005502,26002,0.9508836251981067
nfc,numbered,لَهُ,3,85,78.9003355749725,25899,0.9508836251981067
nfc,numbered,كَانُوا,1,18,76.15027881000246,25899,209.3656729942112
nfc,numbered,كَانُوا,2,32,76.69944237999512,26002,209.3656729942112
nfc,numbered,كَانُوا,3,179,76.15027881000246,25899,209.3656729942112
nfc,numbered,مَن,1,87,74.91044519648925,25899,8.046018713089346
nfc,numbered,مَن,2,84,76.17910960702143,26002,8.046018713089346
nfc,numbered,مَن,3,55,74.91044519648925,25899,8.046018713089346
nfc,numbered,الْأَرْضِ,1,60,72.77721871429017,25899,22.04732712204035
nfc,numbered,الْأَرْضِ,2,106,73.44556257141959,26002,22.04732712204035
nfc,numbered,الْأَرْضِ,3,53,72.77721871429017,25899,22.04732712204035
nfc,numbered,قُلْ,1,164,72.66868171571048,25899,174.4126205000623
nfc,numbered,قُلْ,2,36,72.66263656857905,26002,174.4126205000623
nfc,numbered,قُلْ,3,18,72.66868171571048,25899,174.4126205000623
nfc,numbered,لَهُمْ,1,66,71.86987821448133,25899,0.929345733886226
nfc,numbered,لَهُمْ,2,79,73.26024357103744,26002,0.929345733886226
nfc,numbered,لَهُمْ,3,72,71.86987821448133,25899,0.929345733886226
nfc,numbered,إِذَا,1,98,64.25984086860427,25899,33.01474855905745
nfc,numbered,إِذَا,2,64,66.48031826279171,26002,33.01474855905745
nfc,numbered,إِذَا,3,33,64.25984086860427,25899,33.01474855905745
nfc,numbered,هَـٰذَا,1,68,63.162273695308365,25899,2.9713540660882076
nfc,numbered,هَـٰذَا,2,70,63.675452609383335,26002,2.9713540660882076
nfc,numbered,هَـٰذَا,3,52,63.162273695308365,25899,2.9713540660882076
nfc,numbered,كَفَرُوا,1,103,62.644839823974515,25899,43.941038911270184
nfc,numbered,كَفَرُوا,2,56,63.710320352051156,26002,43.941038911270184
nfc,numbered,كَفَرُوا,3,30,62.644839823974515,25899,43.941038911270184
nfc,numbered,وَمَن,1,71,62.46300074960303,25899,12.319639364659833
nfc,numbered,وَمَن,2,77,63.07399850079411,26002,12.319639364659833
nfc,numbered,وَمَن,3,40,62.46300074960303,25899,12.319639364659833
nfc,numbered,مَّا,1,58,60.22863395334555,25899,0.48775202811489266
nfc,numbered,مَّا,2,66,61.54273209330907,26002,0.48775202811489266
nfc,numbered,مَّا,3,58,60.22863395334555,25899,0.48775202811489266
nfc,numbered,شَيْءٍ,1,16,59.50410873551668,25899,90.62506213454509
nfc,numbered,شَيْءٍ,2,46,59.9917825289668,26002,90.62506213454509
nfc,numbered,شَيْءٍ,3,117,59.50410873551668,25899,90.62506213454509
nfc,numbered,السَّمَاوَاتِ,1,95,58.331690136490295,25899,51.166516716716714
nfc,numbered,السَّمَاوَاتِ,2,62,58.33661972701947,26002,51.166516716716714
nfc,numbered,السَّمَاوَاتِ,3,18,58.331690136490295,25899,51.166516716716714
nfc,numbered,وَهُوَ,1,44,56.81896518949316,25899,19.490861993293912
nfc,numbered,وَهُوَ,2,43,57.362069621013795,26002,19.490861993293912
nfc,numbered,وَهُوَ,3,84,56.81896518949316,25899,19.490861993293912
nfc,numbered,لَكُمْ,1,58,54.88098970633375,25899,4.114464784502857
nfc,numbered,لَكُمْ,2,65,56.238020587332564,26002,4.114464784502857
nfc,numbered,لَكُمْ,3,43,54.88098970633375,25899,4.114464784502857
nfc,numbered,وَالَّذِينَ,1,119,54.35131094448631,25899,119.82816773847794
nfc,numbered,وَالَّذِينَ,2,33,54.29737811102761,26002,119.82816773847794
nfc,numbered,وَالَّذِينَ,3,11,54.35131094448631,25899,119.82816773847794
nfc,numbered,إِنَّا,1,80,51.69607439867125,25899,24.26757400053775
nfc,numbered,إِنَّا,2,33,52.60785120265758,26002,24.26757400053775
nfc,numbered,إِنَّا,3,43,51.69607439867125,25899,24.26757400053775
nfc,numbered,فَلَا,1,41,50.97187720371066,25899,7.353084048359292
nfc,numbered,فَلَا,2,70,54.05624559257872,26002,7.353084048359292
nfc,numbered,فَلَا,3,45,50.97187720371066,25899,7.353084048359292
nfc,numbered,إِذْ,1,104,50.94332690843467,25899,87.12811887391139
nfc,numbered,إِذْ,2,35,51.1133461831307,26002,87.12811887391139
nfc,numbered,إِذْ,3,14,50.94332690843467,25899,87.12811887391139
nfc,numbered,كُنتُمْ,1,16,50.583767970259345,25899,151.16130434826243
nfc,numbered,كُنتُمْ,2,14,50.832464059481296,26002,151.16130434826243
nfc,numbered,كُنتُمْ,3,122,50.583767970259345,25899,151.16130434826243
nfc,numbered,أَيُّهَا,1,137,50.09203352402215,25899,226.63571646705475
nfc,numbered,أَيُّهَا,2,9,49.8159329519558,26002,226.63571646705475
nfc,numbered,أَيُّهَا,3,4,50.09203352402215,25899,226.63571646705475
nfc,numbered,مِّنْ,1,53,49.76214379184228,25899,3.6825205674527446
nfc,numbered,مِّنْ,2,57,49.47571241631559,26002,3.6825205674527446
nfc,numbered,مِّنْ,3,39,49.76214379184228,25899,3.6825205674527446
nfc,numbered,وَإِن,1,66,49.56652378831987,25899,28.303602327253127
nfc,numbered,وَإِن,2,64,49.866952423360345,26002,28.303602327253127
nfc,numbered,وَإِن,3,19,49.56652378831987,25899,28.303602327253127
nfc,numbered,لَّا,1,63,49.03035633973947,25899,7.460833665814113
nfc,numbered,لَّا,2,49,49.93928732052113,26002,7.460833665814113
nfc,numbered,لَّا,3,36,49.03035633973947,25899,7.460833665814113
nfc,numbered,إِنَّهُ,1,26,48.795198930461666,25899,28.960095820177163
nfc,numbered,إِنَّهُ,2,43,49.409602139076725,26002,28.960095820177163
nfc,numbered,إِنَّهُ,3,78,48.795198930461666,25899,28.960095820177163
plain,numbered,من,1,874,918.5387781977221,25899,80.47271947461515
plain,numbered,من,2,1137,925.9224436045752,26002,80.47271947461515
plain,numbered,من,3,752,918.5387781977221,25899,80.47271947461515
plain,numbered,الله,1,616,716.498084161123,25899,34.52899670219838
plain,numbered,الله,2,701,720.0038316777576,26002,34.52899670219838
plain,numbered,الله,3,836,716.498084161123,25899,34.52899670219838
plain,numbered,في,1,432,394.10557818515593,25899,43.05942863844601
plain,numbered,في,2,464,396.7888436296834,26002,43.05942863844601
plain,numbered,في,3,289,394.10557818515593,25899,43.05942863844601
plain,numbered,ما,1,349,336.7276918019561,25899,26.919255512946318
plain,numbered,ما,2,400,339.54461639608655,26002,26.919255512946318
plain,numbered,ما,3,264,336.7276918019561,25899,26.919255512946318
plain,numbered,إن,1,396,321.6673671382491,25899,31.889452941662235
plain,numbered,إن,2,254,322.6652657235006,26002,31.889452941662235
plain,numbered,إن,3,316,321.6673671382491,25899,31.889452941662235
plain,numbered,لا,1,281,268.9945405066015,25899,17.04231659801448
plain,numbered,لا,2,221,274.0109189868,26002,17.04231659801448
plain,numbered,لا,3,310,268.9945405066015,25899,17.04231659801448
plain,numbered,الذين,1,556,270.97792454758104,25899,474.35754124835097
plain,numbered,الذين,2,183,268.04415090484,26002,474.35754124835097
plain,numbered,الذين,3,71,270.97792454758104,25899,474.35754124835097
plain,numbered,على,1,202,223.63191691137052,25899,6.895579927998741
plain,numbered,على,2,254,222.73616617726105,26002,6.895579927998741
plain,numbered,على,3,214,223.63191691137052,25899,6.895579927998741
plain,numbered,إلا,1,195,221.51690540592676,25899,9.459275274199033
plain,numbered,إلا,2,257,220.9661891881485,26002,9.459275274199033
plain,numbered,إلا,3,212,221.51690540592676,25899,9.459275274199033
plain,numbered,ولا,1,190,218.02261128113167,25899,5.820522972105548
plain,numbered,ولا,2,243,221.95477743773878,26002,5.820522972105548
plain,numbered,ولا,3,225,218.02261128113167,25899,5.820522972105548
plain,numbered,وما,1,244,215.21960490656133,25899,7.816616210654807
plain,numbered,وما,2,216,215.56079018687927,26002,7.816616210654807
plain,numbered,وما,3,186,215.21960490656133,25899,7.816616210654807
plain,numbered,أن,1,277,213.0295473778794,25899,80.32940854219277
plain,numbered,أن,2,254,211.94090524424314,26002,80.32940854219277
plain,numbered,أن,3,107,213.0295473778794,25899,80.32940854219277
plain,numbered,قال,1,297,139.1754924381836,25899,280.14222841121165
plain,numbered,قال,2,87,137.64901512363267,26002,280.14222841121165
plain,numbered,قال,3,32,139.1754924381836,25899,280.14222841121165
plain,numbered,إلى,1,159,135.1010950126926,25899,19.80535410937545
plain,numbered,إلى,2,153,134.7978099746144,26002,19.80535410937545
plain,numbered,إلى,3,93,135.1010950126926,25899,19.80535410937545
plain,numbered,لهم,1,113,123.72388206294806,25899,3.0105345918780104
plain,numbered,لهم,2,141,125.55223587410333,26002,3.0105345918780104
plain,numbered,لهم,3,119,123.72388206294806,25899,3.0105345918780104
plain,numbered,يا,1,284,116.7765459474432,25899,362.283355332771
plain,numbered,يا,2,46,116.44690810511284,26002,362.283355332771
plain,numbered,يا,3,20,116.7765459474432,25899,362.283355332771
plain,numbered,ومن,1,153,113.67438721668591,25899,43.20363178633048
plain,numbered,ومن,2,131,114.65122556662762,26002,43.20363178633048
plain,numbered,ومن,3,58,113.67438721668591,25899,43.20363178633048
plain,numbered,ثم,1,159,111.91074772972483,25899,37.130331952275974
plain,numbered,ثم,2,113,116.17850454055008,26002,37.130331952275974
plain,numbered,ثم,3,68,111.91074772972483,25899,37.130331952275974
plain,numbered,لكم,1,119,112.04032701221226,25899,17.26908463248609
plain,numbered,لكم,2,140,112.91934597557531,26002,17.26908463248609
plain,numbered,لكم,3,78,112.04032701221226,25899,17.26908463248609
plain,numbered,به,1,65,108.02882498065203,25899,28.805105396095637
plain,numbered,به,2,146,110.94235003869575,26002,28.805105396095637
plain,numbered,به,3,116,108.02882498065203,25899,28.805105396095637
plain,numbered,كان,1,111,108.45879325983098,25899,8.972366660673423
plain,numbered,كان,2,83,106.08241348033799,26002,8.972366660673423
plain,numbered,كان,3,129,108.45879325983098,25899,8.972366660673423
plain,numbered,بما,1,58,98.57358732599167,25899,62.794733951582245
plain,numbered,بما,2,76,98.85282534801631,26002,62.794733951582245
plain,numbered,بما,3,162,98.57358732599167,25899,62.794733951582245
plain,numbered,قل,1,217,97.95697630770061,25899,219.64090803441968
plain,numbered,قل,2,50,98.08604738459834,26002,219.64090803441968
plain,numbered,قل,3,27,97.95697630770061,25899,219.64090803441968
plain,numbered,الأرض,1,84,95.11966427798438,25899,29.920027166118096
plain,numbered,الأرض,2,139,96.76067144403092,26002,29.920027166118096
plain,numbered,الأرض,3,64,95.11966427798438,25899,29.920027166118096
plain,numbered,أو,1,85,92.90476919893942,25899,40.22711178304837
plain,numbered,أو,2,141,94.19046160212098,26002,40.22711178304837
plain,numbered,أو,3,54,92.90476919893942,25899,40.22711178304837
plain,numbered,ذلك,1,72,93.32859021230239,25899,21.805400456538585
plain,numbered,ذلك,2,78,93.34281957539501,26002,21.805400456538585
plain,numbered,ذلك,3,130,93.32859021230239,25899,21.805400456538585
plain,numbered,له,1,87,91.37178818351134,25899,1.5232277525228426
plain,numbered,له,2,87,92.25642363297719,26002,1.5232277525228426
plain,numbered,له,3,101,91.37178818351134,25899,1.5232277525228426
plain,numbered,الذي,1,163,88.95720518619066,25899,96.12382800693268
plain,numbered,الذي,2,66,90.08558962761853,26002,96.12382800693268
plain,numbered,الذي,3,39,88.95720518619066,25899,96.12382800693268
plain,numbered,هو,1,79,87.8077118195456,25899,1.5017855586570787
plain,numbered,هو,2,91,89.38457636090882,26002,1.5017855586570787
plain,numbered,هو,3,95,87.8077118195456,25899,1.5017855586570787
plain,numbered,آمنوا,1,177,88.04068829311751,25899,146.46456459344705
plain,numbered,آمنوا,2,65,86.9186234137647,26002,146.46456459344705
plain,numbered,آمنوا,3,21,88.04068829311751,25899,146.46456459344705
plain,numbered,هم,1,27,86.1586369404077,25899,168.60109716389564
plain,numbered,هم,2,50,88.6827261191845,26002,168.60109716389564
plain,numbered,هم,3,184,86.1586369404077,25899,168.60109716389564
plain,numbered,وإن,1,113,84.6834246253016,25899,34.79252721585962
plain,numbered,وإن,2,100,84.63315074939658,26002,34.79252721585962
plain,numbered,وإن,3,41,84.6834246253016,25899,34.79252721585962
plain,numbered,قالوا,1,164,83.45125643466939,25899,129.50950131296943
plain,numbered,قالوا,2,66,83.09748713066122,26002,129.50950131296943
plain,numbered,قالوا,3,20,83.45125643466939,25899,129.50950131296943
plain,numbered,كل,1,57,81.48095968834383,25899,11.997592382267767
plain,numbered,كل,2,88,82.03808062331217,26002,11.997592382267767
plain,numbered,كل,3,100,81.48095968834383,25899,11.997592382267767
plain,numbered,فيها,1,56,80.28433173522566,25899,16.186852698564863
plain,numbered,فيها,2,107,80.43133652954859,26002,16.186852698564863
plain,numbered,فيها,3,78,80.28433173522566,25899,16.186852698564863
plain,numbered,والله,1,26,79.79317093663106,25899,174.63269890180078
plain,numbered,والله,2,38,80.41365812673784,26002,174.63269890180078
plain,numbered,والله,3,176,79.79317093663106,25899,174.63269890180078
plain,numbered,كانوا,1,18,76.15027881000246,25899,209.3656729942112
plain,numbered,كانوا,2,32,76.69944237999512,26002,209.3656729942112
plain,numbered,كانوا,3,179,76.15027881000246,25899,209.3656729942112
plain,numbered,عن,1,74,74.50814824661755,25899,8.504858969386785
plain,numbered,عن,2,92,73.98370350676495,26002,8.504858969386785
plain,numbered,عن,3,57,74.50814824661755,25899,8.504858969386785
plain,numbered,إذا,1,100,72.78449761748631,25899,18.104743711708917
plain,numbered,إذا,2,72,75.43100476502734,26002,18.104743711708917
plain,numbered,إذا,3,49,72.78449761748631,25899,18.104743711708917
plain,numbered,ربك,1,69,72.84523429817666,25899,8.86717952478171
plain,numbered,ربك,2,94,74.30953140364676,26002,8.86717952478171
plain,numbered,ربك,3,57,72.84523429817666,25899,8.86717952478171
plain,numbered,يوم,1,79,72.38784727600017,25899,1.0084821676211615
plain,numbered,يوم,2,67,72.22430544799981,26002,1.0084821676211615
plain,numbered,يوم,3,71,72.38784727600017,25899,1.0084821676211615
plain,numbered,عليهم,1,72,70.94498512317473,25899,4.338192803062663
plain,numbered,عليهم,2,84,72.11002975365055,26002,4.338192803062663
plain,numbered,عليهم,3,58,70.94498512317473,25899,4.338192803062663
plain,numbered,شيء,1,18,63.172669556974455,25899,85.55469016862997
plain,numbered,شيء,2,52,63.654660886051275,26002,85.55469016862997
plain,numbered,شيء,3,120,63.172669556974455,25899,85.55469016862997
plain,numbered,هذا,1,68,63.162273695308365,25899,2.9713540660882076
plain,numbered,هذا,2,70,63.675452609383335,26002,2.9713540660882076
plain,numbered,هذا,3,52,63.162273695308365,25899,2.9713540660882076
plain,numbered,كفروا,1,103,62.644839823974515,25899,43.941038911270184
plain,numbered,كفروا,2,56,63.710320352051156,26002,43.941038911270184
plain,numbered,كفروا,3,30,62.644839823974515,25899,43.941038911270184
plain,numbered,كنتم,1,16,62.53140495208264,25899,179.53674909742904
plain,numbered,كنتم,2,23,62.937190095834865,26002,179.53674909742904
plain,numbered,كنتم,3,149,62.53140495208264,25899,179.53674909742904
plain,numbered,السماوات,1,99,60.6569493071442,25899,53.02719057483854
plain,numbered,السماوات,2,64,60.68610138571166,26002,53.02719057483854
plain,numbered,السماوات,3,19,60.6569493071442,25899,53.02719057483854
plain,numbered,الناس,1,68,61.062496119152996,25899,1.4028847175746457
plain,numbered,الناس,2,59,59.875007761694214,26002,1.4028847175746457
plain,numbered,الناس,3,55,61.062496119152996,25899,1.4028847175746457
plain,numbered,لم,1,65,59.378699447771986,25899,21.14670968290752
plain,numbered,لم,2,81,59.24260110445616,26002,21.14670968290752
plain,numbered,لم,3,32,59.378699447771986,25899,21.14670968290752
plain,numbered,وهو,1,44,56.81896518949316,25899,19.490861993293912
plain,numbered,وهو,2,43,57.362069621013795,26002,19.490861993293912
plain,numbered,وهو,3,84,56.81896518949316,25899,19.490861993293912
plain,numbered,فإن,1,60,55.738594861904886,25899,2.5580692728943792
plain,numbered,فإن,2,62,56.5228102761903,26002,2.5580692728943792
plain,numbered,فإن,3,46,55.738594861904886,25899,2.5580692728943792
plain,numbered,إذ,1,111,54.89646389695901,25899,91.99283728761586
plain,numbered,إذ,2,40,55.20707220608207,26002,91.99283728761586
plain,numbered,إذ,3,14,54.89646389695901,25899,91.99283728761586
plain,numbered,عليكم,1,50,54.56649170251265,25899,7.577619795955533
plain,numbered,عليكم,2,71,54.86701659497486,26002,7.577619795955533
plain,numbered,عليكم,3,43,54.56649170251265,25899,7.577619795955533
plain,numbered,والذين,1,119,54.726310944486315,25899,117.35593286493898
plain,numbered,والذين,2,33,54.54737811102761,26002,117.35593286493898
plain,numbered,والذين,3,12,54.726310944486315,25899,117.35593286493898
plain,numbered,الكتاب,1,84,54.51481108333204,25899,34.24244836876897
plain,numbered,الكتاب,2,56,53.970377833336016,26002,34.24244836876897
plain,numbered,الكتاب,3,23,54.51481108333204,25899,34.24244836876897
plain,numbered,والأرض,1,63,51.97014345582725,25899,32.329703516001885
plain,numbered,والأرض,2,75,53.05971308834549,26002,32.329703516001885
plain,numbered,والأرض,3,19,51.97014345582725,25899,32.329703516001885
plain,numbered,إنا,1,80,51.69607439867125,25899,24.26757400053775
plain,numbered,إنا,2,33,52.60785120265758,26002,24.26757400053775
plain,numbered,إنا,3,43,51.69607439867125,25899,24.26757400053775
plain,numbered,فلا,1,41,50.97187720371066,25899,7.353084048359292
plain,numbered,فلا,2,70,54.05624559257872,26002,7.353084048359292
plain,numbered,فلا,3,45,50.97187720371066,25899,7.353084048359292
plain,numbered,منهم,1,39,50.870883876766655,25899,4.342276378214471
plain,numbered,منهم,2,55,51.25823224646679,26002,4.342276378214471
plain,numbered,منهم,3,59,50.870883876766655,25899,4.342276378214471
plain,numbered,أيها,1,137,50.09203352402215,25899,226.63571646705475
plain,numbered,أيها,2,9,49.8159329519558,26002,226.63571646705475
plain,numbered,أيها,3,4,50.09203352402215,25899,226.63571646705475
