profile_id,scope,form,frequency,max_statistic_component
nfc,file,فِي,1184,40.678491288382546
nfc,file,اللَّهِ,940,2.594272108320234
nfc,file,مِن,859,67.42615686111697
nfc,file,مَا,831,31.417500821248822
nfc,file,الَّذِينَ,810,469.0678088456491
nfc,file,اللَّهُ,733,7.624941726179274
nfc,file,لَا,664,23.41123742684353
nfc,file,إِلَّا,662,8.880548982642232
nfc,file,وَلَا,658,5.80276422372185
nfc,file,وَمَا,646,7.286556339382705
nfc,file,إِنَّ,609,46.669943357316136
nfc,file,اللَّهَ,592,72.90095817438015
nfc,file,أَن,462,59.5629154478454
nfc,file,عَلَىٰ,428,6.566326571316798
nfc,file,قَالَ,416,280.14222841121165
nfc,file,مِنَ,412,37.39667269632852
nfc,file,مِّن,412,27.329343860035078
nfc,file,يَا,350,353.3768768861469
nfc,file,ثُمَّ,337,37.63676685151961
nfc,file,بِهِ,326,29.623390062112016
nfc,file,كَانَ,323,9.016120242404083
nfc,file,بِمَا,296,63.128184340528804
nfc,file,مِّنَ,281,6.121243916854503
nfc,file,ذَٰلِكَ,279,21.110169259493873
nfc,file,الَّذِي,268,87.28827326189841
nfc,file,إِلَىٰ,265,7.499711282840563
nfc,file,هُوَ,265,1.6554424479614323
nfc,file,أَوْ,263,40.13588081523048
nfc,file,آمَنُوا,253,134.34043145307712
nfc,file,إِن,253,1.6357727289683424
nfc,file,مِنْ,253,20.162514435291666
nfc,file,قَالُوا,250,127.24204481275638
nfc,file,عَلَى,242,2.0700409793156314
nfc,file,فِيهَا,241,16.132842698836498
nfc,file,وَاللَّهُ,239,180.30168137132455
nfc,file,لَهُ,238,0.8342588097800028
nfc,file,كَانُوا,229,209.3656729942112
nfc,file,مَن,226,8.046018713089346
nfc,file,الْأَرْضِ,219,20.30178776966757
nfc,file,قُلْ,218,158.4406875244398
nfc,file,لَهُمْ,217,0.929345733886226
nfc,file,إِذَا,195,25.403841871675205
nfc,file,هَـٰذَا,190,2.9713540660882076
nfc,file,كَفَرُوا,189,41.09310181056935
nfc,file,وَمَن,188,11.197591798247762
nfc,file,مَّا,182,0.48775202811489266
nfc,file,شَيْءٍ,179,90.78329702062396
nfc,file,السَّمَاوَاتِ,175,49.08644796764514
nfc,file,وَهُوَ,171,19.743919893842293
nfc,file,لَكُمْ,166,4.114464784502857
nfc,file,وَالَّذِينَ,163,119.82816773847794
nfc,file,إِنَّا,156,19.40859599997103
nfc,file,فَلَا,156,7.303764248195253
nfc,file,إِذْ,153,87.12811887391139
nfc,file,كُنتُمْ,152,151.0858456747649
nfc,file,أَيُّهَا,150,220.72131559615934
nfc,file,مِّنْ,149,3.6825205674527446
nfc,file,وَإِن,149,28.303602327253127
nfc,file,لَّا,148,7.460833665814113
nfc,file,إِنَّهُ,147,28.97777594160019
plain,file,من,2763,79.92386457719186
plain,file,الله,2265,13.917964752744597
plain,file,في,1185,40.116114080491
plain,file,ما,1013,28.247130255862736
plain,file,إن,966,32.287657348858446
plain,file,لا,812,14.977493689902705
plain,file,الذين,810,469.0678088456491
plain,file,على,670,6.8879058961395225
plain,file,إلا,664,9.439855480445626
plain,file,ولا,658,5.80276422372185
plain,file,وما,646,7.286556339382705
plain,file,أن,638,80.29064266256533
plain,file,قال,416,280.14222841121165
plain,file,إلى,405,19.75393159849938
plain,file,لهم,373,3.0105345918780104
plain,file,يا,350,353.3768768861469
plain,file,ومن,342,41.959286739026545
plain,file,ثم,340,37.1138668428127
plain,file,لكم,337,17.624137477410823
plain,file,به,327,28.782717177870097
plain,file,كان,323,9.016120242404083
plain,file,بما,296,63.128184340528804
plain,file,قل,294,200.9233950295165
plain,file,الأرض,287,26.960570907668405
plain,file,أو,280,40.22711178304837
plain,file,ذلك,280,21.81365604777107
plain,file,له,275,1.547075765188771
plain,file,الذي,268,87.28827326189841
plain,file,هو,265,1.6554424479614323
plain,file,آمنوا,263,143.85012602272232
plain,file,هم,261,168.60109716389564
plain,file,وإن,254,34.79252721585962
plain,file,قالوا,250,127.24204481275638
plain,file,كل,245,11.980385569270712
plain,file,فيها,241,16.132842698836498
plain,file,والله,240,178.45536885508517
plain,file,كانوا,229,209.3656729942112
plain,file,عن,223,8.41877546336638
plain,file,إذا,221,12.74647711546286
plain,file,ربك,220,6.387308977647347
plain,file,يوم,217,1.0084821676211615
plain,file,عليهم,214,4.338192803062663
plain,file,شيء,190,85.55471553840377
plain,file,هذا,190,2.9713540660882076
plain,file,كفروا,189,41.09310181056935
plain,file,كنتم,188,179.54802751619235
plain,file,السماوات,182,50.90573305735046
plain,file,الناس,182,1.181849352778718
plain,file,لم,178,21.56290869212384
plain,file,وهو,171,19.743919893842293
plain,file,فإن,168,2.5580692728943792
plain,file,إذ,165,91.99283728761586
plain,file,عليكم,164,7.533513420010133
plain,file,والذين,164,117.35593286493898
plain,file,الكتاب,163,30.00821540839051
plain,file,الرحمن,157,32.34795548081267
plain,file,والأرض,157,30.133214682814796
plain,file,إنا,156,19.40859599997103
plain,file,فلا,156,7.303764248195253
plain,file,منهم,153,4.342276378214471
nfc,numbered,فِي,1184,43.64574538399482
nfc,numbered,مِن,859,70.17670090883863
nfc,numbered,مَا,831,30.015407703140326
nfc,numbered,اللَّهِ,828,29.30236762177897
nfc,numbered,الَّذِينَ,810,474.35754124835097
nfc,numbered,اللَّهُ,733,7.3774445126506745
nfc,numbered,لَا,664,25.392673335827624
nfc,numbered,إِلَّا,662,8.899345397690695
nfc,numbered,وَلَا,658,5.820522972105548
nfc,numbered,وَمَا,646,7.816616210654807
nfc,numbered,إِنَّ,609,45.912793771833584
nfc,numbered,اللَّهَ,592,72.40087237843801
nfc,numbered,أَن,462,59.59619732181273
nfc,numbered,عَلَىٰ,428,7.243358776887379
nfc,numbered,قَالَ,416,280.14222841121165
nfc,numbered,مِنَ,412,37.398624302859794
nfc,numbered,مِّن,412,26.683726411965353
nfc,numbered,يَا,350,362.283355332771
nfc,numbered,ثُمَّ,337,37.656765830158164
nfc,numbered,بِهِ,326,29.645996250626695
nfc,numbered,كَانَ,323,8.972366660673423
nfc,numbered,بِمَا,296,62.794733951582245
nfc,numbered,مِّنَ,281,5.405735828388058
nfc,numbered,ذَٰلِكَ,279,21.102071393924934
nfc,numbered,الَّذِي,268,96.12382800693268
nfc,numbered,إِلَىٰ,265,7.275127085231843
nfc,numbered,هُوَ,265,1.5017855586570787
nfc,numbered,أَوْ,263,40.13588081523048
nfc,numbered,آمَنُوا,253,136.90993946143035
nfc,numbered,إِن,253,1.6345257597173557
nfc,numbered,مِنْ,253,20.251614690060265
nfc,numbered,قَالُوا,250,129.50950131296943
nfc,numbered,عَلَى,242,1.696110545077278
nfc,numbered,فِيهَا,241,16.186852698564863
nfc,numbered,وَاللَّهُ,239,176.43493617826323
nfc,numbered,لَهُ,238,0.9508836251981067
nfc,numbered,كَانُوا,229,209.3656729942112
nfc,numbered,مَن,226,8.046018713089346
nfc,numbered,الْأَرْضِ,219,22.04732712204035
nfc,numbered,قُلْ,218,174.4126205000623
nfc,numbered,لَهُمْ,217,0.929345733886226
nfc,numbered,إِذَا,195,33.01474855905745
nfc,numbered,هَـٰذَا,190,2.9713540660882076
nfc,numbered,كَفَرُوا,189,43.941038911270184
nfc,numbered,وَمَن,188,12.319639364659833
nfc,numbered,مَّا,182,0.48775202811489266
nfc,numbered,شَيْءٍ,179,90.62506213454509
nfc,numbered,السَّمَاوَاتِ,175,51.166516716716714
nfc,numbered,وَهُوَ,171,19.490861993293912
nfc,numbered,لَكُمْ,166,4.114464784502857
nfc,numbered,وَالَّذِينَ,163,119.82816773847794
nfc,numbered,إِنَّا,156,24.26757400053775
nfc,numbered,فَلَا,156,7.353084048359292
nfc,numbered,إِذْ,153,87.12811887391139
nfc,numbered,كُنتُمْ,152,151.16130434826243
nfc,numbered,أَيُّهَا,150,226.63571646705475
nfc,numbered,مِّنْ,149,3.6825205674527446
nfc,numbered,وَإِن,149,28.303602327253127
nfc,numbered,لَّا,148,7.460833665814113
nfc,numbered,إِنَّهُ,147,28.960095820177163
plain,numbered,من,2763,80.47271947461515
plain,numbered,الله,2153,34.52899670219838
plain,numbered,في,1185,43.05942863844601
plain,numbered,ما,1013,26.919255512946318
plain,numbered,إن,966,31.889452941662235
plain,numbered,لا,812,17.04231659801448
plain,numbered,الذين,810,474.35754124835097
plain,numbered,على,670,6.895579927998741
plain,numbered,إلا,664,9.459275274199033
plain,numbered,ولا,658,5.820522972105548
plain,numbered,وما,646,7.816616210654807
plain,numbered,أن,638,80.32940854219277
plain,numbered,قال,416,280.14222841121165
plain,numbered,إلى,405,19.80535410937545
plain,numbered,لهم,373,3.0105345918780104
plain,numbered,يا,350,362.283355332771
plain,numbered,ومن,342,43.20363178633048
plain,numbered,ثم,340,37.130331952275974
plain,numbered,لكم,337,17.26908463248609
plain,numbered,به,327,28.805105396095637
plain,numbered,كان,323,8.972366660673423
plain,numbered,بما,296,62.794733951582245
plain,numbered,قل,294,219.64090803441968
plain,numbered,الأرض,287,29.920027166118096
plain,numbered,أو,280,40.22711178304837
plain,numbered,ذلك,280,21.805400456538585
plain,numbered,له,275,1.5232277525228426
plain,numbered,الذي,268,96.12382800693268
plain,numbered,هو,265,1.5017855586570787
plain,numbered,آمنوا,263,146.46456459344705
plain,numbered,هم,261,168.60109716389564
plain,numbered,وإن,254,34.79252721585962
plain,numbered,قالوا,250,129.50950131296943
plain,numbered,كل,245,11.997592382267767
plain,numbered,فيها,241,16.186852698564863
plain,numbered,والله,240,174.63269890180078
plain,numbered,كانوا,229,209.3656729942112
plain,numbered,عن,223,8.504858969386785
plain,numbered,إذا,221,18.104743711708917
plain,numbered,ربك,220,8.86717952478171
plain,numbered,يوم,217,1.0084821676211615
plain,numbered,عليهم,214,4.338192803062663
plain,numbered,شيء,190,85.55469016862997
plain,numbered,هذا,190,2.9713540660882076
plain,numbered,كفروا,189,43.941038911270184
plain,numbered,كنتم,188,179.53674909742904
plain,numbered,السماوات,182,53.02719057483854
plain,numbered,الناس,182,1.4028847175746457
plain,numbered,لم,178,21.14670968290752
plain,numbered,وهو,171,19.490861993293912
plain,numbered,فإن,168,2.5580692728943792
plain,numbered,إذ,165,91.99283728761586
plain,numbered,عليكم,164,7.577619795955533
plain,numbered,والذين,164,117.35593286493898
plain,numbered,الكتاب,163,34.24244836876897
plain,numbered,والأرض,157,32.329703516001885
plain,numbered,إنا,156,24.26757400053775
plain,numbered,فلا,156,7.353084048359292
plain,numbered,منهم,153,4.342276378214471
plain,numbered,أيها,150,226.63571646705475
